person_id,earnings,training,offer,age,baseline_earnings
1,43569.51155946294,0,1,47,23111.303651451377
2,52912.024708148376,0,0,35,29219.36490401188
3,46175.0633424965,1,1,35,27511.207057243362
4,41578.076640910775,0,1,27,28102.120145483314
5,32427.280078830896,0,1,31,30252.279475817588
6,37224.15923937393,1,1,29,30859.8807111036
7,45530.0856258291,1,0,38,25486.841285800918
8,43425.69764602546,1,1,33,27617.984198384373
9,48374.395723018315,1,1,29,27653.004429853987
10,41662.06580094497,1,1,22,24833.101546868987
11,47981.70891769076,0,1,31,35718.99569813878
12,51055.02583749286,1,0,24,29251.377341872245
13,47747.7570771271,1,1,36,30054.685586551386
14,59022.02404238278,1,1,44,41364.08422663128
15,32277.103248030115,1,0,46,19252.299046432396
16,56444.25279711053,1,1,52,29803.130639086623
17,44966.65614639864,1,1,28,26550.748840337885
18,38794.99716049875,0,1,51,24113.686861552087
19,43775.19382361941,1,1,36,24979.53406452769
20,26543.2623708027,0,1,42,16491.946762056523
21,42484.807194902445,0,0,42,26401.36385602499
22,41963.133124085034,1,0,32,29223.683959238017
23,52119.045138768975,1,1,30,27031.28003469171
24,35524.181478226245,1,1,24,26919.361951283252
25,47903.62525286687,1,0,30,31697.989482231013
26,43786.49018736912,0,0,47,31514.2978174113
27,38355.594858212804,1,0,47,24140.830750437344
28,40409.944240345394,0,0,55,23651.936394521854
29,46459.74547999036,1,1,34,24519.171473459694
30,46957.7273024033,1,0,24,26524.421312345476
31,36389.355523911596,0,0,25,27941.6075835571
32,24363.1441511367,0,1,28,25557.539862298385
33,42029.604556354156,1,0,29,35692.25536733188
34,41883.864728669796,1,1,36,27721.794171253317
35,41102.020533242205,0,0,46,20135.12475687103
36,53419.902129269474,1,1,50,26389.8703714928
37,36271.77600502274,1,0,43,26005.267521163812
38,54214.821304897654,1,0,26,29854.236581751014
39,43681.15708154923,0,1,39,18847.383404243126
40,19701.33227338329,0,1,32,26629.78750114414
41,53603.26818505408,1,1,50,33635.06947568233
42,40042.116432490235,1,1,54,29711.076087483576
43,56482.5247585871,1,0,23,30830.041675350654
44,50632.17028273738,1,0,44,32059.948640257415
45,48461.1186833962,1,0,28,25581.68614741405
46,51503.04325616792,1,1,50,34297.0265219329
47,53154.58589409881,1,0,30,27362.527040328576
48,38186.58211500325,1,1,53,34614.38962314025
49,57107.50118948302,1,1,44,30185.302931310856
50,65208.84105711571,1,1,50,40096.70928009706
51,58953.72698738904,1,1,37,34361.24182271972
52,44285.51556050396,1,0,29,28693.474285989774
53,37336.506965265,0,0,50,25613.160483538406
54,54391.971847062436,1,1,35,32574.243086428345
55,34517.52030697178,0,1,26,29325.118857904683
56,41130.11688558072,1,1,22,28317.180068043304
57,32355.121114080663,1,0,50,27395.949613837955
58,32807.269921350395,0,0,54,23385.0624841528
59,35715.22061712116,1,0,38,20956.840196017616
60,50896.49042804145,1,0,27,27782.847139869235
61,28297.863319233555,0,1,23,15125.632996739183
62,41602.53858296975,1,1,32,30336.098900713645
63,53587.74252817615,1,1,54,31211.10370288814
64,37408.82466759386,0,0,23,29876.21754826505
65,52431.70341598231,1,1,55,24469.382298546996
66,41772.7188518522,1,1,25,33663.51445674002
67,34457.69626370801,0,0,27,17271.65553804339
68,43301.29147357173,0,0,43,29250.76107670965
69,58706.39005661761,1,0,52,24226.22984672771
70,49519.0952821861,1,1,53,30739.3661413112
71,25982.36237768478,0,0,27,19911.887500319273
72,61806.95423022606,1,0,27,39065.28395382153
73,27448.9428449844,0,0,36,23415.842040920026
74,59623.39950209622,1,0,31,35587.935846684086
75,37142.502824486044,0,0,22,19852.119865043886
76,51033.804676751795,1,0,33,34823.29365277125
77,50943.47864955833,1,1,51,34764.53931060334
78,60555.726810440545,1,1,39,36834.28083912899
79,32582.51842775075,0,0,28,22532.675401922213
80,29529.12931302343,0,0,23,25692.149279913352
81,50312.590110106525,0,0,44,33858.97861247929
82,63861.75737262989,1,1,54,34382.432045796006
83,65198.538530503596,1,1,32,35166.748265182716
84,64422.05169416039,1,1,38,35106.31815936326
85,37240.88682450467,0,1,25,22477.907692890698
86,38828.05096765148,0,1,25,27520.258279502174
87,58736.042707761946,1,1,37,33186.31268033866
88,29285.271726650724,0,1,43,23990.11776935566
89,42111.331078866475,1,0,40,24833.16075431794
90,58629.415675866265,1,0,54,34391.37481326875
91,53401.890588811235,1,0,38,39250.01909499518
92,39987.41110747181,1,1,45,25024.922646705527
93,53059.21083364059,1,1,37,32547.574480726413
94,43167.73538303438,0,0,37,29564.16137481296
95,42293.14952493849,0,0,52,27462.4281621023
96,50924.5353168843,1,1,43,28499.575051935975
97,64322.48979701568,1,1,35,34735.0041759594
98,34754.80068152781,0,1,30,28554.929303119323
99,41582.996049833375,1,1,42,29698.93191727765
100,31085.519775422683,0,0,36,21597.600273731594
101,39964.08968098619,0,0,32,29189.836202841634
102,43700.01237103626,1,0,55,26864.22387326924
103,43299.44269158253,1,0,26,26254.99198376862
104,46868.91824146252,1,0,26,34580.32395935694
105,57758.18610658943,1,1,33,34723.28475883502
106,42445.111682044924,1,1,47,26108.59055899537
107,58470.297693442364,1,0,42,33396.224136753015
108,31050.17786464409,0,1,29,27906.20949232491
109,53609.58062354266,1,0,27,33566.13427011374
110,52489.935058961666,1,0,48,36176.69874995294
111,31546.483068312707,0,1,42,29122.446021515225
112,39028.17418338716,0,0,44,16975.95894445031
113,52449.3075843331,1,1,55,33341.522359396025
114,41318.9576963163,0,1,54,31593.833312008162
115,37175.09341132662,0,0,24,31770.529644146027
116,54963.18674425116,1,1,29,34515.2369277936
117,48586.8625739037,1,1,54,26525.455551057265
118,46598.4946848599,1,0,49,29790.49808843981
119,51089.458794091195,1,1,28,21860.167678055295
120,41625.952799132894,1,1,30,30879.9488329512
121,59697.19565071039,1,1,50,33135.34898658505
122,45235.47999471263,0,1,48,23732.963279459083
123,48183.438858637615,1,1,46,28731.126092050967
124,50870.03793078742,0,0,53,25837.348910006323
125,45522.79156591019,1,0,27,37470.29152820743
126,26055.558839205405,1,0,50,24324.187817308783
127,49081.07396277421,1,1,51,26404.628013737176
128,44649.248563432295,1,0,39,31466.47503223562
129,46220.84970676551,0,0,43,33293.76591715779
130,63303.03095835926,1,1,50,34570.26587813564
131,46050.9650043001,1,0,53,36019.31336913768
132,43345.30181428889,1,1,24,23555.451189358093
133,46159.988765270726,1,1,28,33225.34821333928
134,44677.400410123424,1,0,38,29747.468874318318
135,70469.85231100934,1,0,37,43526.7152879605
136,35790.51374777048,0,1,43,26218.58444711651
137,42027.844910964675,1,1,47,23147.027695180637
138,38147.391460067134,1,1,47,20124.16051153827
139,50255.844274170915,0,0,35,33268.30171460304
140,38493.814280215054,0,0,31,34350.7148515009
141,50733.51727831557,0,0,30,25558.79569959654
142,56081.751567325526,1,1,29,38871.77969086634
143,50233.0128967045,1,1,28,30590.13495055414
144,45671.45266602706,1,1,46,33050.471671529645
145,50540.37671666042,1,0,38,30882.072688988643
146,48629.50044706099,1,1,25,27013.95731078236
147,44071.46148004576,0,0,36,32295.124818474425
148,30287.673235785427,0,0,51,26491.670085090886
149,46926.99214059089,0,0,31,22475.395431341312
150,42187.848903289836,0,1,41,25818.604543033885
151,45113.39121722746,1,1,50,20874.935749290096
152,52953.366534460285,0,0,39,38720.37874472248
153,48709.436209659834,1,0,26,31891.269036707832
154,59103.1960320629,1,1,55,31927.17095325519
155,34334.350533538054,1,1,29,21723.14882917764
156,30249.85054253321,0,1,53,18666.603858269336
157,47522.27574895424,0,0,24,30102.285096707034
158,43308.6725524573,0,1,44,24358.408147400944
159,47955.88422882093,1,1,53,27263.04747725554
160,29023.427571482964,0,1,36,23379.45601462828
161,39865.09128843105,1,1,25,19975.582741195456
162,37177.040745367114,0,0,44,27957.47898062854
163,42608.09359151266,0,1,32,25638.913880304302
164,40361.624775478216,1,1,37,26423.61604668136
165,62677.30156351179,1,0,22,39676.23333128953
166,24464.17112619027,0,0,37,18670.59636251986
167,54197.85391413747,1,1,50,29692.03268455021
168,41718.89274903037,1,1,31,29552.29582961184
169,45733.191834078585,0,0,46,29109.100652604993
170,58687.54414177061,1,1,46,30434.399977715973
171,32935.67346213057,0,0,34,20489.191644994007
172,68302.77893379651,1,1,45,32751.821397859603
173,47919.13729963383,1,1,48,27062.40001170021
174,39040.374813185044,0,1,41,28486.674549625368
175,55711.99894054556,1,1,38,27724.50247588888
176,33996.84875973261,1,1,43,25542.35114356863
177,53057.164496943,1,0,43,30531.474690551775
178,38110.4104725006,0,1,47,27597.109693636983
179,39143.63281140389,0,1,55,32487.33923945354
180,46485.17947069293,0,0,41,33310.91401418616
181,57640.2967039135,1,0,31,34053.573167169874
182,40956.12889110312,0,1,51,27883.352874214645
183,49183.043572680224,1,1,54,29363.395112404367
184,54517.81583842217,1,1,45,33834.19706360889
185,47305.93424461341,1,1,42,24116.921051229005
186,49827.133876017324,1,1,43,35193.247599353075
187,41619.466322957865,0,1,29,25748.798260702566
188,36041.93150338143,0,0,38,21230.230514768064
189,35878.01034939055,0,0,22,26721.55070406681
190,43691.90702731848,0,1,43,27735.585778018252
191,35037.89017222009,0,0,43,22847.282840344324
192,42834.71032324571,1,0,52,23436.37779798541
193,38173.80668347519,1,1,49,15818.943414366673
194,46626.777043531605,0,0,50,25974.960683598503
195,47421.79053269555,1,1,46,36638.01257365078
196,57395.63809180015,1,1,28,30924.156773236922
197,50435.82162804536,1,0,36,39611.310441398186
198,36847.95765037864,0,1,42,27848.30349414445
199,44151.71396092041,1,0,44,28247.250418626874
200,46885.803838045584,1,0,22,27711.624988975986
201,44116.52861493599,0,0,54,23411.870239154967
202,61513.30979414,1,1,46,33720.327232967706
203,54402.15229503962,1,1,32,32324.77435660489
204,65423.53211964863,1,0,52,36848.139335295054
205,66063.01764804579,1,0,31,31029.285590697502
206,45005.6997891616,1,1,27,31928.954124480515
207,44299.59215740199,1,1,54,23751.648811632265
208,35252.33648617656,0,0,32,19846.933437151056
209,46160.300958905864,1,1,25,28470.822249235363
210,40542.55208498703,1,1,41,24540.67368843108
211,23505.51893175922,0,1,47,20446.171228897812
212,57739.25526847008,1,1,38,37309.41263912857
213,25415.238306887324,0,0,28,18707.737178193795
214,42011.01506073417,0,0,29,19368.098878962828
215,40765.99480999921,1,1,39,23032.554908999915
216,34938.13575680522,0,0,39,12195.730879914365
217,37267.97599029583,0,1,22,33931.120427299575
218,50081.873932552706,1,0,38,25075.645284793645
219,39906.082001115734,0,0,35,30354.02039670559
220,49525.61420180043,1,1,43,32004.21107849088
221,41428.7379669359,0,0,52,28791.05122814782
222,47051.691881090206,1,0,48,32101.438590808037
223,27598.936213758236,1,0,27,19314.446264168626
224,44665.085164373486,1,1,43,25262.521851024972
225,43730.262381568355,0,0,31,31203.13139676994
226,34697.19477254893,1,1,51,21164.99817987135
227,42740.72448655611,1,1,36,18975.158664720664
228,41702.73037932794,0,1,42,31612.74378204171
229,31473.57021108194,0,1,39,32986.40489490738
230,32375.698768299753,0,0,25,31701.54401564114
231,45230.27984294461,0,0,36,30412.260011699276
232,44778.16039428889,0,1,49,26198.89743445104
233,50566.84072519156,1,0,34,31238.557398740177
234,41346.233314298464,0,0,30,26349.892223725816
235,49834.906939000015,0,0,49,32611.055981455593
236,50332.90396670832,1,0,36,30677.00310721092
237,43767.23848623368,0,0,33,31879.946752530952
238,41135.978112165365,1,0,43,26422.002678409834
239,42211.040509329294,1,1,49,31096.910802897874
240,39813.760017891334,0,0,34,31094.97335880719
241,47137.942772385184,0,0,46,34311.99492123375
242,52744.16873308325,0,0,54,24331.01192282269
243,52216.89189276419,0,0,24,25974.602137941118
244,48186.04992262849,1,1,26,30975.403360221946
245,48655.70443094864,1,1,44,32296.02548135134
246,57797.20573207263,1,0,36,30542.4652307918
247,46154.52481302104,1,0,28,26247.569620452578
248,50086.53502388311,1,0,36,29003.170236996833
249,44624.69686473529,1,0,53,33797.39676484752
250,34783.41083741592,0,0,38,21239.18584215333
251,52485.17017065844,0,1,53,28516.744086402745
252,54763.93988558281,1,1,54,34282.24144676973
253,53922.3598779238,1,1,55,28876.904110016418
254,48787.628034418856,1,0,35,29088.096496513048
255,50587.35628119575,1,0,55,28327.9912130715
256,35231.1685401712,0,1,51,20811.86468156963
257,51584.2583085528,1,1,44,34910.75549573598
258,57795.14939135777,1,0,31,31287.31245162632
259,50395.12980639401,1,1,32,37403.63292403353
260,41987.848250401476,0,1,29,15509.432312025769
261,37729.692133971774,1,1,37,24192.80188881459
262,60468.20632379842,1,0,23,40684.15288387955
263,43080.45164624178,1,1,32,29640.017344883898
264,36057.024425319345,0,0,49,23055.92431411257
265,56793.15219671214,1,0,51,33755.26310399768
266,34116.78872199695,0,1,50,16327.144886981523
267,37452.48048437908,1,1,22,20993.513111472108
268,55250.6083063049,0,0,33,29006.812748561337
269,62345.012455980504,1,1,32,34282.061728081884
270,53031.66895804501,1,1,36,27355.822792704446
271,43866.32940229328,0,1,41,23670.242356517003
272,40466.40503618513,1,0,23,24406.210959642925
273,46444.74103609779,1,0,33,26917.9406403653
274,45371.195905105684,0,1,46,24785.605109629
275,46800.126645122815,1,1,25,24920.43050505437
276,51227.903892071154,1,0,35,28142.506023768656
277,52378.018737216116,1,1,43,26341.983957799326
278,39707.27215761906,1,1,34,25042.387342787868
279,54217.64503917616,1,1,39,33782.67725457758
280,52486.72243509858,1,1,32,33394.917328566604
281,52919.704741442496,1,1,46,31585.515579481536
282,46901.486223912834,1,0,26,33003.623884140885
283,43922.85288211718,1,1,44,28036.770729230888
284,46420.49714193415,1,0,23,31082.780637566822
285,51965.41279709793,1,1,39,30088.99090761139
286,54478.225484842,0,0,46,34628.95775160205
287,52026.7565314579,1,1,27,28441.340537443513
288,26414.054169206593,0,1,35,20971.09324269359
289,50060.15617697523,1,1,35,27361.516071014918
290,51496.767603686414,1,0,49,29863.95539281106
291,47232.30819537045,0,0,47,27258.340162820856
292,48271.39928262865,1,1,44,29646.806034527217
293,31227.991598160224,1,1,29,16606.269138357555
294,41981.065873411106,1,1,55,27658.940548162278
295,46274.98118437224,0,0,43,29891.97573338
296,28583.134997681318,0,0,24,20178.681046301717
297,45065.405240841705,1,0,37,32396.185015434723
298,53076.40277540213,1,1,37,31551.306698695415
299,50804.15216245805,1,0,34,27683.965612502547
300,50545.123329633665,1,1,35,31881.247371264177
301,36346.12129547671,1,1,50,26125.97462197682
302,51006.53615927152,1,0,33,30727.023453928123
303,39750.84125537648,0,0,37,19709.213771582516
304,35085.56973886199,0,0,47,22747.202033408845
305,53932.88096796847,1,1,24,29359.66339276031
306,61681.686805643694,1,1,47,36731.077298307304
307,30100.80729786508,0,0,51,18199.923959016956
308,38876.85836904127,0,0,45,26469.24127184332
309,37820.97360709923,0,0,53,27196.685202868728
310,34875.42305560733,1,1,55,20057.64222267947
311,54717.89556474661,1,0,37,31892.91198821292
312,39506.76777633792,1,1,34,26210.0946562997
313,35973.17970843839,0,1,39,27884.586458585218
314,49389.91046265698,1,1,41,30932.579657431575
315,45041.619547816015,1,0,25,27328.91634057155
316,48520.6464713617,1,1,26,26256.758565320502
317,27306.0531179478,0,0,42,20499.88654129253
318,44757.96895859166,1,0,26,33801.63276381524
319,47462.98339327328,1,1,48,27701.941400450338
320,19431.562038370474,0,1,40,19480.254604089063
321,51106.84731391554,0,1,46,27905.44134948295
322,20680.129679740436,0,1,43,21023.04552202699
323,51237.943931401176,1,1,34,23396.464632774267
324,39913.168418508285,1,1,40,23540.688022877104
325,39920.15189225681,1,1,38,22800.99858634515
326,50592.141182475876,1,0,22,44885.616827865066
327,30101.129451243614,0,1,53,21939.709449810667
328,47317.50882498931,1,1,28,24663.516925926982
329,48621.23775976425,1,1,40,21428.002674247364
330,60884.791076305686,1,1,47,30095.899058124956
331,51440.03004585483,0,1,22,34644.06063628679
332,58509.303932991235,1,1,30,35732.268989674776
333,37557.40909625442,0,0,36,20843.208260682186
334,32645.89758910016,0,0,30,22991.54280456632
335,34956.02478721462,0,0,39,23859.294582367766
336,57543.943015875644,1,1,22,29419.767235846964
337,47315.12900032395,0,0,43,31332.0231717643
338,51244.71285937477,1,0,52,21439.309536712764
339,48911.85943025912,1,0,48,29939.919130371218
340,49461.7662090324,0,0,54,28544.596537350997
341,49009.26831381607,1,1,44,26115.57114989744
342,33378.972583559196,0,0,33,25551.312476095813
343,50489.06801590609,0,0,49,31481.199787482325
344,35019.95092160386,0,1,25,26526.650147812532
345,60860.34269008793,1,0,38,30743.513332623595
346,46913.198473736484,1,1,50,26322.39316576429
347,31459.375949541874,0,0,22,16804.956403623204
348,56392.58590276459,1,0,27,25249.45043599461
349,49234.87690678935,1,1,29,35168.43906600313
350,24642.760201737707,0,1,51,21461.679529351666
351,38399.97434999449,1,1,32,22820.447888693197
352,50288.26020875968,0,0,31,30250.635581447725
353,48744.35654285765,1,0,39,21433.543671436717
354,50510.8039356949,1,1,23,31098.3316193474
355,42390.70249244003,0,0,23,25478.802373926308
356,53041.67930161215,1,1,36,31385.14999065023
357,51335.74562203371,1,1,24,31109.77361701398
358,35628.4527150782,1,1,28,19321.368224023823
359,55431.274015989,1,1,49,41709.06672151093
360,47120.10122585398,1,1,25,31312.59202215544
361,45734.12421490523,0,1,42,30535.456098416536
362,48439.100954937705,1,1,32,33839.09683493156
363,52440.17869759368,1,0,44,25896.683842035236
364,58128.360212737505,1,1,45,36771.695778017616
365,49274.004767327875,0,0,55,28449.96265124838
366,51369.57150762184,1,1,42,32644.20570670878
367,44401.41837937966,0,0,27,34977.98981667742
368,23765.62606205455,0,1,43,14205.493491479721
369,61633.11901039177,1,0,45,31704.784771341692
370,54515.07997081349,1,0,43,37869.943875539655
371,47241.088955035055,1,0,27,34242.47024841271
372,42453.9404294081,0,1,53,28188.611645108547
373,39457.31516326212,0,0,32,27990.421798941858
374,49091.45653212675,1,1,50,32567.96179443459
375,51890.4702529718,1,1,40,30082.90906004548
376,37533.815053255086,0,0,55,29225.28284728959
377,35916.77432443412,0,1,37,26317.908887328285
378,42483.54970087255,0,0,30,30008.506681143896
379,34605.30587719081,0,1,33,27758.09386084858
380,46053.265711805674,1,0,27,26825.425433157572
381,49072.30146997266,0,0,39,25720.51067583478
382,66104.94483025896,1,1,41,36284.28340626849
383,46093.02982895924,0,0,48,31242.11417517206
384,25982.761436314762,0,0,53,17274.499752416777
385,40966.89118895601,0,1,41,26842.270554713967
386,49059.79990442888,1,1,28,34818.52901787871
387,30947.566811387773,1,0,33,15793.620962584226
388,44242.49092712644,0,0,39,22660.49511447106
389,46726.514542563,1,0,27,33915.793176724095
390,57177.05493453291,1,1,33,32744.434902499175
391,50690.00869897258,1,0,34,30578.569928449986
392,46157.61193584347,1,0,43,27581.089072160372
393,44294.240689881386,1,1,30,26202.05074456687
394,49890.40799010239,1,0,23,30330.927861579352
395,45962.11703779805,1,1,38,26639.007972304626
396,33802.810623868805,1,0,46,28442.727380274493
397,34143.93543795785,0,0,42,25309.839990699977
398,45167.32941275851,1,0,31,21489.79639338433
399,42901.31334484887,1,0,44,26093.859479360137
400,47857.46690624729,1,1,43,26037.231433069068
401,50944.54004860092,1,0,49,35296.863852023744
402,61762.767266226096,1,0,34,39381.48517725346
403,37282.91722133151,0,0,22,19673.77569456354
404,69376.77094855193,1,1,44,35515.37996750418
405,21909.289577128588,0,0,37,20210.607425285205
406,44915.57114709126,1,1,48,30740.652561054816
407,51321.1365434647,1,1,32,31570.92193945885
408,29744.71974615478,0,0,45,21580.164999074095
409,38317.47706315162,0,0,36,29391.899107850193
410,48431.10598107499,1,1,23,30430.796131134666
411,54755.62459083338,1,1,31,33176.21331098776
412,33543.8556405906,0,1,35,21368.66944706701
413,43845.853414038334,0,0,43,28323.69313864474
414,33255.79628484952,0,1,39,19566.15538396046
415,37084.64282272034,0,1,32,32910.64746866052
416,40575.41929969813,1,1,22,25117.67824063183
417,61566.27523600017,1,1,41,33888.87571907715
418,50096.65408914086,1,1,38,26460.28243374775
419,43273.52346935926,1,0,40,28525.130878589953
420,40702.27884659575,0,0,40,33477.10421872837
421,44528.29179707806,0,1,37,27342.753272668047
422,42687.604827903066,0,0,40,35527.76071968396
423,37240.2784596695,0,0,26,19889.814087320843
424,46445.92269130834,1,1,32,33640.15105492715
425,58562.31299315971,1,1,43,35174.93899530364
426,57858.67124799182,1,1,26,30785.427884272893
427,58399.10168766214,1,0,22,31598.160471765143
428,41565.34537820917,0,1,30,21747.529392416327
429,39831.86482530506,0,0,37,31124.65481666057
430,55629.354970401226,1,1,40,28379.00787569159
431,54530.076520581,1,1,49,36447.398881163965
432,31418.46017729251,0,0,32,24563.211784179846
433,42598.28990367957,0,0,25,20791.710938979908
434,49355.57826962392,1,1,53,27204.092794810287
435,55212.63029096431,1,1,46,32897.63505892489
436,32739.947683545535,1,0,31,27058.768936926666
437,35894.38764107149,1,1,50,19252.810381638214
438,37882.0723019547,0,0,27,24372.499064338783
439,46255.057362906766,0,0,54,33776.16711921936
440,50434.29991740086,0,1,37,36175.6477059479
441,64517.84858142436,1,1,53,31004.694461698804
442,58005.16579989499,1,1,30,32162.964439152573
443,43001.3342405668,1,0,27,28103.180845636576
444,39012.49620540925,0,1,28,28759.064077575422
445,56781.907371719826,1,0,22,36533.51980904251
446,44974.891875176436,1,1,40,29084.628541495025
447,53888.48415231581,0,0,54,33037.49705447325
448,52759.54971391715,0,0,30,28305.075362295713
449,36683.29539306754,1,0,40,19812.8060445896
450,62802.54004693798,1,0,47,40280.65103050984
451,48034.422310001115,0,0,43,28672.06929953139
452,48027.902142678075,1,1,29,23538.429478193142
453,48212.88418851104,1,0,54,28868.366635141367
454,37295.493452990064,0,0,42,27266.412859560143
455,31225.883519036153,0,1,50,19206.056919777802
456,56065.27137702629,1,1,30,27300.34041679233
457,38805.11341937332,0,1,43,23658.910426188726
458,47775.268115382554,1,1,55,26533.896316684804
459,55692.45508628093,1,1,36,38726.435871262394
460,55320.25766888507,1,0,55,33252.16180507703
461,35021.29535640662,0,1,46,19199.84692301054
462,54316.42210029493,1,0,36,34402.11745815896
463,30310.816700437896,1,1,43,20939.520777187707
464,53338.76650806076,1,0,40,27979.480429632826
465,32121.4932673593,0,1,22,29093.078402416322
466,48299.92151840904,1,0,43,31503.062613372418
467,30361.448636574634,0,0,24,20231.872222778788
468,33628.480644562216,0,0,38,26775.682257480858
469,47843.46185671589,1,1,47,27529.179538914446
470,44710.84188410562,0,0,22,31509.54232367493
471,36183.217774323544,0,0,30,25663.218106565422
472,36652.890668531116,0,0,40,32091.620434006243
473,53155.70086638923,1,1,52,39075.88809751347
474,55468.200515128585,1,1,30,37108.768064081705
475,50207.736381891875,1,0,50,25832.73852727507
476,60310.31027314031,1,1,51,39766.595788214974
477,59037.876129606564,1,0,22,31048.291752857815
478,44627.81889776619,1,1,24,26588.607758282786
479,49272.00702861732,0,0,40,29039.67148600747
480,35341.32280143864,0,0,43,24957.12723182697
481,35054.96092545043,0,0,24,21905.68454025101
482,47678.24624473201,0,0,52,34083.19108229009
483,48544.120952844285,1,1,34,27321.899129376172
484,42168.695138893636,1,0,25,30975.458135561355
485,52814.856734714675,0,0,39,35228.679898562565
486,32848.69229810689,1,1,44,20076.747771444378
487,45570.10708838775,1,1,49,32690.867383148558
488,31570.658876520698,0,0,23,23159.575562392478
489,46712.60971153938,1,0,41,34410.332508095824
490,33948.50163614743,0,0,25,25376.484114124924
491,30291.34023610932,0,1,39,15464.386257810189
492,42605.16085220509,0,0,42,30515.741174208
493,49365.97702517271,0,0,47,36858.6482940075
494,35180.49028347467,0,0,22,24864.81475013366
495,52873.76316300919,1,0,55,28745.575604131092
496,57289.15266517422,1,0,41,30359.5943060591
497,62710.18376432526,1,1,41,36743.18886580192
498,53528.870948026015,1,1,41,31922.201845875494
499,39074.184127907356,0,1,42,25209.173152300893
500,39299.502410864516,1,0,40,24561.642758845865
501,43792.76039672593,1,1,22,25030.4157728547
502,49341.05374431019,0,0,50,33029.15060719165
503,41440.12441027937,0,0,32,34999.52909341325
504,53220.23030492082,1,0,51,29512.284740903102
505,35864.84378873717,0,0,48,28210.216748165578
506,28196.0501720619,0,0,44,21493.59808258385
507,42040.25886016608,1,1,49,32384.831492790472
508,43097.58080256088,0,0,28,29479.314534011144
509,29566.088813621922,0,1,24,19722.975935512826
510,60343.10365769452,1,1,23,28785.172596731652
511,44507.43433595488,1,1,34,23666.356132109693
512,59014.14451733032,1,1,32,33833.886716281886
513,57395.480763136526,1,1,43,33363.317861688505
514,56105.563167547596,1,1,38,39970.489970979754
515,53827.86924983073,1,1,33,31245.078112242776
516,31871.31212489396,0,1,51,20893.929684188774
517,42211.38071500746,1,1,37,33710.30990778592
518,37023.380529648806,0,0,50,22724.594945242814
519,60709.22408162638,0,0,49,34742.140559868494
520,48579.049053860705,1,1,27,31348.24031467021
521,52110.35529304829,1,0,47,30496.19611019449
522,53259.98856480902,1,1,36,25682.10468717533
523,46471.8737630104,1,0,54,29582.75275078528
524,47405.32790861134,0,0,52,31439.116177169944
525,60085.30649620402,1,1,51,33885.352781226815
526,47259.15236607424,0,0,42,27715.594157944866
527,47279.140690084816,0,0,47,31820.81895033595
528,29390.008626131978,0,1,24,26310.19618915963
529,42738.943202901006,1,1,29,37843.19798821398
530,21624.955163617837,0,0,29,20127.402790009808
531,68231.2032784928,1,1,26,38405.006976357035
532,34925.83415000803,0,1,43,30112.065828682997
533,45259.65806353935,1,1,31,31706.351064180402
534,46916.6079723906,1,1,41,32782.4028749831
535,27517.290266262313,0,1,41,25118.12042352914
536,43341.56454659218,1,1,36,30441.565121481653
537,48477.40455316867,1,1,45,23358.549884105843
538,45122.23744921334,1,1,30,33322.84136332694
539,53409.789835058575,1,1,50,41334.67654208505
540,61983.83729343861,1,0,42,34008.77372210978
541,51666.63245539922,1,1,48,36124.70319332615
542,38246.890686522565,0,0,22,30856.522281172554
543,44929.04693481863,1,0,44,31566.17396980717
544,59101.176622814346,1,0,51,34676.98203398114
545,33309.98526394711,1,1,26,25537.062988375616
546,25197.32349050621,0,0,48,19898.4686603667
547,36616.83878647089,1,1,36,23976.788862050504
548,59435.44519808375,1,1,44,30017.2800233317
549,28535.970293179915,1,0,26,15544.54688027099
550,46019.348573726886,0,0,49,25408.770130858207
551,46614.26044535405,0,0,32,27766.598869390284
552,60431.16617815257,1,1,42,33151.79874741588
553,43590.748369768095,0,0,41,28100.389226977637
554,55931.64981182158,1,1,42,29483.810115168577
555,52679.96759130642,0,0,49,27205.10860427391
556,41890.39720661642,1,1,22,24802.442898306643
557,38773.548417490514,0,1,34,25463.083972209366
558,63497.313988286696,1,1,48,32236.474268738126
559,34685.89109084547,0,0,47,26644.838620068596
560,28535.021504206597,0,1,51,17768.78837691973
561,43450.60833065342,1,1,27,23788.122243459595
562,49333.39046163429,0,0,47,30887.15806943454
563,30387.53456262539,0,0,30,27718.861080645198
564,35388.327336187154,1,0,38,37636.88142272281
565,43680.343322463414,1,1,40,29424.2600495538
566,32308.94684607834,0,0,25,25000.770794408676
567,62756.92824922357,1,0,55,35336.53582152421
568,50612.19209834094,1,1,49,17229.73715682276
569,60400.51303117144,1,0,53,34374.10886088248
570,51044.47229666174,1,1,32,26644.00014792185
571,27121.63373594153,0,0,40,31006.511762693917
572,28385.946286184364,0,0,43,22087.756023727517
573,50700.19956170655,1,1,24,30460.504677025103
574,69658.24843491513,1,1,50,34299.78163249005
575,31274.564662657343,0,1,40,24284.20553577524
576,42396.49960018288,0,0,53,21587.642939479916
577,43441.36655094848,0,0,41,29533.592258276796
578,47085.670475868224,1,1,54,19988.082096729995
579,53513.075348972176,1,0,40,34585.98263610076
580,41030.64655963969,1,1,46,27870.44022066713
581,44066.32673079466,0,0,37,32451.316767126664
582,28700.473277578298,1,1,51,22808.221587847333
583,48298.42046669652,1,0,27,32215.358964117662
584,48983.767098848024,1,1,44,28778.089237333857
585,58940.28254107057,1,0,22,48069.98714829162
586,51113.83255022784,0,1,24,29415.451043560497
587,47945.03051070622,1,1,49,35019.15796723256
588,34262.99583561908,1,0,25,24907.533765027332
589,28527.996965577106,0,0,28,24085.894574299215
590,57893.40132329311,1,1,34,23559.54626197413
591,38431.97238700295,0,0,31,38783.25287042101
592,29561.622871959684,0,0,28,17871.10969786545
593,27400.57901450745,0,0,42,23469.857858482097
594,37159.97863973785,0,0,45,19614.914874171314
595,48079.28466666415,1,1,49,27072.18167802222
596,53965.37328813428,1,0,37,37664.65282468919
597,57332.95905782677,1,1,37,38190.91773931673
598,50747.88956226564,1,1,24,31561.20388363806
599,43061.99753377896,0,0,40,28542.611009783745
600,43454.64159082877,0,0,29,19966.1322429625
601,42330.699740316675,1,1,23,24121.298847959417
602,56562.29088169408,1,1,28,39292.85058485415
603,46844.76156932529,1,1,37,30176.183409733363
604,53159.145739795196,1,1,25,27673.240371064585
605,59246.31414238249,1,0,54,32860.549660631375
606,40003.90536213078,0,0,31,29070.578936538364
607,66089.18386844147,1,1,39,30919.27782788054
608,49763.20892573485,0,0,25,31398.643003296496
609,39006.58406006685,1,1,47,38802.79240675725
610,28352.200568970093,0,0,31,27032.804518466477
611,45253.77464214116,0,0,52,20021.554115345687
612,29021.898655284964,0,0,32,27562.617706551126
613,39951.8908683303,1,1,34,25359.406898527253
614,28905.203755080194,0,0,39,22935.384328839144
615,59857.29236486063,1,1,35,29421.287635053675
616,38607.329359270916,0,0,29,29731.623621098828
617,29047.596592286274,0,1,51,22441.71102756362
618,54502.23595769491,1,1,47,36550.291208911454
619,19070.07242148112,0,0,34,15152.511165733187
620,44228.31060093603,0,0,42,27654.712360144356
621,53870.340289269545,1,1,32,35348.406754775955
622,66533.86227864116,1,0,36,41713.64824950337
623,48283.168592954265,1,0,36,36329.31299672013
624,54382.821853642556,1,1,53,36050.67465054987
625,42391.32574326543,1,1,47,24231.97964318326
626,16724.29479606464,0,0,27,26241.579994165426
627,50227.71103962723,1,0,44,31853.848932717545
628,41838.43229738772,0,0,49,31406.87265860869
629,39917.00156907204,0,0,44,31243.91502827922
630,59834.43578146736,1,1,28,30874.93291207447
631,56502.82798462087,1,0,41,37339.8849988998
632,55259.33231766326,1,1,25,34344.3968763249
633,34989.851055250634,0,0,40,22638.243714972723
634,51395.471941297496,1,1,46,30790.774365272748
635,36166.74187277752,0,1,53,28972.61584130335
636,30851.86905800205,0,1,51,17930.52447458335
637,39289.917507508675,0,0,51,31104.86272014486
638,48074.29849583996,1,1,55,32811.84680637877
639,49952.58747499709,1,1,31,33248.28015364424
640,50027.09782343102,0,1,29,16910.10915509545
641,50645.485410726615,1,1,28,31313.86587354957
642,41507.67498615922,0,0,51,23218.125660285295
643,47238.83776449767,1,0,46,31278.20356340023
644,35921.54920479515,0,0,38,22396.612143916213
645,53382.22253523356,1,1,27,29717.69967601655
646,48492.13116683727,1,1,34,32856.33759822076
647,34592.03312599077,0,1,48,22605.281349358807
648,44870.94932920141,0,0,24,28326.85530891303
649,45216.59393416058,1,0,22,23982.263504785555
650,43236.352860076506,0,0,40,27813.68772199471
651,26571.326426241332,0,0,31,16282.844912381806
652,38677.94156229223,0,0,48,31317.398287322412
653,52998.77586070258,1,1,39,29546.52388861086
654,35750.73450089681,1,1,28,24621.33952425467
655,34230.90920595766,0,1,38,21358.344827199253
656,39424.290331230775,0,0,54,28913.077557813325
657,24074.08691265642,0,0,31,16140.69921000717
658,49887.261965414764,0,0,44,30990.527384320514
659,39869.733804749456,0,0,29,27089.35069818944
660,23257.419919112748,0,1,24,10260.434755381186
661,39083.9064689467,0,0,42,30497.00456410765
662,37084.750668875466,0,1,26,25350.1577937988
663,56545.28436892719,1,1,24,33371.315408464645
664,40245.489371397045,0,1,47,23531.307431606652
665,55463.33705487608,1,0,44,28183.48640821124
666,35859.8368596732,0,0,52,27673.67042122111
667,49506.31382392488,0,0,55,28577.330669011128
668,30925.19014511055,0,0,38,28792.700293447753
669,42251.56077329948,0,1,33,27737.588504785206
670,51536.80725172104,1,1,48,32799.320304028326
671,35266.53532405429,0,1,50,29215.404211098165
672,39243.03490146146,0,0,35,31760.245716198082
673,37652.10943426892,0,0,41,22850.903146948953
674,44999.76638421482,1,0,29,33523.38263837207
675,52486.46586785208,1,1,39,36570.3088976122
676,19824.038665672557,0,1,53,17058.166845004347
677,31717.28900669542,0,1,30,27804.4100466334
678,40782.26729287941,1,1,23,25443.923208499833
679,55113.65340717467,1,1,38,38469.98752674262
680,45199.77770031541,1,1,48,25553.98605895586
681,41325.39850659178,0,0,43,28610.517927798694
682,35202.44121971262,0,1,38,30037.57727988269
683,30762.258302153277,0,0,55,21677.584589894013
684,44445.48690995621,1,1,32,26824.740158789406
685,52249.3643162631,1,1,46,31170.935076824433
686,35707.17039517653,0,0,49,26425.84475606756
687,20036.318129648324,0,0,48,13876.3351374013
688,50712.25785322574,1,1,37,29900.777299791745
689,63326.33225480497,1,1,41,29404.656809678156
690,39016.01748947481,1,1,53,20794.84816390531
691,60837.97457838229,1,1,33,34166.44985389104
692,65030.82819799488,1,0,46,38003.40537593448
693,40182.969492927565,1,1,34,23710.73852328659
694,32372.449218771624,1,1,30,21019.492989023063
695,37861.0973954977,0,0,46,26841.12407638335
696,44637.49606225258,0,1,37,27670.40751193838
697,46929.58843082535,1,1,22,33571.54700821203
698,47023.55357831712,0,0,44,38594.9476181744
699,40501.54733965734,0,0,48,26107.842131193083
700,34982.513568002585,0,1,46,24026.71658130732
701,52314.5343811811,1,0,54,26955.379943008993
702,42674.49334404311,1,0,40,28074.558031596316
703,56619.55956366806,1,1,33,25993.58436878883
704,51331.99296265233,1,1,47,27093.442227618747
705,59923.92978920402,1,0,27,39604.185268605455
706,52546.16989363272,1,0,29,34677.09985731526
707,53157.049233231824,1,1,34,30286.20300857132
708,46540.9784435221,1,0,52,19688.157807522464
709,55632.15642670317,1,0,40,32057.93328081059
710,39960.80234231724,0,0,39,25123.766070411155
711,49537.45315810997,1,0,52,30647.85993291698
712,52434.390692044755,1,0,48,31102.09063181156
713,34271.70961662472,1,1,27,22875.900672320382
714,38472.430449263804,0,0,27,31294.614011817615
715,33140.01465646046,0,0,38,18408.650353407982
716,38941.76767372773,0,1,44,24656.426583089808
717,35043.47457298353,0,0,33,25712.9118993999
718,46620.01001045563,1,0,31,27138.054266392388
719,41001.40712956709,0,0,52,19239.1260692179
720,61802.60687171509,1,1,23,35106.37840514121
721,34662.8650089146,0,0,37,19813.834597103487
722,41728.327418818415,1,1,44,31819.907316651545
723,40693.66778459512,1,1,36,27062.66437522327
724,54345.30713949162,1,1,42,25801.413300883876
725,22499.81284272496,0,0,54,18432.451596475006
726,43386.291994834835,0,0,28,31363.666097139107
727,56744.64818845231,1,0,25,32893.16242486924
728,53799.33879681123,0,0,33,38043.16330087805
729,50316.26802139226,0,0,36,25088.831250945823
730,47925.110697869255,1,1,24,32676.22998925099
731,52599.99723295026,0,1,34,26577.082813577803
732,42100.377384882515,0,0,47,33462.84774839332
733,44172.750249905795,0,0,40,26835.17972671991
734,57012.66943098041,1,1,41,29983.86814768004
735,55840.70310053859,1,1,40,31449.636398372313
736,47549.70593132053,1,1,32,25660.26090238177
737,43907.452412999664,1,0,35,25694.963021948977
738,39767.41814344585,0,0,24,27023.93675665819
739,37283.94739024346,1,1,33,22828.454708523466
740,53658.06114435566,1,1,48,29381.939499700944
741,27793.11175411568,0,0,49,24984.88602505938
742,44503.84779315543,0,1,40,26673.449249097306
743,51212.42030765422,1,0,49,31100.994790963752
744,40976.39844538749,1,1,28,25619.23739410912
745,38728.10338560459,0,0,25,24333.631054638652
746,58026.26095345862,1,1,28,38216.01577240113
747,30627.415407357217,0,0,53,17452.483372446957
748,61218.753246828775,1,1,53,41961.530895773
749,45303.52653607312,1,0,47,33108.08660029239
750,51424.75440441274,1,1,33,32678.420250550873
751,36144.01055148219,0,0,22,30871.839843942005
752,50001.59814511562,0,0,53,25455.071194804295
753,50980.77913810432,1,1,28,29343.731383205362
754,33670.705617350235,1,1,54,19990.286858315758
755,43261.38666332547,0,0,51,21347.91439183749
756,45525.70623566769,0,1,40,20751.00171115802
757,28795.034655451956,0,0,31,22445.714074699354
758,32373.885703408843,0,1,48,27359.539369667687
759,53934.78421644542,1,1,30,26800.49527263978
760,48624.46253053261,1,0,47,29650.67498269781
761,44041.122858376155,1,1,28,26799.36773677338
762,50519.58542773956,1,0,34,30200.303232542657
763,26464.116853127787,0,0,29,29652.37088820849
764,40230.976943464964,1,0,30,33046.30540257784
765,58407.68205519349,1,0,25,34655.93403688281
766,39716.224584274736,0,0,47,20162.94106980299
767,44172.746614987474,0,1,50,31570.921839629907
768,62083.88196362415,1,0,36,29575.43295424819
769,43878.892611900126,0,1,28,32436.478748552538
770,43395.745235337585,1,0,35,31460.620589252834
771,48211.59050669165,0,0,52,31595.022591014906
772,50724.26298864248,1,1,39,31770.071851030287
773,49471.5676826135,1,0,28,27767.683594640042
774,43690.4572014907,1,1,53,37197.70819520517
775,37791.606943340754,0,1,52,24447.446151922763
776,57674.615348863736,1,1,32,34788.225666277256
777,59916.99281148851,1,1,28,35252.77593400093
778,33679.024507285925,0,0,32,13907.28100514241
779,41786.960806182724,0,0,46,21267.212473963707
780,32258.818001039588,0,0,25,26987.465990056295
781,58318.05836954221,1,1,53,30224.592856723233
782,32544.464449752926,0,1,52,27154.412135047027
783,46408.8436083887,0,0,47,34613.004298850865
784,27551.331539731003,0,0,41,25332.982548040964
785,44223.779562541255,1,0,33,25900.93693253107
786,19470.00162721085,0,1,38,19814.21186409388
787,52367.08682445554,1,0,40,33104.95407154326
788,40444.7288846894,0,0,31,28799.81694160491
789,45634.98892702115,1,0,27,30486.04110833262
790,49826.588316444395,1,1,27,28958.470602780242
791,43469.10288553863,1,1,36,35375.56182845716
792,47060.826455351424,0,0,50,26496.72788920794
793,42176.478267152524,1,0,22,29553.450842108534
794,56231.43694658255,1,0,39,27257.68442345268
795,60799.42130763594,1,0,45,36872.103899770955
796,43063.4530982394,1,1,38,23231.18436407679
797,51379.33897627742,0,1,53,38235.27127660031
798,54244.56913971431,1,1,35,34059.7033794914
799,41867.56579233124,0,0,37,26554.119817512477
800,42222.43575222401,0,0,40,27671.742255582627
801,50203.91708761379,0,1,53,27336.323006788167
802,40254.362845296455,0,0,25,28463.52268533733
803,38689.66749722399,1,1,49,22092.325387077777
804,57161.90239412713,1,1,43,34680.92750012833
805,37142.052892062755,0,0,44,22367.814249591844
806,46850.11931636879,1,1,47,26926.5012904115
807,55495.249978977234,1,1,54,32347.06752533314
808,51716.928431258,1,1,52,31589.722335780094
809,43067.5270917403,0,0,42,25492.240048529704
810,36866.764514252776,0,1,52,25260.295446359723
811,40846.354338648904,1,1,50,27079.86068046287
812,32302.134956754904,0,0,54,24157.424967414514
813,49553.76144718254,1,1,23,28072.451374815882
814,46947.74186332506,1,1,50,34889.672047777574
815,53600.765753967564,1,1,43,33204.76377965493
816,47515.15498589286,1,1,40,33686.64137349914
817,45436.7854449532,1,1,45,24703.670278519625
818,33401.036354685624,0,0,38,27014.561304890274
819,49503.50095944103,1,1,47,33172.30965340488
820,55559.9226882978,1,1,28,25732.37153855366
821,45772.566824106936,0,0,55,26421.621910126683
822,55150.250596166006,1,0,37,35294.77724444818
823,52943.93739955596,1,0,23,27172.166167534207
824,52296.74494315083,1,1,55,24683.05476340158
825,53166.360788627026,0,0,45,37712.44195880204
826,46381.75091932006,0,0,37,25226.421385000976
827,52972.68001509431,1,0,49,28844.429209534843
828,46828.28268467636,1,0,43,27811.04275838242
829,32998.79387655671,0,1,24,29621.89963675112
830,37151.081447154495,1,1,29,24910.393314468394
831,50126.44098970616,0,0,43,30657.61570129242
832,47017.71249162279,0,1,23,27656.79263249808
833,51576.580929241,1,0,31,33002.95608586067
834,49548.582061501664,1,1,35,30830.48141155147
835,33925.3032583031,1,1,39,28352.083984899764
836,42783.61331460378,1,1,48,21394.93945596178
837,47361.65015533168,1,1,26,24988.47007001426
838,48054.700542870894,1,0,28,28051.77329727126
839,53429.88652857986,1,1,30,30839.61696728515
840,42273.49659577416,1,1,52,22273.11654152083
841,46169.23610081069,1,0,53,33436.512948485884
842,39412.44848732471,0,0,47,26950.776882593225
843,53292.35506759723,1,1,47,34988.80911811092
844,48671.13728926556,1,1,47,28171.265623652078
845,48813.80598285766,1,1,43,22662.01566894063
846,30763.581534349833,0,0,34,25129.193804907532
847,48645.67325514262,0,0,46,34954.035307958395
848,44415.169325406634,1,1,29,28657.765848506315
849,63251.302847676416,1,0,38,31847.328726895215
850,42928.51614274301,1,1,26,18750.51715753386
851,27391.337623214436,1,1,39,23901.410315962374
852,52755.80542322018,1,1,54,23372.313674326524
853,58309.69755573255,1,1,46,27205.091295102116
854,51640.33662684998,1,0,48,35506.230780464175
855,37476.46349996449,0,1,50,17993.93883312331
856,33429.41069017283,0,0,42,23265.27153594889
857,51975.18771310888,1,1,49,31754.765179045382
858,35363.33130100579,0,1,40,29026.20186771528
859,52217.896394421456,0,0,55,31165.182368100926
860,38598.94416560949,0,0,29,24531.181198332637
861,35573.202982112074,0,1,25,24208.868529416377
862,41502.345093314565,1,1,43,22257.860505318
863,49641.05822144072,1,1,32,25715.25401878635
864,45233.961334112864,0,0,39,29852.29801518516
865,40605.885057627536,0,0,45,34662.20670481129
866,69419.33406631903,1,1,34,34549.347654785946
867,49329.150031735764,1,0,31,26498.563201278568
868,39141.5669319121,1,0,54,21213.547159476548
869,37840.48398786327,0,1,22,32265.771617201186
870,65860.55055807285,1,1,47,32222.43627077972
871,40477.72128619636,1,0,51,32623.903184071525
872,61390.73613561152,1,1,30,24256.336582976117
873,67816.86801215686,1,1,31,34905.51306728679
874,44442.94221529768,0,0,41,25147.30268558986
875,28549.45448783722,0,0,22,31660.633626283656
876,45342.99618790575,0,1,36,26909.61988087737
877,50858.35202586615,1,0,48,29331.119127306098
878,44355.76998366223,1,1,32,21356.2230336901
879,38265.694173433134,1,1,50,29107.646503640182
880,58982.82609851982,1,1,54,27927.013243630336
881,40954.97418342277,1,1,27,23213.99783592034
882,53217.17547934622,1,1,31,36017.995051432874
883,39443.99305108987,0,0,25,29817.290997882956
884,60001.60655058667,1,1,51,30325.72437535492
885,37523.90300372903,0,1,29,25196.17336431397
886,47443.18178652802,1,1,27,26398.099347266052
887,36419.86474957731,0,0,45,20704.841928538932
888,52829.42662801275,1,0,29,28179.386066919837
889,49916.04141789825,1,1,35,36964.38011307442
890,43076.43126488284,1,1,35,36140.088549811786
891,47396.81301782009,1,1,28,34689.54905660578
892,46254.99728583864,1,1,38,33176.160919218164
893,50923.43753900873,1,1,33,29732.637728183177
894,39778.578100613246,0,0,31,29561.44356828704
895,50233.99558479662,1,0,28,29019.26058393533
896,45411.118050484976,1,1,33,24333.338274134316
897,43632.29318739304,1,0,44,26880.41109458111
898,43751.76558544353,0,0,41,31259.334204074425
899,36817.99345142816,1,1,55,16581.883833815005
900,38609.09330443206,1,0,38,24191.695646058135
901,41939.63529840401,0,0,30,23572.425847668383
902,41209.17922533439,0,1,26,21575.780423342647
903,36353.586334142965,1,1,50,25343.81231780989
904,38959.70096560077,0,1,27,22309.803552476402
905,45892.40373912924,1,1,48,30086.021409749934
906,54859.218280615394,1,0,31,35306.732491503215
907,37686.601931865756,0,0,47,19550.775517937825
908,50532.46664710699,0,0,53,29306.704797951148
909,50488.227209739445,0,0,44,24697.897418457585
910,47524.318865589026,0,0,48,29281.57939337533
911,42295.627972239265,0,1,41,24751.256454727267
912,41913.23121008307,1,1,26,25325.538892584816
913,55196.61912892305,0,1,36,37015.932568916876
914,36391.654716418605,0,0,37,32739.717589658125
915,35249.77530949008,0,1,24,24681.833499213866
916,31488.468165177626,1,1,34,16735.08262215421
917,47707.20927082101,0,0,43,20751.522487718685
918,34156.16312780785,0,0,55,24728.021686155935
919,67677.14319239612,1,0,37,36781.757983091564
920,35251.80120561836,1,1,26,29078.072153792556
921,60413.26669773627,1,1,45,35178.085588262795
922,57193.642938906145,0,0,49,30637.135277059224
923,49491.60689261298,1,1,52,25913.071637905174
924,42932.180581426044,1,1,32,30213.84512455358
925,45471.51626888262,1,1,43,25699.747069090827
926,42271.524934018846,0,0,39,31588.99593272253
927,48092.77167869453,1,0,54,22686.240014093462
928,46352.49725462355,0,0,46,28039.741997225752
929,43224.261304000844,1,1,51,18503.30492049666
930,47692.16435693694,1,1,51,23201.45905350705
931,63962.30039706071,1,1,55,30794.348955245856
932,41672.61920515038,0,0,41,23768.744892597286
933,50265.17706384722,1,1,33,26761.008454734114
934,52597.5434972897,1,1,29,28787.423371238998
935,51774.76210460738,1,1,30,34847.677307833495
936,45492.35513552993,0,0,34,33893.004942284955
937,50657.35351562609,1,0,28,30520.501812494393
938,50420.69670626411,1,0,52,31984.841544996885
939,52939.536910257106,0,0,49,39156.45220921011
940,53647.58551823821,1,1,24,29848.400802739518
941,46935.11007512598,1,0,32,29601.791112606414
942,38859.39293474406,1,1,37,22996.244674745343
943,50520.56129403316,1,0,26,31582.379304814232
944,53702.96942081168,1,0,41,28612.235668697103
945,55524.814746248114,0,0,36,29824.506472581943
946,39916.78597545355,0,0,32,26958.860064343073
947,40585.73272382586,0,1,32,24329.95833325225
948,36976.288336000776,1,1,47,17534.434670670104
949,46468.78855159665,0,1,37,30109.25040742496
950,37370.346094863744,0,0,37,22948.520877805022
951,50534.30644272365,1,0,51,28936.971960343555
952,60608.156901612594,1,1,53,29059.33783386545
953,50428.301958488555,1,0,39,31624.734683961622
954,61546.37189582897,1,0,54,40822.70841929239
955,35531.226749799425,1,1,32,20901.47480391647
956,31071.378972527767,0,0,28,21020.976886000168
957,44576.26399573062,0,0,42,31667.222574463587
958,38706.491004207885,0,0,30,22934.797897554923
959,23433.740210102173,0,0,50,20291.39483873661
960,36194.89514047395,0,1,26,24772.309421815065
961,48634.47622298525,0,1,52,31920.765266198745
962,60543.933974374144,1,1,48,36210.00378585614
963,40570.37816744534,0,0,47,23523.32704206195
964,60087.69000279861,1,0,42,35810.267423676916
965,42445.62892547483,0,1,32,32699.32357942134
966,49615.37315669263,1,1,32,27034.44688173133
967,28884.824388405854,0,1,52,20746.68719819352
968,46767.45650398902,1,0,37,25241.531885546192
969,46697.99688743901,0,0,47,26944.363293317263
970,56595.3005911659,1,1,41,35682.25460526914
971,39715.7182664439,1,1,42,21399.22745741074
972,43783.76437042504,1,0,26,28077.02095839604
973,64249.066796621606,1,1,39,34244.222889627825
974,48675.208002751955,0,0,45,27232.200321102006
975,51477.401592787195,1,0,40,41033.88658289725
976,56658.90522731388,1,1,48,30169.082081189776
977,27914.150683677326,0,0,53,26646.185088150833
978,48940.89985775143,0,0,23,35220.69128439776
979,43653.46989993796,1,1,26,23799.89131945071
980,31603.917630330692,0,0,25,31473.34729736342
981,32934.733565257484,0,1,24,29269.539442500252
982,40465.5978995744,1,1,47,29295.506946442933
983,38941.42599658582,0,0,25,29274.826690570575
984,55654.86399326677,0,0,25,35378.353626719516
985,49869.43075752153,1,1,48,26161.419342086563
986,39271.29409946964,0,0,26,20465.29561936266
987,37443.84480213206,0,0,22,28423.5014124197
988,51080.00052684962,1,1,29,28590.75830201446
989,60271.97238825854,1,1,44,32550.55745376545
990,56035.63371583849,1,0,52,30158.65888761394
991,58431.7351450629,1,0,52,32320.655146854795
992,37792.15726624906,1,1,37,25071.235578245993
993,36621.23867170862,1,1,48,26668.908437231068
994,54262.349927962074,1,0,22,33595.04453452612
995,62367.50392264148,1,0,31,32150.630320923417
996,38178.62156378892,1,0,23,30064.432987996926
997,47842.76490715049,1,0,28,30243.60764207495
998,37688.54634222355,0,1,43,31095.424061913884
999,36718.3700693031,0,0,46,29490.34004148393
1000,59466.82627565402,1,1,33,28946.780548135346
1001,46407.88519225362,0,0,54,22157.42113287245
1002,34357.09699731857,0,0,46,25207.006094408294
1003,46745.94053836478,1,1,23,32941.19789828307
1004,35230.24969697808,1,1,26,19491.694288290317
1005,47501.16402640421,1,1,39,27596.27548405501
1006,63793.046476815674,1,0,51,41326.83130188966
1007,51559.96547777748,1,1,33,35662.265111403394
1008,67785.36617030005,1,0,27,34517.01579859058
1009,32240.59068687331,0,1,24,20590.574243877185
1010,31885.38120251915,0,1,47,24344.150336845516
1011,39857.92177872604,1,1,30,27478.37575809641
1012,54475.840585388796,1,1,52,30058.880335466518
1013,55036.466583959555,1,1,39,38519.99118508083
1014,34009.30228968827,1,0,28,25466.89541749745
1015,57140.3255530912,1,0,22,31560.693825070546
1016,47415.814508698095,0,0,30,20600.390819651748
1017,47395.534353366,1,0,42,30709.736609104308
1018,43057.65559186019,1,1,26,23093.829044762908
1019,54045.23473314097,1,0,34,38311.44679027439
1020,42959.264906518816,1,1,53,29312.864690036404
1021,45155.54977056391,0,0,42,29279.89530408011
1022,37640.29909503363,0,0,38,22161.483630042465
1023,43162.301540664754,1,1,53,28477.7416107477
1024,33174.972778845324,0,0,26,25977.790253270563
1025,33314.59067505818,0,0,50,21328.542189305812
1026,54288.36809568167,1,1,48,27483.62954889904
1027,28137.073062975025,0,0,53,25848.87717601235
1028,41202.30012703502,1,1,24,23680.654205214978
1029,64872.20295846881,1,1,55,35768.341157987765
1030,54474.642358632686,0,1,42,23910.562245395948
1031,45861.38495680064,0,0,24,35339.169407523725
1032,36561.23686805389,0,0,47,28108.446885215555
1033,48334.083173618434,0,0,34,35493.69296368857
1034,41378.619819668354,0,1,26,27658.233594869274
1035,46526.232081023016,1,1,33,32656.94014213424
1036,57627.85734025346,1,1,47,38097.283799169454
1037,38876.137480282996,1,1,44,29862.869342252503
1038,39486.25728304818,0,0,25,26317.72323448826
1039,49075.01699002027,0,0,34,26782.96740118499
1040,54908.75312729409,1,0,39,32555.86926901949
1041,49274.12465679855,1,1,44,29062.372994767666
1042,55622.85967826537,1,1,24,27143.291716576627
1043,35280.578874310326,0,0,49,27936.398649510007
1044,39161.38576673578,0,0,41,24037.78099151929
1045,43537.12393575021,0,1,24,26874.548823939458
1046,40119.72264135249,0,1,49,34331.894991400215
1047,37289.37997590171,0,1,51,25050.719522753203
1048,32417.883153983534,1,1,24,26184.840850327153
1049,41216.907333038354,0,0,29,26522.523804810327
1050,45668.96541139994,1,1,55,22718.412022404762
1051,20192.352956995164,0,0,32,22224.075175725007
1052,44667.46384195184,0,0,46,25316.04463993208
1053,30237.8123079375,0,0,36,22331.018765403216
1054,51198.060657196096,1,1,29,32146.40176186731
1055,56424.13669872377,1,0,34,29889.833437707544
1056,48808.92132248488,1,1,29,30642.81609545255
1057,57307.29557003947,1,1,43,26488.516691015815
1058,37212.932880971995,0,1,35,20227.950985198153
1059,26110.890728444872,0,1,31,27724.609285805767
1060,46801.3890211169,1,1,37,25431.103437927704
1061,33402.83351709081,0,0,44,21724.00896108926
1062,48612.521357627666,1,0,31,27558.164024524744
1063,42003.87419761185,1,0,43,22126.74555016929
1064,63645.440232971225,1,0,54,32974.44627789349
1065,44639.93404766526,1,1,37,30724.635549872535
1066,66280.73636729622,1,1,33,33893.028037765864
1067,44776.53573262063,1,0,38,24367.41718738745
1068,23107.256153808332,0,0,24,18800.649580032958
1069,36640.00156442037,1,1,33,23708.549615286254
1070,27792.613868400204,0,1,26,24406.926717134866
1071,29532.149875913703,0,0,54,18029.494150836897
1072,34736.26974371713,0,0,55,24090.49241866977
1073,45134.66418881297,1,0,40,34195.23146691019
1074,36896.2615259878,0,0,55,18699.875535030234
1075,58739.42892518209,1,1,26,34582.23348345197
1076,41590.08801849207,0,1,42,27807.83951367245
1077,44237.593427934255,1,1,22,31071.78312761566
1078,58208.04686573418,1,1,38,27058.15634224858
1079,29146.52147244419,0,0,46,21051.17012114232
1080,46266.61510238777,1,0,33,30729.863117198853
1081,46572.729278990955,1,1,35,19244.21371104289
1082,64110.515007174654,1,1,23,42584.19311858017
1083,45548.17524005547,1,1,25,25265.2839552234
1084,42127.39382839432,0,1,37,27710.208017346034
1085,35991.57750775095,0,0,44,22663.868576880974
1086,44874.32672577064,1,1,41,32044.751699919558
1087,61083.814285277054,1,1,27,42184.22815201459
1088,47187.02462580254,1,1,25,33496.724717604404
1089,52382.984052710366,0,0,52,29148.641749791575
1090,41713.91225136084,1,1,31,23803.643618777274
1091,46785.36932463332,0,0,45,36247.83164245412
1092,41587.13612533913,1,1,42,28831.72554239395
1093,43632.155051762435,0,0,53,21795.067093033762
1094,50518.658203005536,1,1,35,31982.554525805535
1095,45348.2483922488,1,0,42,29876.872447578022
1096,44682.111320725875,0,0,45,28548.410339196762
1097,41795.205193606234,1,1,23,26833.320277002138
1098,34998.564505406044,0,1,27,21109.543310545734
1099,36481.32758464822,0,0,34,25133.014779375862
1100,47353.35516676005,1,1,42,25149.906766287342
1101,52865.25397174015,1,1,54,29487.6508232717
1102,57817.88976085488,1,1,54,30007.623226963322
1103,56605.89340469085,1,1,26,35994.9482283903
1104,57729.59954831556,1,1,55,33299.28795770404
1105,45513.98904298502,1,1,51,31135.23818892911
1106,36256.65703896474,1,1,46,26208.798016783054
1107,51454.04852802947,1,0,26,30950.632025839222
1108,37897.12431202923,0,1,55,18741.87766774508
1109,50288.84870443329,0,0,27,27293.363069964234
1110,62424.94230575005,1,1,49,31103.910535639774
1111,49819.56344954043,1,0,22,25190.83463908177
1112,33592.63894628672,0,1,48,25697.80437117078
1113,43245.21327095219,0,0,36,27744.997417578237
1114,35847.578511178595,0,1,43,28684.05439463984
1115,28356.513615385546,0,0,24,24024.812006671185
1116,33961.98378695176,0,0,44,31136.212838721774
1117,40854.083497771375,1,1,25,24028.179317750077
1118,73049.36109788614,1,0,53,42063.28515718822
1119,44015.48530938778,0,1,34,25680.18325195809
1120,25774.957574868677,0,0,46,20448.3273097201
1121,40904.33831497486,0,0,34,25995.78145311793
1122,30716.14810361504,0,0,35,35280.307075185854
1123,38968.633259746486,0,0,35,32365.34629301066
1124,47479.946281378005,1,1,39,31320.31864551706
1125,45793.50191566571,1,0,48,29527.037154228135
1126,32795.350674038724,0,0,25,23883.650882958987
1127,49413.17798138689,1,1,25,35149.71550951406
1128,32935.38081007404,0,0,22,31298.598488974036
1129,49121.83766503383,1,1,55,27188.42156949653
1130,48875.32442666605,0,0,55,33669.11170386079
1131,58254.52384345261,1,0,42,28180.76493260823
1132,39403.48790037982,0,0,27,25705.35380853626
1133,30600.31308425713,0,1,51,18123.08126617176
1134,62865.3713609844,1,1,41,41401.47677553976
1135,41311.45204836674,0,0,29,27772.70478454732
1136,50144.02349183222,1,1,22,32231.776173565104
1137,48562.78815895827,0,0,54,35385.79654633954
1138,59750.42870883528,1,0,38,31076.428941684782
1139,57535.816936465795,1,0,55,26939.596774349367
1140,37861.921365603965,1,0,27,28256.552804137275
1141,53184.766259386306,1,1,32,34151.674605472756
1142,43841.48393067114,1,1,55,29101.790369836883
1143,42097.3742843016,1,1,33,25676.967945270404
1144,42522.6647500166,0,0,49,33554.788270455785
1145,33437.58130956802,0,1,43,17340.612495203713
1146,42094.822045402674,0,0,46,26969.522360502346
1147,54791.92227632939,0,0,44,31055.361963517218
1148,53653.131667142996,1,0,40,26900.217306567924
1149,57008.043897685595,1,0,43,30163.93727691725
1150,32961.785731881464,0,1,37,24064.221783661276
1151,41040.63873735386,0,1,45,26459.904109659296
1152,51259.00321243354,1,1,28,22015.06507545703
1153,54980.46327296666,1,1,49,32430.538776326495
1154,49963.17704393697,0,0,28,37070.23582935294
1155,48798.968391072915,0,0,45,39798.36840919369
1156,49353.79973121144,1,0,51,36550.76187081187
1157,32592.868374649683,0,1,24,26659.411579452542
1158,41887.7905561029,0,1,30,23564.987304505205
1159,48851.335870290386,0,0,24,36860.899277008
1160,36346.76338305679,0,0,36,26566.814909616147
1161,30003.276962179545,0,0,22,25447.228013464268
1162,56249.983331866955,1,1,28,30838.931815226824
1163,43884.3918546439,1,1,40,27899.569204447267
1164,39798.860697335986,0,0,51,23352.380395067896
1165,21496.408427417708,0,1,50,17682.550376775627
1166,51130.61593305413,1,1,53,24400.296200055207
1167,36778.03560076964,0,0,36,25147.62924403742
1168,52792.293657064016,1,0,55,33506.85333376887
1169,59893.571064713076,1,1,39,35773.96840401162
1170,32646.526869144833,0,0,25,27128.08514878491
1171,59421.946948165816,1,0,54,31322.969806015753
1172,54305.83917848964,1,0,44,33418.00594579818
1173,24534.172887498156,0,0,22,19515.98513681804
1174,38373.11061224274,0,0,47,21590.54545230567
1175,61695.44635564619,1,0,35,30973.81275024113
1176,40769.728777962286,1,1,22,26426.96613899156
1177,44178.18210211593,1,1,22,29241.378718183492
1178,35959.953463322476,0,1,43,28058.465870024527
1179,52462.01620454764,1,0,47,29055.861677079578
1180,46577.11607822874,1,0,29,28000.171795057493
1181,39263.2412707879,0,1,27,22698.523929107447
1182,38894.917022775684,0,1,55,21551.550054540352
1183,39029.76287547125,1,1,41,24968.286688353335
1184,31104.494322995757,0,0,38,26264.64246652107
1185,42629.02176476544,1,0,53,24914.837621379877
1186,40637.264518768665,1,1,40,28148.22003578455
1187,35261.94817815976,1,0,22,26988.683473230914
1188,34254.009115649824,1,0,24,27928.271571346788
1189,52451.188556171735,0,0,42,26240.45393079954
1190,42173.71959069108,0,0,37,18203.484422109985
1191,45581.76133510351,1,0,33,29760.510784884227
1192,54699.50884248557,1,1,46,32335.470936520534
1193,66630.7838194027,1,1,54,35521.23266324891
1194,48540.03931385006,0,0,54,38562.60603094243
1195,48175.567090427736,1,0,45,23770.743411357606
1196,32933.56436857622,0,0,48,21965.527606300526
1197,40930.13042783236,1,0,37,23520.37076610522
1198,43893.77564466986,0,1,49,25851.73661928864
1199,43529.890150772706,0,0,31,32243.218907561888
1200,42815.20464608537,0,1,53,24562.923684344663
1201,38812.87404134284,0,1,34,24399.3982567899
1202,50217.84427046844,0,1,50,29891.7127542657
1203,43870.06866426149,1,1,30,27341.691790882673
1204,45464.40734895567,0,1,31,26142.946825480773
1205,42656.58974212503,1,1,52,21874.029264481007
1206,50659.70476070615,1,1,32,25566.220263354793
1207,47421.791877776785,1,1,29,34763.98862978654
1208,47834.73691126527,1,1,31,21687.728436609006
1209,48388.73593415211,0,0,38,24326.398591433208
1210,43414.92304156817,0,1,33,28552.239791567637
1211,25836.712283672652,0,0,46,23158.310272063
1212,56992.333258900304,1,1,46,32864.095325307026
1213,64718.50791740857,1,0,52,27815.562149958285
1214,45493.73915466956,1,1,47,27814.887030036887
1215,48400.09969833543,1,0,50,26932.863591730056
1216,34049.553075495336,0,0,54,18310.048463812862
1217,53184.41238403158,1,0,26,33667.2777412132
1218,41705.27987392078,0,1,42,23183.840656068805
1219,42800.914626850514,1,1,33,29520.6515635108
1220,34298.35059919494,0,1,35,25057.768794777683
1221,46261.17186817361,1,1,35,33523.01487798842
1222,27611.98126689619,0,1,45,16644.899799286006
1223,32766.382828382422,0,0,29,19578.814113630877
1224,51898.36511528616,1,0,55,36566.33678105017
1225,40294.447556134255,0,1,22,23686.451437611246
1226,21856.00964121371,0,0,41,19446.40793182001
1227,42226.09858356066,0,0,33,24409.77680472166
1228,30836.199646021953,0,0,24,23021.66313446587
1229,42095.31121686604,1,0,37,34114.03858875213
1230,39971.56138057995,0,0,41,23422.00950667561
1231,61849.26008883786,1,0,55,27526.15746437081
1232,54522.31441401877,1,0,42,33483.1410078199
1233,58995.704417477835,1,0,47,33314.57533869425
1234,39661.632077932314,1,1,24,20886.88510341583
1235,51624.35839231334,1,0,38,26804.63575835374
1236,43042.03647674521,1,1,48,32885.17794734178
1237,52092.59448225738,1,0,46,34543.000570707314
1238,45212.971680693525,0,1,22,26568.626142758738
1239,30792.11582837275,0,1,45,21329.779047580527
1240,47333.1811520961,1,1,24,32360.287651239832
1241,43608.753529667454,1,0,26,24729.442621533795
1242,42327.88948860822,0,0,44,21040.776557644895
1243,37303.78123249257,1,1,42,28477.224803277077
1244,49745.26555031072,0,0,55,27094.706226008177
1245,26538.44686647154,0,0,48,22450.08821558592
1246,49459.160587583116,1,1,32,24809.767399355012
1247,45681.95153845151,1,1,45,26475.820553321133
1248,44508.35044640112,1,1,39,21534.415484562793
1249,42230.6402615756,0,1,54,23748.666101660372
1250,50309.933976562665,1,0,44,34404.741009298144
1251,51387.45444562391,1,1,32,27456.62809842177
1252,55013.41435290137,1,1,47,32750.081944569793
1253,38852.016926979304,0,1,24,23331.32406737534
1254,46886.365010432666,0,1,53,25830.739970741924
1255,16683.644852311,0,1,41,13528.018708703687
1256,35628.319427015915,0,1,34,24542.297535247715
1257,44616.65620543718,1,1,55,24726.657038544683
1258,55739.21103484764,1,1,45,33767.629245529555
1259,41702.62521986092,1,1,26,29304.610067837468
1260,49130.90748975971,1,1,55,29071.47139262211
1261,50151.85833576224,1,1,34,30279.88449433389
1262,36159.85689709209,0,0,50,27901.549486559194
1263,42521.471201420616,1,0,40,33096.1717438309
1264,31361.89753749479,1,0,30,20752.035249308126
1265,50548.53400802759,1,1,54,33029.03592232592
1266,30775.505893698897,0,1,35,22848.765670295877
1267,43320.215928995225,0,0,41,31224.356831059573
1268,54414.62070205549,1,1,26,33681.58149748655
1269,62651.00896915579,1,0,30,32181.087306376565
1270,50192.39647434154,1,1,40,27964.76921098101
1271,44166.259065445265,1,1,49,23411.941820496533
1272,37720.82197053863,0,0,55,22211.02836464542
1273,47546.46188293711,1,0,53,30674.614167798205
1274,33809.29185207953,0,0,30,22706.558795028443
1275,35523.80834397061,0,1,29,24832.132289458044
1276,57829.29933621676,1,0,22,30515.01808404898
1277,42215.35857334996,0,1,55,21229.6922918341
1278,48086.71472076979,1,0,37,28480.926291107004
1279,47791.84602302275,1,1,51,28134.093446769257
1280,50217.06854695446,1,1,41,30136.691631761012
1281,51000.44499464082,1,0,52,32542.758409056754
1282,41058.31804813842,1,1,47,24926.799208147775
1283,25038.02337459073,0,0,27,14913.617209038093
1284,31599.07864005261,0,1,38,17025.972656204587
1285,29906.057138911412,0,1,51,25829.285651473958
1286,48362.67787716015,1,0,29,36407.90269022061
1287,46914.95180409099,0,0,28,32146.45403991827
1288,44931.96243521511,0,0,47,25576.35743555426
1289,46665.57859226995,1,0,47,28304.493308307494
1290,40447.90423511885,1,0,47,26967.36951047081
1291,34324.21887342706,0,0,26,22483.384402627078
1292,40856.37827790879,1,1,26,24311.421913486527
1293,41161.614321432105,1,1,38,26232.667599359047
1294,43288.1973906882,1,1,44,23057.33176220217
1295,42611.22353740656,0,0,41,28085.975376350212
1296,44756.31470122368,1,1,22,25080.01420857671
1297,35188.427916523986,0,1,46,30453.561230925137
1298,55684.12159942693,1,1,39,40702.73010221414
1299,35893.48477396209,0,0,53,29029.162671922124
1300,44571.41250255174,0,0,35,27236.578116289013
1301,52132.62308232708,0,1,46,18224.92369777577
1302,31522.961722396703,0,0,40,22591.22142173023
1303,47471.797608278044,1,0,34,27656.497997840732
1304,29440.19934653113,0,0,51,19621.813323250415
1305,52361.369361506964,1,1,28,29026.529232390567
1306,38998.127064509325,1,1,34,19639.829638167164
1307,38614.0257419402,1,1,52,31381.580462524988
1308,59952.76570939844,1,1,43,31307.074262398703
1309,39144.666295860756,0,0,50,28097.171979415445
1310,25721.70878882873,0,0,50,26467.939948100808
1311,52365.99060490768,1,0,38,29435.95410007279
1312,49594.22243055812,1,1,24,28475.245179842303
1313,47370.867311570706,1,1,46,30909.890852138764
1314,55723.15640470999,1,1,37,32408.053427173698
1315,50446.724425425506,1,1,40,24116.83128551113
1316,37456.97058128514,1,1,27,29600.548409592106
1317,43144.44875230657,1,0,25,33242.90976648435
1318,51597.809373321965,1,0,27,29871.51726169425
1319,35833.184146226034,1,1,54,31146.5316488696
1320,25663.107076420252,0,0,55,12078.371242719317
1321,40593.00232526059,1,0,39,27767.03552454267
1322,57620.085288827926,1,1,51,25508.60731771215
1323,58511.967550544905,1,1,41,31098.87012676032
1324,46516.447234378255,1,1,37,30525.29797763512
1325,46439.05644756641,0,1,26,33503.088047357625
1326,35276.22750707589,0,0,41,28434.12858571557
1327,48843.838430486154,1,1,30,31358.476042476483
1328,35632.49122902806,0,1,35,30531.84519339538
1329,40989.49979895197,1,0,41,33745.90417155629
1330,22420.56236681294,0,1,22,25168.75089944029
1331,60817.51966222161,1,1,43,31818.202076544036
1332,35070.97603847414,0,0,49,28854.845848650264
1333,42941.42520100597,0,0,23,31910.023774465673
1334,50216.85294007499,1,1,24,25273.385373572342
1335,44710.22521339046,1,1,30,22403.763832417375
1336,48393.60604287673,1,0,31,32357.588781131482
1337,42281.058758891806,1,0,31,20717.479732985652
1338,40805.07702448866,1,1,33,27813.37534062375
1339,36516.521314376594,0,0,36,27639.8602337285
1340,31906.496469175992,0,1,25,28572.17629255712
1341,50812.39118228087,1,1,33,35253.87112896421
1342,36792.444119804626,1,0,51,25877.932487467275
1343,56940.82679595761,1,1,23,35530.62283798804
1344,54915.20101507323,1,1,35,31359.188706571917
1345,31459.346284664713,0,0,41,24769.11854201971
1346,46307.695776892375,1,1,39,27430.478934733725
1347,48787.39570406871,1,0,33,28383.91603720493
1348,36486.46510930067,0,1,44,30124.150067786424
1349,41109.51935081422,1,1,30,27082.250906262376
1350,43886.4655595511,0,1,25,30092.058952224692
1351,56626.62237062582,1,0,48,28259.64105592785
1352,38202.69457846778,0,0,43,33514.95791483634
1353,44474.803168418235,1,0,46,32656.1194469474
1354,40813.10129320794,1,0,40,30220.673221713252
1355,35248.61284228978,0,1,54,28730.098745676958
1356,38027.10374881417,0,0,41,26144.470072378626
1357,40491.157039122416,1,1,51,22396.920259489147
1358,48879.52615840055,0,1,49,34462.83682815492
1359,37814.0100753288,1,1,43,25681.280740476996
1360,41778.14944879893,0,0,37,31132.782074913004
1361,30454.116031852234,0,1,33,19143.70589797161
1362,28170.795320247544,0,0,51,19821.920985067103
1363,44671.38243649731,0,0,24,19645.106820454523
1364,47042.64773033607,1,0,31,31790.814070065768
1365,51231.934026471405,1,0,41,37198.13131553417
1366,39992.689023443236,0,1,30,21939.216509521877
1367,41366.680650666385,0,0,26,29805.283566840408
1368,48491.407515463325,1,0,42,28511.691217346157
1369,55769.7293566225,1,0,46,28839.17967498389
1370,53060.5332366624,0,0,46,35299.220750216446
1371,40765.86824478142,0,1,33,34897.73243364935
1372,46727.95308901793,0,0,51,29360.870761880393
1373,35264.752836625215,0,1,23,28853.07151469085
1374,46784.40530964842,1,1,43,29886.49265825678
1375,59300.3812496067,1,1,39,32563.944113655372
1376,35306.39451631215,0,1,28,27174.897947831643
1377,45888.41469703434,0,1,42,32535.817180018752
1378,26759.528131708048,0,1,37,29518.447816607906
1379,60004.110064804685,1,1,35,33420.95733284348
1380,34506.18363266121,0,1,50,25809.520782900694
1381,54680.56207782654,1,1,30,38595.15715082496
1382,43541.27476307102,1,0,29,32331.828600959212
1383,32851.197218784,0,1,25,22695.185565446118
1384,58062.80121191555,1,1,31,33091.23704828066
1385,34541.98015545955,0,0,55,23207.732887140955
1386,53726.64454173557,1,0,34,39076.25439099744
1387,52197.519167868384,1,0,46,28297.85101848878
1388,54470.10973127147,0,0,54,30136.718963646446
1389,45507.3145282924,1,1,52,24420.670417509074
1390,41961.03501949261,1,0,51,29722.521937882993
1391,32784.45466052591,0,0,44,28411.987008166692
1392,44397.98699456694,0,0,47,30793.817792710048
1393,36045.057589613556,0,1,44,21760.2222913193
1394,52283.98501718067,1,0,42,34373.79490835033
1395,49436.32506655848,1,1,41,28619.921123640448
1396,49936.705923877715,0,0,50,32858.05457407894
1397,47143.054676983214,1,0,53,27505.726588189453
1398,60448.94505403452,1,1,52,35419.10361753932
1399,53441.185861087084,1,0,26,35946.127047179296
1400,30885.270596827962,0,0,29,24281.11507620307
1401,45667.5557972325,1,0,30,29171.670210239317
1402,51444.494012244584,1,0,43,23029.31864405171
1403,35832.12350828879,0,0,27,25631.368462855105
1404,19164.036200982006,0,1,42,17813.427370594647
1405,37043.07911966884,0,1,31,23815.21384770616
1406,48287.069859087256,1,0,46,27532.499628229027
1407,42660.593070286224,0,1,46,24195.70386054477
1408,37431.84812598054,0,1,27,28230.027590207414
1409,34662.63326737582,0,1,49,25974.287846254465
1410,35346.689863470936,0,1,44,22529.89452267989
1411,37818.51138564545,0,0,30,21009.549676904735
1412,38326.80239350451,0,0,28,22196.85914341279
1413,47524.617411952655,0,1,24,31779.621368181484
1414,56674.88365057189,1,0,51,36382.20340294237
1415,38247.697421490506,1,0,45,23337.97318070328
1416,46111.554846390485,1,1,38,25734.610628254497
1417,26548.059547533852,0,0,28,25744.623809372028
1418,35596.88342999776,0,0,45,22895.317083651924
1419,35693.38429947736,0,0,23,26061.790091686496
1420,45697.564726175224,1,1,31,29869.105458698916
1421,48404.98138031835,1,0,27,31923.729719615152
1422,48897.0607356673,1,1,34,33382.59336160711
1423,39121.01014387832,1,0,24,24722.185985107102
1424,35750.76562650195,0,0,43,25920.096557248165
1425,40297.675456700046,1,1,46,21816.356172437794
1426,40214.41995085494,0,0,47,27419.84807336928
1427,57023.99773213057,1,1,55,22803.559862341295
1428,52644.81797146417,1,1,51,35804.74547925022
1429,46239.36237600127,1,0,36,23976.57282139423
1430,44625.63506741936,1,1,50,22231.206047221927
1431,57091.90884328373,1,0,35,31719.569877992693
1432,39671.929643629686,1,0,49,22663.854520862467
1433,23737.755025606424,0,0,25,23103.828949333914
1434,55436.71090809158,1,0,45,31272.449994119634
1435,50313.15013009317,1,0,22,30981.926950577355
1436,53503.36134484942,0,0,38,31733.39971366764
1437,35695.30670003128,0,0,26,24387.53838468075
1438,25715.397592606725,0,0,53,21596.903484141072
1439,25960.768114513805,0,1,36,21658.79894255245
1440,41767.099668466726,0,0,55,29765.785997147646
1441,41520.14279828196,1,1,34,25005.984462471133
1442,59644.89173594322,1,1,55,32389.27837329148
1443,31814.293331158184,1,0,22,20755.426523361115
1444,33391.97887368881,0,1,52,28572.482911679836
1445,57326.852724610275,1,1,41,33643.99473017299
1446,39924.22761541043,0,1,47,26013.657042664963
1447,55812.68867810359,1,1,51,33901.923036374574
1448,34148.35882165658,0,1,30,22433.165384444957
1449,59232.44845755092,1,1,35,31681.985484210545
1450,43992.94710034946,1,1,54,24413.393388974277
1451,41384.45105989625,1,1,31,23993.016824367976
1452,37202.634784971706,0,1,55,24761.250910789044
1453,52260.747843754594,0,1,26,34401.89438435601
1454,60594.95287635896,1,0,30,31999.30334919595
1455,36099.52323230787,1,1,22,18777.404231733446
1456,62514.44891323845,1,1,48,30291.448055925557
1457,44549.687473111764,1,0,53,22947.612530407103
1458,33326.49442241943,0,1,44,31988.26628603573
1459,57900.40179667731,1,1,49,31212.677130279702
1460,57812.41639702684,1,1,39,25006.527189677632
1461,60572.363761073364,1,1,52,34121.11552143367
1462,41411.63066165048,1,1,29,27080.969284559567
1463,50097.74574342158,1,0,27,33247.95663930655
1464,58660.23747475292,1,0,50,36324.71442341017
1465,43215.02159384797,1,1,38,28389.807062659656
1466,44811.887346692885,1,1,55,21247.487696377855
1467,49376.91052150419,1,0,26,28830.323135665887
1468,51209.57145907829,1,0,43,22624.585098048592
1469,21686.094403338673,0,0,52,21932.60970767746
1470,32545.505625331163,0,1,26,29225.224912339712
1471,43000.17861088517,1,0,44,25023.162849569257
1472,44818.80300869116,1,1,23,23576.835758997695
1473,49473.48155526469,1,0,39,31030.357830283232
1474,28552.304428713618,0,0,49,20814.38102542896
1475,33937.37203969375,1,1,42,17216.58527760175
1476,36883.26814987685,1,0,41,35445.7509739422
1477,46631.604638917895,1,1,55,31673.76056573419
1478,41788.43657886385,0,1,53,22453.869691257387
1479,38578.98421949551,0,1,55,28638.30411713649
1480,33271.631126009735,0,0,54,29813.542623484114
1481,57495.984639510636,1,1,45,35342.95027828567
1482,32709.42801281066,1,1,28,17141.71134759621
1483,22418.98773799471,0,0,41,17283.300097253883
1484,45740.504904255846,1,0,54,27319.62284694167
1485,56912.98148371641,1,1,53,28199.390103907986
1486,48164.706990195016,1,1,48,27776.347252032756
1487,59107.41653692865,1,0,46,25031.129098456433
1488,34050.8134853533,0,1,51,20566.32129093199
1489,39664.16628131912,0,1,49,30233.49968291085
1490,50720.009744816074,0,0,55,35691.66258851414
1491,42306.70410378158,0,1,25,26580.94163814461
1492,56611.6871144297,1,1,26,33375.45235354024
1493,52269.21640328705,1,0,42,30421.888341294572
1494,23261.655447229623,0,0,24,19744.345911190292
1495,61773.54080785511,1,1,53,35725.41729051448
1496,51336.534032302516,1,1,35,30771.780135934034
1497,45442.436377932354,1,0,35,27508.899553039653
1498,37508.548088117925,0,0,47,21586.436463785692
1499,43422.265472473824,1,0,45,25657.738418633904
1500,56781.668619038945,1,1,28,27132.248144719324
1501,46692.708334502844,1,0,34,31633.197360202168
1502,42325.45197814177,0,0,45,35520.67073844304
1503,54516.83951522916,1,1,30,35268.047654595925
1504,37651.922912436436,0,1,53,22466.323854415325
1505,37970.79884688863,0,1,47,25729.58527908176
1506,44925.68344660483,1,0,50,35636.50097236392
1507,57180.26668269847,1,1,53,26743.86373319031
1508,56480.80854723322,0,0,54,30702.415146597952
1509,50501.50931635653,1,1,53,27480.970048145446
1510,42326.95843702984,0,0,38,23162.53993289878
1511,41593.70881097689,1,1,54,30055.973108190366
1512,63490.26898125237,1,1,43,36848.252451085704
1513,35375.42336924683,1,1,54,12199.346294955132
1514,43589.07201570838,1,1,51,26211.64643086808
1515,53012.95491222178,1,0,55,26057.40112519473
1516,39293.12965255026,0,0,33,22682.571106239
1517,51593.75768354092,1,1,49,23349.38899602982
1518,45105.52814791787,1,0,27,22900.725570894174
1519,45229.29727041176,0,1,35,36993.08735675878
1520,31549.86744095326,0,0,54,18832.336583221375
1521,48817.58657236768,1,1,43,20137.846677744805
1522,56715.005394809,1,1,36,25743.151054031194
1523,49561.306021272176,1,1,38,24562.44238075635
1524,51318.065145337634,1,1,31,31656.746370860244
1525,37968.3661829793,0,1,43,23606.59595434639
1526,33750.45099532348,0,1,25,24628.659934664407
1527,41546.15817078113,1,0,39,26670.18504426407
1528,57989.5917122293,1,0,46,28159.93813673794
1529,45096.218197450384,0,0,22,27256.098221992695
1530,48008.98692718845,0,0,49,29709.45386862293
1531,34579.850225256385,0,0,45,32294.057885323018
1532,54635.74796957844,1,0,31,35188.17933456355
1533,45611.70234382258,1,1,46,31294.37741198064
1534,47992.69645631708,1,0,33,23856.25852945445
1535,52795.470163844606,1,0,30,34141.520885167774
1536,60820.265711085354,1,0,44,36713.919444525316
1537,49630.37868809471,1,1,27,12000.980886232417
1538,38415.34873758441,0,0,35,32648.38113215614
1539,42458.73162395517,0,0,45,33417.887393142344
1540,48293.91366558721,1,0,53,38295.92774317974
1541,35912.446658389475,0,0,24,28267.045382104137
1542,35885.60599864954,1,0,38,25926.58186454551
1543,53344.68555915456,0,1,43,27230.222465659906
1544,57769.45698042774,1,0,42,28582.105503866915
1545,32016.260901028283,0,1,28,27746.690629495035
1546,55582.617479538334,1,0,55,27627.757162690803
1547,44708.50742683608,1,0,53,26192.78514752228
1548,43456.124445977475,0,0,30,25259.22213991164
1549,45929.27337747191,0,0,25,20821.010454210416
1550,30968.41899114663,0,0,31,25585.98452647967
1551,44556.704728962985,0,0,36,29444.895606531547
1552,48210.4548157557,1,1,55,24487.53445732542
1553,56403.36377588917,1,1,55,31411.61841119391
1554,60928.65772380947,1,0,33,38286.06222334351
1555,48250.72734534868,0,0,37,30309.49578668657
1556,33395.61479519485,0,0,45,18387.73155874016
1557,43705.59758940513,1,1,30,31855.15651903802
1558,37923.316573037795,0,1,39,25878.847078841605
1559,49359.50900266615,1,1,45,30222.034019168153
1560,43035.75450069222,0,0,45,30379.780551566997
1561,45763.16161443879,1,1,49,31102.388126657723
1562,49039.73730556073,0,0,23,26264.95780557984
1563,41580.13001179298,1,1,28,28756.46594182297
1564,40009.11721786171,1,0,39,25123.939463246603
1565,36699.27826901543,0,0,47,27121.646871704394
1566,47552.899297471224,0,0,45,29421.748100713947
1567,43785.18841215196,1,0,23,23486.705152184826
1568,36784.60156754685,0,0,39,27257.070121216926
1569,41610.624505821004,1,1,37,23173.40340411978
1570,40212.19807918182,0,1,43,25657.77775607821
1571,57267.58033647716,1,0,23,31285.006278062177
1572,32928.683722164336,1,1,42,27685.18255225689
1573,38444.94300839947,0,0,47,24140.88551242478
1574,50536.92716921518,1,1,47,24899.418488285708
1575,50842.54866340635,1,0,31,25441.50233309527
1576,35884.51899884128,0,1,38,23313.056569292767
1577,44614.90960060599,1,1,52,24617.19419474026
1578,29295.10984597874,0,1,48,22548.59531331866
1579,44269.74195920716,1,1,25,23070.307018488314
1580,29600.94270335065,0,0,31,22924.580601231297
1581,27170.019963191473,0,0,47,22919.33316742669
1582,37926.63049603597,0,0,37,27841.514790128902
1583,38060.343271713704,1,0,45,22764.18794806892
1584,33376.65512215398,0,0,39,23217.489523204466
1585,43843.807558275446,1,1,27,25590.343063347787
1586,41370.382522188076,0,0,54,22225.967591455552
1587,40241.7707182833,0,0,37,25606.69648895984
1588,51266.174005373774,1,0,36,32289.22300654433
1589,37141.79408972311,1,1,49,27555.022391353556
1590,53468.58993089621,1,0,32,30459.339438623392
1591,49212.52114234138,1,0,47,22228.915511893632
1592,49104.162032974,1,1,38,26254.788323942284
1593,44168.00596078641,0,0,40,28795.18102070659
1594,45813.66036155841,0,1,22,27912.412938347472
1595,47456.26402167077,1,1,34,33687.455432553536
1596,27383.336003384007,0,0,37,24845.563234405283
1597,51961.902628520445,0,0,48,30159.802564749407
1598,46293.151743704955,1,0,30,32498.905610806683
1599,43747.58077160149,0,0,53,31388.231968896664
1600,34476.59629541803,1,1,48,21186.42669202086
1601,47190.93302438993,1,0,44,24811.344777462466
1602,39498.54842210175,0,1,48,26614.44275636792
1603,64408.81510438593,1,0,25,33663.109099604626
1604,41764.15299936899,1,1,32,22083.161537522556
1605,49132.37504707951,1,0,49,36664.662782368774
1606,45938.70648415542,0,0,55,28095.02512974991
1607,64355.02659396481,1,1,38,39818.058283253675
1608,47724.89099794719,1,0,39,29216.857736037535
1609,51515.880179444546,1,0,55,32513.37897730195
1610,36442.8813107236,0,0,31,33300.853073610815
1611,44831.509878029734,0,0,37,19995.735587829142
1612,44749.39606031183,1,1,43,27345.596310849134
1613,33562.65252518103,0,0,30,19668.634625086284
1614,33093.36048667796,0,1,42,12526.000015510626
1615,65419.917969387156,1,0,41,30967.37335967632
1616,48630.821720722815,0,0,35,27312.880335373764
1617,45403.751164539135,1,1,31,28984.65428067212
1618,23327.12186604549,0,1,22,19203.97981287637
1619,56698.9176235352,1,0,54,36312.13200552572
1620,36019.17472285697,0,1,32,22171.08662470949
1621,51846.56427257507,0,0,54,25966.539265986925
1622,39726.61019274518,0,0,42,31867.021086138604
1623,39929.02602130578,1,0,36,21879.257528578524
1624,55651.613942021555,1,0,35,30703.210703734258
1625,47464.928558562686,1,1,27,22611.173763918596
1626,57233.76065056681,1,1,27,31304.48976801775
1627,49410.654437391844,1,1,48,27208.54548444922
1628,59124.49756007696,1,1,53,35528.49606687356
1629,46219.196015394766,0,0,51,35192.294204905
1630,47191.05341713116,1,1,44,32718.153768641445
1631,25226.23875025269,0,0,43,17550.056750201442
1632,37401.56642240626,1,1,55,20097.474609559235
1633,47165.79573773363,1,0,27,27600.297730403836
1634,58442.782391570625,1,0,47,32954.88170060247
1635,35446.15873591811,0,0,33,22501.142993730984
1636,34283.454254189404,0,1,23,36208.30756776532
1637,45893.89139817045,1,1,25,26806.626617345588
1638,62759.008697603866,1,1,44,33582.87099177367
1639,39166.82302561103,1,0,25,20695.370037860186
1640,23436.850941310717,0,1,43,19684.514283342534
1641,48490.012395338126,1,0,28,31552.868813249283
1642,50023.599474573886,0,0,38,24483.55074188244
1643,49266.70695256333,0,1,37,33463.11690888186
1644,30037.58867477568,0,0,30,26273.958138667724
1645,32508.621395548198,0,1,31,20906.101221865156
1646,47498.93137242668,1,0,26,26237.18030813995
1647,48018.45523769221,1,0,49,23284.268744755056
1648,31993.674930698544,1,1,38,31388.185746205596
1649,47798.23534864381,1,1,23,25476.320444921403
1650,36476.19965882757,0,0,36,26687.955000119542
1651,36267.466056053796,0,0,29,23217.055908274095
1652,58129.1526150188,1,1,44,38142.87587639085
1653,40218.084020538874,1,0,28,23227.610201984757
1654,34736.185684849945,1,1,48,26645.150879830035
1655,31111.900645301404,0,0,36,21961.036162382756
1656,25808.54375479846,0,1,22,23113.72495806552
1657,41813.08484543535,1,0,28,23581.01663292232
1658,37988.24000280037,0,1,23,25468.1426982732
1659,47576.560211881966,1,1,48,21741.29419843943
1660,55338.625449722356,1,0,50,31507.55114121797
1661,45424.280234798076,1,1,39,23242.40808360785
1662,52387.814797612955,1,1,26,28342.351881854476
1663,30718.306536551474,0,0,52,22015.4696518903
1664,53036.792759409655,1,0,55,27055.878648186364
1665,51519.71406840759,1,1,41,26609.99270663407
1666,43381.3532728849,0,0,46,29105.262534410078
1667,50092.290627637434,0,0,47,30048.34542994233
1668,49153.39709492115,1,1,27,36203.82253541484
1669,62435.94903999561,1,1,32,39286.39766157994
1670,16167.995355185434,0,0,52,16502.119789084223
1671,37267.959149968294,0,0,43,22971.072187408157
1672,52755.451887715586,1,1,47,23133.23403818311
1673,38577.460953254566,0,1,49,20732.70021877491
1674,52398.732193034695,1,1,45,35947.45999543227
1675,20080.07889955389,0,0,45,19879.75832468229
1676,36043.73813203081,0,0,28,30123.37275383117
1677,62293.23324684375,1,1,39,39438.131092509866
1678,43894.47597887556,0,0,46,26565.147534567877
1679,39967.6831542826,0,0,22,25988.16183815716
1680,51552.21638102198,1,0,33,34903.36127547207
1681,33767.4981602471,1,1,50,24774.801068606608
1682,46265.360905149195,1,1,34,34426.7159803019
1683,49781.02266109343,1,1,28,23927.21883624903
1684,43783.38862121251,1,1,48,25862.682161666035
1685,33741.62977605516,0,1,40,21072.93762498727
1686,49907.97417616543,1,0,46,35273.60891445428
1687,41194.39256627522,0,0,28,32875.25259799624
1688,50737.97775364527,1,1,51,35072.68463643053
1689,44089.12984145823,0,0,54,22055.522343638906
1690,37042.05518638284,0,0,52,26676.759673634875
1691,51027.7330926564,1,0,38,37983.24601011817
1692,32187.122642899052,0,0,35,21600.51223019987
1693,39999.83087928132,0,0,35,24424.057070081406
1694,31294.079425072665,0,0,55,20975.4910538801
1695,39338.098902161946,1,0,23,30272.428800828326
1696,50097.189223358524,1,1,29,29094.605634589447
1697,43600.18871300899,1,1,29,22418.34084268821
1698,40519.60140221591,0,1,34,30125.580758123666
1699,52786.764286846694,1,1,45,31034.397244146396
1700,56791.04001546033,1,0,50,29600.700996221665
1701,48921.91655878687,1,0,35,27901.38139194957
1702,40489.718682159066,1,0,34,30118.758853773877
1703,40048.551607670546,1,1,50,19581.185216494225
1704,42772.01902685791,0,0,54,27554.837813504248
1705,42796.07530931341,0,0,34,27019.929908707792
1706,43304.83906240343,0,1,44,29054.08323813204
1707,44843.13194335281,0,0,36,29724.83156650248
1708,46041.11590193513,1,1,34,19066.27087786216
1709,52746.04651133653,1,0,29,27906.585730510466
1710,26205.726836810056,0,0,28,20793.284725102905
1711,57733.74806454158,1,1,37,31431.371935675936
1712,29597.02521462556,0,0,42,24819.52729190828
1713,32322.56992073813,0,0,46,24298.711415767746
1714,47451.83383559788,1,0,43,28477.46155819733
1715,50412.90565539589,1,1,44,25933.89974906543
1716,41348.220979127036,0,1,37,18968.490448970744
1717,48751.02165624239,1,1,55,34507.053288085495
1718,52782.03369066586,0,1,40,29225.2325860034
1719,43746.28866860916,1,1,26,21825.717144610346
1720,40795.721656427515,0,1,33,33137.95833374934
1721,36996.18741909686,0,0,27,24752.35166838144
1722,38120.75764511028,1,0,25,32894.89573298137
1723,53623.08851161133,1,1,24,32836.762996416815
1724,49518.17208002684,1,1,31,31012.15887889559
1725,31820.622156727746,0,1,44,27848.0910915137
1726,65414.39835352718,1,1,24,36041.85569129497
1727,38973.05784341138,1,1,40,18182.226478311582
1728,35118.36834373856,0,0,39,18844.666042389203
1729,43227.00505516933,0,0,35,23853.99070730298
1730,23468.248888064885,0,1,32,21454.310299654004
1731,37622.21322640686,0,0,31,27315.685463588445
1732,43164.87435941156,1,1,29,28893.332162959545
1733,48669.11359225358,1,1,46,23882.701171456873
1734,46183.31303937548,0,0,22,29386.337675401664
1735,58452.03903053377,1,1,29,30590.12107446802
1736,43193.52159865723,1,1,25,27524.18298332422
1737,29757.49385319896,0,1,24,16066.090911078472
1738,47448.09963828742,1,1,55,26589.428966941945
1739,51891.72555951377,0,0,46,36238.578275165
1740,38611.996333362775,0,0,24,25653.649033879916
1741,50930.068489128425,1,1,22,29621.191151515533
1742,37518.25036107624,0,0,38,19239.490622944337
1743,44315.547742294184,1,1,34,19863.4900597404
1744,44880.58233807613,1,1,36,23076.296832925014
1745,33597.47338676327,0,0,25,22306.038533142313
1746,51467.13206360475,0,1,47,36410.08584429644
1747,46769.98478333493,1,1,40,34668.7890267229
1748,40621.02818998989,0,1,28,29301.660984473918
1749,45053.33673498084,0,0,52,30291.971438700053
1750,64018.46725955609,1,1,53,33376.92449862044
1751,38140.32053692406,1,1,32,23097.34577809584
1752,38287.31710748798,0,0,35,26921.9278980694
1753,45320.6497349876,1,1,48,33856.777899057175
1754,50305.488170889956,0,1,42,29176.936067592436
1755,50244.74962854562,1,1,27,25791.77700428986
1756,50979.59744977236,1,0,51,30927.763773899293
1757,46802.13131632601,0,0,44,28226.57998179678
1758,39766.86035300275,0,0,34,27592.22081363661
1759,50009.16129227354,1,1,43,30301.99808058067
1760,22312.252348288206,0,0,31,19621.733478968716
1761,38758.58139908143,0,0,23,20379.398829949198
1762,45391.98172450322,1,0,37,31768.509036803873
1763,45226.441275271325,1,1,55,24470.806635742425
1764,58653.24077859194,1,0,38,30956.26023145111
1765,50187.66814308186,1,1,47,28189.510656477494
1766,45174.575767532995,0,0,34,24671.863495579382
1767,42008.03892998068,1,1,32,29351.002044961315
1768,51851.36891777997,1,0,31,25929.383000268477
1769,39917.618440575425,0,0,48,32019.489028756718
1770,45925.95974401228,1,1,28,30605.6781866262
1771,34168.01934895553,0,0,30,25896.317702956396
1772,53073.75269379629,1,1,23,23121.65801187663
1773,52350.2240848423,1,0,41,29508.779939751254
1774,43974.323068131875,0,0,36,28771.083264636214
1775,52611.54475581366,0,0,52,34545.24012322318
1776,41274.57495817126,1,1,44,21632.462809337234
1777,52603.56119664177,1,0,28,35592.94066535188
1778,57837.53132279053,1,1,47,26149.044075953832
1779,43370.242317923694,0,0,27,25880.905543490568
1780,36620.65936853718,0,0,34,24060.49899344391
1781,36083.79247522183,1,1,46,16378.03756817027
1782,51307.432355415986,0,0,45,34034.99561302699
1783,37861.41398778107,0,0,24,22012.97181578398
1784,49307.2394848352,1,0,39,31882.05064646495
1785,36168.96002147764,0,0,33,18199.81422490042
1786,48652.33557785967,1,1,26,27531.393419511045
1787,36780.27442151583,0,1,31,25316.67183621696
1788,30962.53069583929,0,1,32,27427.72315427872
1789,25984.33717500712,0,1,36,16947.51602263219
1790,42228.7729684544,0,0,25,26598.172587478894
1791,52444.63663745077,1,1,42,28868.43836714433
1792,41962.1482148847,1,0,49,36227.77738901831
1793,43610.43026431703,0,0,31,27586.824042034445
1794,47750.75883016947,1,0,35,26031.523344872723
1795,43226.09993079929,1,1,23,29156.375373852487
1796,52397.05249291492,1,0,49,27286.479680352404
1797,41576.9118685641,1,0,48,25119.987259141228
1798,28496.848554069118,0,0,25,27361.30991507291
1799,28168.096654618057,0,0,33,27275.73050094893
1800,47788.95721165371,0,0,48,28648.947512407296
1801,42124.21318207904,0,0,28,28904.584660863824
1802,43606.31553166584,0,1,29,22322.092045399077
1803,41124.53438108181,0,0,48,21019.26954522324
1804,41201.48261661172,1,1,41,20512.53954431862
1805,51026.16957826396,0,1,38,24513.8025834567
1806,50766.37113234084,1,0,29,34398.57754373127
1807,37020.57605759399,1,1,52,27838.116089612457
1808,45839.496555753176,0,0,26,32568.296486009043
1809,51461.277376600345,1,1,45,28207.30791539285
1810,29340.613775665563,0,0,27,22390.90133392038
1811,51263.38117707396,1,0,27,26104.960589231516
1812,35304.41843708757,0,0,55,28387.478852762313
1813,55058.13507535104,1,0,25,34419.1619423339
1814,55857.98529415865,1,1,54,28867.070173026284
1815,56727.633630962286,1,1,40,32799.0256511044
1816,29923.526573220068,0,1,34,18749.5289508575
1817,44927.981378393495,1,0,44,27439.351847347447
1818,52642.15376786562,1,1,52,25992.389453728352
1819,39351.625613279255,0,1,53,28454.235453202455
1820,43398.07495257385,0,0,28,30283.85816114729
1821,25778.083645560004,0,0,48,20202.190365602357
1822,46803.39104438099,1,1,42,28264.672666431008
1823,48142.60947917021,0,1,36,28177.312351738583
1824,44435.5404916904,0,0,41,38466.909606496134
1825,54125.223905162995,1,1,34,27779.511301499166
1826,57180.36754634066,1,0,36,32824.58932075397
1827,48437.908930849626,1,0,39,25324.576023107784
1828,39764.20221780559,1,1,26,27991.005394328873
1829,47242.962086771025,1,0,48,33402.628500567225
1830,63132.2634363076,1,1,39,38966.23483661662
1831,31926.059568372715,1,0,42,24287.670705641263
1832,29668.66054168522,0,1,25,24152.511319467005
1833,59493.17666865089,1,1,23,37443.63883732186
1834,47534.57844109801,0,0,28,26026.4115139247
1835,28744.994785062932,0,0,29,17543.205268553596
1836,50163.77795159172,0,0,51,29669.008365320427
1837,43967.69887694913,1,0,31,27589.63060392428
1838,34233.593305077804,1,1,33,22765.484941551993
1839,25415.951438746277,0,0,25,25630.081452803835
1840,37383.21480994752,0,0,33,29326.35942326518
1841,41932.989632150435,1,1,39,25660.97556742319
1842,52502.383296782995,1,1,31,26175.63507296678
1843,55607.24171848342,1,1,41,29547.4777642896
1844,49570.11733561213,1,1,24,30955.353560339063
1845,35332.280259803236,1,0,30,22735.097138120163
1846,41469.45028498034,1,0,33,21419.99435680672
1847,39582.30549854102,1,0,29,28221.529009420457
1848,35651.94764933738,0,1,48,18221.45909462322
1849,33240.88328954736,0,0,51,24276.354165030858
1850,54490.88346102729,1,1,27,30870.988963889755
1851,36427.41813392048,0,0,40,18369.697898701153
1852,55194.78281210924,1,1,53,26363.179831841007
1853,56464.71681955131,0,0,51,28998.182522197705
1854,50896.31162559087,1,1,41,35185.82350640259
1855,56981.50288102044,1,1,55,30667.30554440451
1856,38219.501389614394,1,1,27,27356.131222237982
1857,43675.775433996845,0,0,28,27600.053676933076
1858,56788.423904465824,1,1,41,26666.80541335918
1859,45274.83822888689,0,0,45,35756.88105952079
1860,51671.92322770765,1,0,30,25955.28975131064
1861,36995.9117111364,0,0,33,32096.080171614576
1862,26461.040235672015,0,1,50,17151.85868904438
1863,35064.06527377966,0,0,30,26814.42078850044
1864,44074.848578929275,0,0,36,29621.40306635985
1865,36201.46815797998,0,0,38,27426.86433530054
1866,43506.84041567197,1,1,36,26971.551838596435
1867,44322.88025786065,1,1,48,29786.012518643
1868,46378.603892325686,1,1,55,23258.593374940123
1869,35076.85973346654,0,0,41,25494.277925218983
1870,66029.95854472037,1,1,48,39629.437139767506
1871,34428.70463603597,0,0,29,15324.735148766795
1872,37317.33221076537,0,1,27,26892.15572327574
1873,41331.55103044312,1,0,51,27471.664732817968
1874,43350.82811117423,1,1,33,25089.131479743945
1875,49105.677068043355,1,0,37,26108.09413674128
1876,53904.97876496795,1,1,45,29403.01960092395
1877,63231.60072250625,1,0,52,35811.29565826388
1878,43215.96426148647,1,1,22,29975.28577612994
1879,35439.351028137105,1,1,33,32224.427569748295
1880,45735.99806374731,1,0,48,31679.89177217806
1881,41902.846502394495,1,0,25,33052.163425819606
1882,40930.645199647646,1,1,55,21461.46116851978
1883,39775.03283685093,0,0,23,32755.914217363177
1884,56302.156993465826,1,1,50,35232.981980007
1885,69890.60069559427,1,0,43,37961.69211056522
1886,52112.09780102885,1,1,43,28505.018310088504
1887,50436.16523362273,1,1,40,36721.65950186553
1888,39149.453518196184,0,1,55,23915.063400863975
1889,33420.04481192134,0,1,22,24564.04284790595
1890,28226.430146443803,0,1,33,19325.443991300486
1891,39144.7020637563,1,1,38,26167.699285268936
1892,44845.50309734059,0,0,33,19409.907349415116
1893,38085.935033876376,1,1,39,22908.707224794736
1894,33383.036945084576,0,0,54,22296.514073838483
1895,30788.534131849152,0,1,29,25864.44633692696
1896,58352.30445158403,1,1,41,34071.41104597196
1897,35477.04695826462,0,0,46,24611.35296536445
1898,58212.3262840511,1,1,33,33685.17225737635
1899,41512.01722908437,0,0,52,24945.143341376504
1900,48584.07370850779,1,1,22,32646.812977900634
1901,33233.026621849225,0,1,44,27529.689249781568
1902,49704.9987253943,1,0,53,32505.48147188237
1903,49688.75039036867,1,0,32,27357.27008053381
1904,34541.00027187567,1,1,45,17750.61473677733
1905,40611.74214356033,1,1,30,23659.78532553341
1906,42115.101626240656,0,0,53,30599.89479531197
1907,50182.79505187489,1,1,41,31056.618003668566
1908,49305.1552170717,1,1,47,25364.785876562644
1909,51331.20828106034,1,1,24,29403.268962198825
1910,38731.14540266195,0,1,49,23403.399773726254
1911,42785.095787846876,0,0,40,32989.87697803659
1912,47475.14857335774,1,0,34,28208.793669110586
1913,37501.76534464433,0,1,49,32060.946635568398
1914,60545.816056380936,1,1,42,21912.425703156972
1915,36070.815015373824,1,0,49,25365.707677659804
1916,48553.440959385494,0,1,54,31500.219531542276
1917,43388.181466738715,1,1,47,32472.897378963477
1918,40483.338152065895,1,1,41,22329.983525444553
1919,41433.63194566935,0,0,32,23642.29113947112
1920,41714.99643675116,1,1,44,23907.94136905518
1921,36187.982025277415,0,1,46,27164.370695521244
1922,50744.18569703097,1,1,28,34063.516788268455
1923,44261.786997615134,0,0,34,28370.319664601368
1924,40648.87682224129,1,1,50,25503.945199184822
1925,49137.903595210366,1,0,51,26558.12726935613
1926,45683.67934462431,1,1,31,23526.593797300407
1927,60583.31006267048,1,1,28,31316.217755079975
1928,48952.11286103197,1,0,40,26305.76308822744
1929,47695.03116014587,1,1,22,18427.050721748885
1930,31659.060898512198,0,0,36,28947.196098040236
1931,62991.853328943216,1,1,45,36321.842188917246
1932,47614.27508351767,1,0,47,29855.362627708386
1933,59861.596424100535,1,1,48,29285.928885087043
1934,52549.582545847945,1,0,43,29400.113442521564
1935,45525.140004390196,0,0,28,24861.49684467618
1936,50426.71182343851,0,0,31,29313.08717967843
1937,46385.45709743007,1,1,38,32153.590061773964
1938,42774.60828554576,0,0,22,20948.214552960704
1939,41760.569846795515,1,1,42,26479.019387105873
1940,42634.27857435092,1,1,43,28134.81192648692
1941,54102.72582425713,0,0,38,35567.48414134459
1942,41140.054777467616,0,0,26,34337.796374988175
1943,30799.388766363914,0,0,27,26058.714945677944
1944,55628.40784650374,1,0,38,34174.08345146239
1945,26860.32377853649,0,0,50,28266.655018538186
1946,54996.79145294569,1,0,47,37731.2186696221
1947,41310.06321094056,1,1,36,31712.373928375353
1948,65019.05510675922,1,0,35,33602.12509690132
1949,42994.082460094956,1,1,54,27981.261321489314
1950,32828.3053423339,0,0,39,22395.135342612575
1951,31347.053509079888,0,1,55,22777.6789379415
1952,47074.07941421546,0,0,23,24577.6223222005
1953,41413.75364438757,0,0,55,27411.662451578875
1954,34574.24153385117,0,1,46,21263.60298919271
1955,38482.06172039883,0,0,25,31398.60993245513
1956,73302.65431543569,1,1,55,36721.00366856412
1957,29398.7958923544,0,1,35,23759.54306349577
1958,33195.78001802764,0,0,24,29893.977148382342
1959,51780.681432314195,1,1,50,26523.89194465381
1960,46380.370363823946,0,0,41,30504.29635046889
1961,55252.445425126425,1,1,55,34248.82015278749
1962,35005.52629788486,0,1,48,19844.950960032962
1963,52457.07691788272,1,1,49,26134.48077430171
1964,35639.77163577374,0,1,30,32025.568777823395
1965,49274.68069810951,1,0,49,26845.309775838952
1966,38263.081054088994,0,1,29,29286.3212100227
1967,31403.1343251145,1,0,29,18387.219045434133
1968,55450.74564166849,1,1,37,30826.808770589585
1969,38184.68504262284,1,1,37,23225.15313641572
1970,54534.68965152452,1,0,25,36379.01144934164
1971,60677.33462514768,1,1,29,32673.2825020107
1972,31178.462899532038,0,1,45,29939.519462597782
1973,46630.19823615337,1,0,28,34484.12072764405
1974,46466.83499147489,1,0,24,27648.281524826427
1975,58971.01227766561,1,1,37,30848.12250687236
1976,45109.09351639239,0,0,48,27481.37829404693
1977,39064.9554405823,0,1,22,29320.730191489456
1978,50982.75496522361,1,1,43,31519.534869925035
1979,43464.27219876456,1,1,43,25936.095828305406
1980,51074.1157684197,1,0,54,30360.638837610823
1981,51871.75009265276,1,0,27,32718.862495132827
1982,42159.469031555534,1,0,26,25357.648747531526
1983,28226.08461019759,0,0,53,14471.539295560255
1984,42758.87509878852,0,1,44,25043.34455463474
1985,37058.88117183615,1,1,39,22375.669309877692
1986,33105.851168395166,0,0,48,16348.78038512492
1987,52002.12134544121,1,1,33,27352.151132669816
1988,27086.229558105122,0,1,39,22243.573431772045
1989,27024.053207765864,0,1,26,15793.298507366198
1990,41747.48875901529,1,1,33,24125.988844745163
1991,22824.430925082015,0,1,35,19459.999764423483
1992,34370.5757167706,0,1,37,24842.506727423377
1993,36143.8220955047,0,0,42,27965.771652015137
1994,36149.23548219748,0,0,28,23415.824276274958
1995,43971.15057294685,0,1,45,23795.609175839185
1996,19954.55522063068,0,0,39,14035.918301390731
1997,49941.74035562825,1,0,51,33207.44146116549
1998,41489.84495064586,0,1,23,28666.545023923554
1999,34919.342194112236,0,0,41,20501.255206534777
2000,43481.06545069605,1,1,50,29283.89017066281
