student_id,final_score,scholarship,female,baseline_score,parent_edu,age,study_hours_after
1,81.46960266946849,1,1,0.4868602146919443,17,19,9.830727828962033
2,69.19933962404684,0,0,0.5112262314797795,15,23,5.995382201229754
3,81.60510093275052,1,0,1.0692509891892898,13,24,6.298639172901678
4,75.46153573848775,1,1,0.7781086028253598,16,30,9.01614784100863
5,68.4768086199972,0,1,-0.5831852946205632,11,22,4.798319338767288
6,66.0467342591584,1,0,-0.6821448423318378,11,28,9.589744509354496
7,69.62019545469096,1,0,-0.5669819785600322,13,19,8.572013231201938
8,69.34876518299718,1,1,0.5016039129283905,13,26,8.250329194718987
9,52.58914275877679,0,0,-1.189293454852263,14,24,6.5560389904193555
10,56.585079048169504,1,1,-1.0445145569212164,12,21,6.103625798766697
11,71.15207265051853,0,0,1.8609197063236818,13,18,10.148390517454516
12,73.95724606914672,0,0,-0.1825434833986985,13,20,4.3886509057649
13,80.04808552189633,1,0,1.247194687245945,13,22,10.203578674573649
14,79.25803427545455,1,1,0.2635108634893177,15,29,13.126302025915267
15,58.469637335559156,0,0,-0.9564768711043439,13,26,7.4267058151858
16,61.5529752507001,1,0,-0.10318859181838393,12,22,9.787993540879413
17,60.56746302772653,0,0,-0.6383049352574786,12,21,5.403499417152979
18,87.7339118667036,1,0,1.0818438633372722,20,24,9.390442608731215
19,88.09367625815476,1,0,1.0197782547669345,17,21,9.81086951455402
20,55.03219195197311,1,0,-0.21899459439771113,8,25,7.710086908330942
21,68.05277948976853,1,1,0.5097132161867991,12,26,11.288385753955199
22,66.1742766257998,1,1,1.1986329980683688,10,20,6.508151547016256
23,64.1395269995363,0,1,-0.8159083260222828,16,19,6.518733708099273
24,81.25474402306331,1,1,1.074808947326275,14,20,8.792007982232771
25,56.20997932003367,1,0,0.20676445578911098,8,29,6.588226439986435
26,57.44883484156286,0,0,-0.463724207173072,13,30,8.964576876061393
27,57.531693754152485,0,1,0.5447413748515177,14,27,5.698593118443579
28,69.93926928058056,1,1,0.6561777555130686,14,21,5.284316933069086
29,68.91620360117903,1,1,1.1972915181361685,10,28,5.099803864928832
30,72.3532010254026,1,0,-0.04252355194141793,9,24,6.110273886083072
31,86.11760649432776,0,1,1.5824812734818323,17,21,6.962761098523398
32,59.868679150317725,0,1,-0.183472216385856,9,25,5.029534513141614
33,77.91249173221803,1,1,0.37799742794612623,17,24,8.219397718441565
34,69.14954265704425,0,0,1.0303120113367468,12,24,7.302178884842533
35,66.71791091380398,0,1,1.0747536070814687,9,19,7.530027814263598
36,50.92918823232129,1,0,-1.3040886032132697,15,29,4.790535016507707
37,72.64710119166928,0,0,-0.8019896032471986,12,19,8.752538147165449
38,69.13978755469861,1,1,-0.3969035706197526,11,28,9.352811589408418
39,65.04859377129549,0,0,-0.17926648797174058,14,29,7.690871469556805
40,70.31660292957113,0,1,-0.370258409664709,19,30,4.160153403450997
41,85.79870729693963,1,1,1.3938857369964108,17,28,8.695439368221999
42,81.571525099469,0,0,1.2653276971024465,11,18,7.670861115840536
43,51.268019586255065,0,1,-2.1621132394004388,9,29,5.79071891078578
44,69.59180432471489,0,0,-0.2052932579054581,13,25,7.069020545078603
45,85.45570217257568,0,0,1.2601442921723311,19,18,8.622128142143247
46,76.50377589546687,1,1,0.7366012910281927,11,27,8.865014895306738
47,75.34909969014534,0,1,0.9627891404171877,16,19,7.065516684375357
48,65.8346405031452,1,0,-0.22099889220217928,14,26,9.756655668700764
49,68.04232730621007,0,1,0.3064489302281299,15,30,6.858319394192342
50,60.79431413006217,0,0,-0.5102312913996281,15,24,4.227556283674106
51,68.82435719404829,1,1,1.2199133133018953,15,27,6.417554799756915
52,59.84159180458651,0,1,0.15259081771562488,9,27,4.721867892920718
53,75.33650534359461,1,0,-0.4394097844519864,19,21,6.145924973578838
54,63.41778191973577,1,0,-0.3837889637581736,13,22,8.950777703458568
55,78.03769609067359,1,0,1.2576289787329178,14,21,11.412908316585725
56,79.43789712027424,1,1,0.4677184151349474,16,23,10.490671071682549
57,73.11591142494414,1,0,0.18841852944592175,13,29,10.938447253767809
58,80.90657102401248,1,0,2.1353558014983833,14,21,9.990461033062317
59,62.27767812453894,1,0,-1.2706359114218269,15,19,5.772062358575517
60,52.85554205789785,0,0,-2.305524913837569,15,28,5.768722305944175
61,76.65566635766156,0,0,0.5182842805862325,15,25,6.659605598156771
62,75.52758146822248,1,0,-0.6230911762537494,16,28,6.910735435729733
63,81.90086362873005,1,0,0.8064249320487267,13,28,10.350131348253296
64,54.92561658716897,0,0,-0.6349176418168418,13,20,3.6859431417360815
65,62.05047617708584,0,1,-0.05348286857354537,13,23,2.7741253193879025
66,56.968865961713206,0,0,-0.9758642972639847,14,25,5.4448361097131475
67,63.60176615097099,0,0,-0.996430516485901,16,23,3.5642276740431282
68,71.70009368018184,1,1,-0.06578492723293017,17,22,7.682025180850945
69,72.2927127380344,1,1,-0.23250474405593158,13,30,9.12171341685141
70,65.49455847275779,0,1,-0.7348258603781955,10,21,3.51490295607018
71,86.71653976562656,1,1,1.6098057099588918,13,28,11.696310387939414
72,56.50104636260839,0,1,-1.6156339765803056,16,29,6.2153784954330895
73,66.91881232370042,1,0,-0.07170637700308631,13,18,9.039542090305105
74,73.06733178705653,1,0,1.5142166687059784,14,25,6.964225839410623
75,63.91880205534375,0,1,-0.22349568293351005,13,25,4.678763611633242
76,82.58932757754211,1,1,2.0819356249052587,14,19,8.975975636165876
77,86.15742229833063,1,1,2.6296335325540903,16,19,12.922746045991232
78,71.76759651919772,1,0,0.8635372713819137,14,30,6.790236492447756
79,64.17515123684962,0,1,-0.6198968746556652,15,24,8.319041288305366
80,81.38067425755395,1,1,0.7216491723685233,14,30,10.280081886176491
81,71.3574126896324,1,1,1.0203261923295834,15,27,9.81772435961366
82,79.23490132319503,1,1,1.8633384073703716,17,24,8.044646104865272
83,76.36034585085437,1,0,2.029498178030198,13,29,12.413061221095205
84,72.43955442625646,1,1,-0.849647989426162,14,25,10.46251305755365
85,77.49069531293112,1,1,1.7508478670674201,10,26,11.831462879881961
86,73.77710478263701,1,1,0.8436325376214053,19,24,9.075957333353887
87,54.52589160111052,0,1,-1.127180184541747,14,30,8.150759454286586
88,58.590390450130336,0,0,0.7269499204648716,12,29,5.659897023665987
89,72.4026171282933,1,1,0.35722585722160793,15,27,11.033829663542846
90,56.258931314218685,0,1,-1.4844338161327337,15,25,5.490363214653424
91,76.25307068491387,0,0,1.4032625806079768,10,24,7.719173272975192
92,71.91655357171905,1,1,1.3083439323776922,8,28,7.829531581388229
93,75.70233514151529,1,0,0.4166912839613067,16,22,8.947927746496214
94,59.061248320323614,0,0,0.0860252432070253,16,23,8.837919369899486
95,66.89254664243644,0,0,0.0931023024949852,11,23,5.661515723682312
96,66.37981501940223,0,0,0.4626393170617893,11,30,7.922080308982188
97,67.39141808602334,1,0,0.3374554313858016,14,30,8.586017757327065
98,70.3729889582192,1,1,-0.6402366607497579,12,18,8.16719412301073
99,61.75839582388592,0,1,0.6352757935698501,10,19,9.009016136125238
100,53.74801451044397,0,0,-2.1491074412751163,16,26,6.185090178659191
101,65.7016719765369,0,1,0.6858363667050932,12,30,6.23623048646642
102,66.09595938912408,0,1,0.297209698412856,16,24,5.906769771079116
103,78.98442708368955,1,1,1.0253327656729012,17,29,8.187004822757178
104,63.431699868637615,1,0,0.9642138696150404,13,21,12.758218107753368
105,63.99524767086107,0,0,-0.6638786121944362,16,29,7.117859670262826
106,76.71638417390962,1,0,-0.3530806035269379,16,22,9.94850011823747
107,65.75615708391527,1,1,-0.07964115340459835,17,30,7.468846086043737
108,70.19030957326669,0,0,1.0616654886903676,16,18,8.633954370554605
109,69.84831700863377,1,1,-0.14040624847509883,10,26,11.176588667599304
110,62.264108282488685,0,1,-1.4771469279381118,17,28,5.9855229054039
111,71.42120653109674,0,1,0.6724233472274699,13,18,8.659775802254318
112,75.33817648234135,1,1,0.9991081340898506,14,19,10.256755028662567
113,63.4667009657625,1,1,-0.7194670531086044,11,30,6.059315701476338
114,62.03537939471389,1,1,-1.5375026091311472,9,21,9.364972596581572
115,52.937566628873974,0,0,-0.9514243532787171,12,20,6.871094762308586
116,69.70348489615664,1,1,-0.454550261258316,16,18,8.706076442914874
117,47.82659487192912,0,1,-1.9830016863792834,15,25,6.44594334936928
118,57.96949648188452,0,0,-0.4300143850141532,13,18,6.61052215374821
119,61.43611903149267,0,1,-0.10995029319181583,13,18,5.60923535710318
120,65.82183310737007,0,1,0.021362895486865124,16,29,5.40108224331915
121,60.05323916699336,0,0,-0.04858352977842886,14,28,6.9038463335405424
122,64.89460203441196,0,0,-0.14826505007297183,16,28,7.627714402802566
123,68.73183649329972,1,1,0.5368788876331813,13,21,9.655575031330349
124,78.00739524117384,1,1,1.983147864392684,15,20,12.13245595570006
125,72.28259086637202,1,0,-0.27101456538657454,13,22,10.968613711015516
126,69.7113516067902,0,1,0.03422422170354904,14,26,3.6471432431779274
127,61.031147436886634,0,0,-0.2195880545844838,14,29,8.293411453577965
128,69.43106949122377,1,1,-0.5672903966549826,12,22,8.450067681108184
129,62.36082635910242,1,1,-0.31823571871483475,16,26,9.133076239717496
130,60.55853625507055,1,1,-1.3989533217596493,15,27,9.396754209007236
131,85.86980448896915,1,1,1.335879151298958,12,22,11.49054673825954
132,62.31602120228925,1,1,-0.2951076854312324,14,22,6.731702349471441
133,68.52153107373631,0,0,-0.21730551774132673,16,28,5.237319155374317
134,70.27270685854069,1,1,-0.2494119989148351,14,26,9.461423617702357
135,64.84438994617412,0,0,0.23849640815339118,14,19,9.929847404928164
136,64.34120496831436,0,1,-0.0976696999809402,11,25,6.185097823872495
137,65.59555357871156,0,0,0.8054638453917925,14,25,10.172883885961975
138,53.677803776765415,0,1,-1.0714138375829787,13,22,2.5623921259074285
139,64.51340982796955,0,0,-0.3448351603708125,11,25,6.569841576002847
140,63.48756665421734,0,0,-0.6745262554038041,8,19,5.835777017863469
141,77.43475178398538,1,0,0.8066586651895802,14,18,13.24344831107679
142,62.19866240798695,1,0,-1.9748807132635704,12,28,8.390659890617616
143,69.40026730291653,1,1,-0.265504260975184,16,27,10.164912397448697
144,86.13199708137984,1,0,0.9340646808487499,12,22,11.795188251392727
145,61.38155558009997,0,1,-1.1697527271830754,8,26,5.959509577636306
146,60.82521459460938,1,0,-0.06924172723025124,13,21,9.347163336534093
147,66.59746710078068,0,1,-1.0808669599058403,10,28,7.983936414289685
148,59.871668159941606,0,0,0.24547022910812846,11,25,7.926313569150961
149,71.37057191068278,1,1,0.835102897723826,12,22,13.940599367406598
150,71.23398471059127,0,0,0.40263355807610063,13,23,5.489965506222821
151,74.28257958029613,0,1,0.459952570113527,14,19,4.440050277211613
152,59.48607362383751,0,1,-0.5300128791541779,10,19,7.697047499213237
153,56.218107257880874,0,0,-0.36524442579038857,13,30,4.804453968787577
154,64.28043495926542,0,0,-0.7157740957633495,11,29,7.931030217969977
155,73.68812864522188,1,1,0.6775199637131376,18,23,9.879552676164577
156,72.3840708458417,1,1,-1.9400175769712027,13,20,7.1242504454967435
157,62.80327864197986,1,1,-0.7823520082391929,8,19,9.32857235296804
158,74.61282239886748,0,0,-0.5582005785016071,14,26,7.627783825927065
159,83.49667999782014,1,1,1.4256697767239654,14,26,10.10485335721986
160,76.18135065341804,0,0,-0.09719176401421457,16,26,8.782630888347118
161,80.8402962863676,1,0,-0.07955923981638133,14,20,8.931282023557497
162,86.35065766485933,1,1,0.9788411685861083,14,23,9.619144358016015
163,56.23618203035282,0,1,-1.417364163272754,9,29,4.725139144078716
164,80.66447054842861,1,1,0.9220696019898117,9,21,8.741858946746179
165,70.76653175735737,1,1,-0.6320298060465303,16,21,7.380404670265972
166,55.46768652986086,0,1,-1.921590822123258,10,19,4.348849369499256
167,62.417070920959695,0,1,0.4303690788043809,12,23,5.943272929956029
168,63.91186879946796,0,1,0.9431661797059474,10,19,8.89490207703668
169,62.35640108672507,0,1,-1.375888420174431,12,26,4.104117612113362
170,56.189189890420934,1,1,-1.5030904138158916,12,23,5.081156808043971
171,70.86345503865915,0,1,0.6628657623351248,13,20,5.3436761722238355
172,75.47783393856402,1,0,-0.5303626820131878,14,18,7.141235476232162
173,71.59958088687631,1,1,0.4797441027046897,8,26,11.436069202865205
174,58.708113904372276,0,0,-0.3374327717903144,15,29,6.910277949118393
175,65.16136881285753,0,0,-0.3113376654412844,16,25,5.780069187994971
176,68.50798014019644,1,1,-0.961946800887991,11,19,8.253521857415787
177,57.325795449672434,0,0,-0.4237479047188266,12,23,3.982333398086437
178,47.97011143724451,0,0,-1.505642337462282,16,25,2.6622272307880035
179,76.39958899224355,1,1,0.36013588382266293,18,23,9.159371259929607
180,70.9044589795756,1,1,-0.7514214416120568,13,28,8.03319226268705
181,70.48352992457076,0,0,-0.561787217089396,14,27,7.5078176084296295
182,71.31339986197985,0,0,0.7089376867192598,13,20,6.980763278448584
183,58.46474677553654,0,1,-0.9523949675252071,13,29,9.540888461025874
184,59.99543714790934,0,1,-0.9920843634426383,15,20,7.2739312028205845
185,57.47545954176243,0,0,-0.14973752301823418,14,19,8.022336955927146
186,73.2018277716704,0,0,0.5901886334512025,13,22,7.739912399272689
187,69.02260943477773,1,1,-0.9441973180187868,17,29,5.7848465894113135
188,66.27005054304983,0,0,-0.4032547972286082,16,26,6.633095855528279
189,67.20796290230776,0,1,-0.27646823220430716,14,21,6.445183553102545
190,66.41993581531314,0,1,-1.0043626660052376,13,21,5.162951535914029
191,50.37513086465366,0,1,-1.0296171926690136,12,25,5.856293609851468
192,74.36675160072609,0,0,0.29035864713873655,15,20,5.221770362793918
193,65.3084971187922,0,1,-0.417582444890165,17,18,6.994477396816354
194,60.453370953968,0,1,0.8522133876817545,11,21,6.669279529003539
195,55.255945456050426,0,0,-1.8136098164566683,16,29,8.688937729429716
196,61.99716235778776,0,0,0.08295136660671229,11,23,6.0448674406358665
197,81.35720849771454,1,0,0.10152040833462732,16,30,8.682588713454034
198,67.58942670270208,0,1,0.10570386673901941,16,25,6.261802413229284
199,44.03917681895944,0,1,-1.1198866882908154,10,24,6.166366084170206
200,75.70008770360435,1,0,0.5835634860075364,12,19,9.518302022196858
201,50.987159597232754,0,1,-0.9102139142046696,15,25,7.717061032322173
202,65.08648653652872,0,0,0.7985541238743494,14,25,5.4121574758225925
203,68.21729057377459,1,1,0.02823643725903365,14,19,8.81417938742634
204,67.46028959515037,1,0,-0.1671954585128325,14,28,8.153537096135507
205,67.48277504748091,1,0,0.09666874144461267,12,28,11.583148721451998
206,59.019963964767875,0,0,-1.85748647338436,15,26,5.509741362952152
207,74.32149159344797,1,1,0.7747572413662878,11,27,10.746868176356122
208,73.91192972181595,1,1,0.6521216596966445,12,19,8.056707403828451
209,63.62620727436257,0,1,-0.7869020579075949,10,23,3.69595468464228
210,72.96093992129795,0,0,0.9194685017297433,14,26,5.079538471081991
211,73.00675686936911,1,1,-1.0824413389962801,19,20,10.068794203701056
212,73.80438146587969,1,1,1.7860049749021003,12,19,9.774911589607571
213,56.68702632429763,0,1,-1.164452308635815,17,30,7.780752180030659
214,64.20314268898981,0,1,-1.4743434714575314,16,21,6.610142987778597
215,66.75478474551743,1,0,-0.30292627787370285,12,20,6.9177891990979195
216,57.515170824475895,1,1,0.08088314805296826,10,21,5.5834266224094575
217,71.35645913024823,1,0,-0.20354360543939828,14,21,8.162113440505232
218,60.236694784366065,0,0,-1.7273246650531187,14,23,5.122561847382668
219,68.11515346203699,1,0,0.9071798508062842,13,25,12.878061651180229
220,49.64065332157058,0,1,0.4126137436631154,10,24,8.312057903719005
221,87.49553890700406,1,0,1.11526509758202,16,25,13.774563034999527
222,67.146158791817,0,1,1.1029608338642196,14,26,4.219407679803231
223,56.081239737930005,0,0,-1.4745671354903067,12,24,7.349497600000487
224,81.55445401284328,1,1,1.2004978871924457,12,29,9.17168920148242
225,79.366443773268,1,1,1.6401698199851367,13,23,9.867656104556026
226,42.151685418449915,0,1,-1.4855497178175892,12,21,3.452864151195082
227,67.58990514758425,1,1,-0.7890104427353314,14,18,10.28645911681138
228,75.22589046950186,1,0,-0.6662772963419671,15,24,8.170274795441802
229,69.76915342598583,0,1,0.0696823983722502,16,19,7.113995577366909
230,52.00900240529417,0,1,-1.4953141912940955,9,29,0.10272936246566111
231,60.132271212196486,0,1,0.5483138239560872,17,20,7.480491174216055
232,51.40925893204878,0,0,-1.250191581903247,15,19,5.35929559362875
233,67.04653845760906,1,1,0.7044755000427344,12,27,9.788968759758799
234,82.17247129598331,1,1,0.9497308062024762,16,20,10.006322694289981
235,69.57333339009162,0,0,-0.021940400075147908,10,24,7.579168626473217
236,64.06137891771472,1,0,0.6309661101717129,8,25,6.633435274914574
237,63.593486105411664,1,0,-0.4192272710276572,13,19,9.733012528276959
238,53.72985582310197,0,1,-0.4030398207734378,13,27,3.3363593550144697
239,73.92602440784385,1,1,1.2002170452067307,14,29,9.690087948343415
240,83.48593720333018,1,0,1.120243455571723,12,26,8.961455063997041
241,76.95453194930136,1,1,0.3059521899674494,15,24,8.187551241789512
242,75.10735251825247,1,0,1.4210432400323285,15,25,9.564613691495657
243,68.92803543696226,1,1,-0.1110273533112451,11,26,7.394386678155994
244,72.01453241083138,1,0,0.6403626015362639,13,26,8.4151165430246
245,70.12217841184449,0,0,0.21690580328435144,14,30,10.245915812166707
246,67.00037547835657,0,1,-0.8031674411461636,13,20,7.707911861339133
247,58.56771857215729,1,1,-0.9837685533949971,9,22,7.973523585937629
248,75.87267051173161,1,1,0.7264275428107686,13,20,10.108692328573579
249,62.02357479315932,0,0,1.0130253468073922,14,20,7.354593735755387
250,79.74446076230853,1,1,2.481429976869529,10,28,8.66392422204434
251,57.97412641106147,0,0,-0.030647182933675132,16,29,5.830060725892446
252,60.22711142878385,1,1,0.08267204646175547,16,23,6.104490740797996
253,75.00310127012801,0,1,1.218426267248837,8,22,7.681738494979284
254,78.31679790847666,1,1,1.347820451757518,14,20,5.842738168106508
255,55.59731895657522,0,1,-1.104638245953374,10,23,5.699917790127934
256,76.08125646250049,1,1,1.7556109270747808,10,20,9.002323061074582
257,61.83155797798594,1,1,-1.2607832399908505,10,19,9.75621042704912
258,78.960747158483,0,1,0.386776539388026,15,24,7.9794861509740755
259,58.69126472982876,0,1,-0.7354142641889704,16,22,4.84870738083906
260,65.57785787330084,1,0,-0.853666763572241,15,26,9.881687899596109
261,55.09580129229893,0,1,-1.2227735052403634,9,28,5.731954240171872
262,66.5342390900572,1,1,0.3250163272695688,18,27,7.6777276553502025
263,69.66639504732359,1,1,-0.542928517584671,12,21,10.892822978599247
264,65.2698250908742,0,0,0.18220487972059046,14,30,7.403021677846382
265,66.93927187808288,1,1,-0.6266476510861637,17,25,6.784279800378098
266,61.08812895803636,0,1,-1.3032391821707363,13,28,7.555201140311778
267,77.7390658769349,1,1,-0.024816272881555128,16,20,7.745956444531052
268,53.525437256144954,0,1,-1.2318745263986928,13,30,6.866622357119212
269,62.4102379349711,1,1,-1.5327666137104043,15,26,6.248736923068693
270,66.84002571702423,1,1,0.19973612620845446,10,21,6.691103899661225
271,53.52927408057853,0,0,-1.4430515983847054,11,18,6.589336788219064
272,66.23651759512154,1,0,-0.35781845860356265,14,20,6.106174144746069
273,77.87429436325685,1,1,0.3453736798422282,16,26,7.6846113533382345
274,69.50918506274921,0,0,1.1365988678727987,15,22,1.9433486454410502
275,73.75124800505405,1,0,1.2633499830175243,13,27,9.339449213270033
276,81.86521484820068,1,1,1.4167252994128894,10,27,12.739120361275019
277,66.8772719568617,1,1,-0.3166589903562511,15,21,11.615942157739495
278,81.72169597644745,1,1,0.5463227465678075,13,23,8.673127364093546
279,77.12580740321458,1,1,1.2716529386796247,20,23,8.464252270886583
280,69.01197623511214,1,1,0.048954847757620344,13,22,8.051720251098331
281,51.78833584600627,0,0,-1.4744583383154837,16,28,6.216319495572968
282,60.44686088444709,0,1,-2.351789034796556,14,24,7.48232352778248
283,68.74918413113609,0,0,0.7760277674810733,14,29,11.590285921163247
284,77.23442148586871,0,1,1.688745337827132,13,27,8.582490410275236
285,69.4280885600115,1,1,1.1796411037698,14,21,11.190421095456035
286,60.57465285707092,1,0,0.24726956448375054,11,18,7.51511719862893
287,75.56694662818788,1,1,0.12248581446131368,14,26,8.713187966466972
288,79.87727145128594,1,0,1.5820296362613153,16,27,9.437978378336052
289,60.7860278796811,0,0,-1.6757060565070105,16,30,4.931153865185644
290,57.23641675757838,0,0,-1.415102917796064,13,20,5.6083849759970885
291,72.86640787943557,1,0,1.5551267190402682,11,28,5.040936732919405
292,77.74551813561638,1,0,0.11940744689192287,15,22,7.476259315194431
293,80.80786792911752,1,0,0.9063005233690202,13,28,8.893735959776357
294,56.37567677617598,0,0,-0.3604197609360274,12,27,7.048180219930749
295,64.57736950499064,0,1,-0.9292385452677585,13,26,5.2468023157094255
296,63.14423956852783,0,1,0.004895663903198722,11,29,6.0979145664766
297,76.00322934550417,0,0,0.700978292069175,16,20,7.803661324801544
298,68.14598601680119,1,0,-0.28739149469678005,13,18,3.6087363052678345
299,76.61014807926334,1,0,0.5189229532401266,16,23,11.554291512651915
300,58.879713125092735,0,0,0.3559469128649328,9,23,5.105426791911238
301,64.10657679689605,0,1,-0.4996832148433542,12,28,6.342832781741091
302,62.20925062231249,1,1,-0.3787497024176108,16,18,7.254793530635078
303,74.16557840789912,0,1,0.25334089405975324,18,24,6.227556929478226
304,65.37549243040046,1,1,-0.5292647505087987,17,25,10.107584977964926
305,71.77124731145902,1,1,0.40238062687419646,14,30,7.862121368716803
306,72.07353140348255,0,1,-0.5515720820732181,12,20,6.94647835848878
307,66.10927821566365,0,0,-0.5083911211516075,16,22,6.568173450524382
308,66.87884690589783,0,1,0.3453666722486495,11,20,4.836629257861079
309,83.17734160766415,1,1,0.7312953332698348,13,30,8.527330328901188
310,69.1247908833242,0,1,-0.053025458369490505,15,27,9.34606047723305
311,68.76002799566251,0,1,-0.2656305548125962,10,23,8.69507280584622
312,61.92752360543248,1,0,-0.08364112089434589,13,19,9.708527753216837
313,57.02215073937459,0,0,-0.5873652000493188,13,18,8.092134771711661
314,56.474291281261785,0,0,-0.5055768568868053,16,29,3.7990331491886282
315,63.27446793820256,1,0,-1.737932393584436,14,29,7.2358797261880765
316,75.63708291179802,1,0,-0.4639670422549011,11,24,11.838628849916095
317,63.44085796570255,1,0,-0.28796255488049033,12,21,9.009969840567543
318,67.6487998233099,1,1,0.3547150764020539,16,19,6.287610311408101
319,64.28987038433803,0,1,1.496984378517402,11,20,8.323424385086613
320,56.17495410044585,0,0,0.11270988991970401,11,19,4.212443139962273
321,69.62702678287093,1,1,0.3279728653695439,13,18,7.492556490266649
322,70.04352764358346,1,0,-0.47210613904292015,15,21,12.184155782989647
323,70.92390924265462,0,1,0.602612545865267,17,30,6.889488895639699
324,66.52925624205528,0,0,0.09904085879145552,12,26,8.324423933113213
325,77.75374678235073,1,0,1.86400868528999,16,27,10.386694341085194
326,48.6493252902545,0,1,-0.6773495005611011,14,27,7.584824054416664
327,60.30239414253589,0,1,-0.4072407444302245,15,28,6.124128473343807
328,62.59547795466916,0,1,0.717567061021389,13,29,5.4403777650018466
329,81.21829705304098,1,1,1.33709188912563,16,26,7.922433498208008
330,67.97494682289401,0,0,0.22639986172076765,19,30,6.970156710029883
331,59.66732956819057,0,1,-0.029893005317377125,12,20,6.322190682404557
332,62.20954650562013,1,1,0.4532405955703711,9,24,7.94830446104043
333,60.518035030674284,1,0,-0.5559654027048208,9,30,10.892407458785867
334,69.14977487442995,0,1,1.2551063273401626,13,25,8.529882238666636
335,69.61358608957032,0,1,0.17897638758299064,12,20,8.387133068177311
336,79.29157997155531,1,1,2.45902401501706,13,23,10.136204143036018
337,79.67053345891165,1,1,0.3770331384203926,13,22,8.49728850366861
338,67.54349601403797,0,0,-0.10743856414038114,12,23,7.139628029337211
339,60.217579271040975,0,1,-1.3482669978669504,13,24,6.0818000162434
340,63.50007157586907,0,0,-0.9643028564109399,15,29,3.7913987486092986
341,70.8505967652318,1,0,0.574684105644948,12,21,11.123912663476267
342,65.04529841370497,0,1,0.5825015779198572,17,20,6.952858479822969
343,76.91032388283745,1,1,0.8284927364191857,12,20,10.109884414382266
344,54.952398791888356,0,0,-1.218920975815696,12,27,8.70504467315127
345,63.60685357844311,0,1,-0.3486923794223157,12,21,9.056980206148967
346,56.35219082016571,0,1,-1.8983959543900744,18,28,4.300757025594496
347,72.5214172694085,0,0,-0.4032420783955258,15,20,6.656115232307778
348,65.55067321606711,0,0,-0.03162035862887078,12,29,9.182520122796156
349,80.11068806939302,1,0,1.4686284846445978,12,18,8.035947464668617
350,84.3863965186211,1,0,1.6961623424465935,12,23,6.018227298606273
351,62.39846046090713,0,0,0.6796554348972983,12,29,5.1784591118750445
352,78.27326796552157,1,1,1.2447633244072784,12,30,10.7531908353494
353,79.30745242957185,0,1,1.2958015234789073,14,18,8.94630708700677
354,71.1569243221274,1,1,-0.13733655418101567,15,19,4.472536579711905
355,53.45161453794527,0,0,-0.6622619606250328,10,27,6.057393388273307
356,76.14159278914174,1,1,0.07909346541854359,13,27,11.930768815950032
357,61.7264675794805,0,0,-2.101492545544465,15,28,4.031486302803746
358,76.09268367151817,1,0,0.23679735075292663,12,28,7.64312355102296
359,75.474211766108,1,1,0.41155357950207705,11,29,11.280379691498252
360,63.14906368835539,1,0,0.05716764151099419,12,29,8.52666190156743
361,60.61793591908702,1,0,-0.21757021152398318,14,18,10.189899503996626
362,62.67810206045093,1,1,-0.1081310371468658,16,22,8.482331951249966
363,71.1653990587345,0,0,-0.8254249267722044,17,26,5.5262133516820775
364,61.10180297733804,0,1,-0.44058702541107053,17,29,6.412635571452357
365,67.00501293809353,1,0,0.20126580772460828,13,28,9.966538242331337
366,66.55789245673895,0,1,-0.7492095077354239,17,30,6.254383678922114
367,50.20377364673154,0,1,-1.620198827196686,9,25,6.38956021332416
368,69.87051631500047,1,1,-0.46050185243086644,14,20,6.33252153239739
369,71.39447503493172,0,0,-0.244438809732706,14,24,10.047532838148598
370,64.09039849940471,1,0,-0.6863640883820996,13,22,9.02429709387831
371,67.00831030776756,0,0,-0.45910601290110653,13,22,5.762907073013246
372,57.885898250320544,0,0,-0.4774361247344779,13,20,5.2288656147778365
373,60.91869415994924,0,0,-0.19989601329687895,14,25,5.529425973553291
374,73.93558530260489,1,0,0.9014417180024551,13,18,8.937754413079583
375,78.7918685806733,1,1,0.188711835820217,16,30,10.352535371355314
376,67.07863997128322,0,0,1.089252012657683,11,21,6.57336739365326
377,62.624543034301446,1,0,-0.06458317960468431,11,30,8.002082445892048
378,63.385262911484915,0,1,0.23586323755919442,15,22,8.652701952623513
379,60.5251833847607,0,1,-1.020010219994603,11,20,6.699621456016706
380,67.11921114754936,0,1,-0.11414174295272511,14,25,8.175697266294165
381,82.1591635534438,1,1,1.0168512786428967,12,30,9.429031560567557
382,62.309141485678275,1,1,-1.1394548614322295,12,19,7.067029599041955
383,60.58426295342093,0,1,-0.18466894025381,15,29,6.401331815978721
384,53.64495023460996,1,1,-1.7417903711420755,15,23,11.347633279779075
385,59.583764348414896,1,0,-0.4099869414243274,10,26,9.319660398856401
386,42.00898557072938,0,1,-1.246913982784262,11,24,2.627982076044798
387,62.61457101044536,1,0,0.3085355470246897,14,22,6.497937659408152
388,59.378227766936035,0,1,-1.5150552519092553,12,27,5.131656681108343
389,62.83409468643597,1,1,0.15409739857215365,14,25,6.269693902851282
390,82.98793804787469,1,1,1.033108266896348,18,21,6.437014110340341
391,62.70193971368803,0,1,-1.2817124035337437,11,18,5.5041640919312265
392,64.87231379156651,0,1,-1.3802439612951747,13,18,6.209818153059426
393,62.88611301263647,0,1,-0.14453326688528573,14,27,3.5295465774523143
394,70.89464130167701,1,0,0.34806077779718897,18,23,6.271387994157995
395,72.43585008682176,1,0,0.8525533650415212,17,18,10.957934337772727
396,69.55221043999771,0,1,1.4541315156746644,13,23,11.534710487099153
397,62.54808805125444,0,1,0.7959558236692322,13,26,7.967491783554395
398,69.86783069968568,0,0,-0.5410067381204312,16,24,8.467097754320264
399,55.17660074763835,0,0,-1.4455338450594175,16,26,5.497784427045239
400,67.6267353062436,0,0,-0.19770792726742506,13,20,5.084606015586594
401,83.5945341672338,0,1,0.7643113516674453,13,19,7.067252345486651
402,61.04244811901954,1,0,0.26136896800424514,11,26,7.97140300391822
403,74.62674566197934,1,0,-0.5803827257243354,14,29,8.929570395858164
404,58.62455764974693,0,0,-0.18374652605024502,14,28,6.84918994839257
405,74.94499278565033,1,1,0.1183784696042682,16,23,8.857538059385156
406,66.59651932249463,0,1,0.590651112531724,12,29,7.241899342558417
407,58.820108146002966,0,0,0.3442521090387696,9,26,4.546617288646824
408,50.54968387307423,0,0,-0.6278783282567263,10,18,5.39320341537308
409,68.65941008117083,1,0,0.6350249445498846,10,19,11.206883172544607
410,66.42558699917487,1,1,-0.4249928891846578,17,21,6.298401252168872
411,63.879183360171545,0,1,0.4559941190955452,14,18,9.009585569273124
412,51.41642332148512,0,1,-1.2251803482212171,12,20,4.218342460167387
413,66.988419084864,1,0,0.41311312905224284,15,24,9.834382182624957
414,71.47593878562168,0,0,0.3043832931777727,13,19,9.151554790082983
415,64.96536707317041,1,0,0.3774409764636489,14,27,7.542114822198783
416,63.31290543958834,1,0,0.007321880717254405,16,20,8.686482409942021
417,61.08290659906732,1,0,-1.4609675295983637,14,27,10.68910887770787
418,56.08792814688325,1,1,-0.6010256121394127,10,18,7.507590632219145
419,62.12298144783061,1,1,-0.9015200733363542,12,25,9.339920019283412
420,59.184182736551264,0,1,-1.0748843169337097,12,27,6.805211324813319
421,77.24419438170227,1,1,1.1806603407727205,15,23,11.52740574580242
422,58.59767186774924,0,1,-0.2813851491793458,11,20,3.9048981027796303
423,72.13540602911895,1,1,2.6582998391017534,11,29,6.207666328672333
424,65.1736588474643,0,0,0.20415479998317446,13,28,3.9496933573161686
425,68.44338339601599,1,1,-0.4000456853056886,12,23,7.6620986684422885
426,67.40191072585223,1,0,0.5526031059340749,13,23,11.529284252289845
427,56.798300111951114,0,1,-0.5726530672268525,16,30,11.430797009790883
428,53.29812153763224,0,0,0.0016129789782256695,13,26,7.907298605221602
429,73.16651933868968,1,1,0.40016575261088055,11,28,10.70127440178432
430,63.62010306066625,0,0,-0.9730994953794118,16,28,6.050913252004845
431,50.38182276088538,1,0,-1.9813907276104732,17,21,4.114494294785171
432,58.712074832200436,0,0,-1.0313845346846595,14,27,4.068939126289864
433,63.34260577605121,0,1,-1.3989653258982824,13,23,7.201760123243218
434,65.89313368302392,0,1,0.36094152187988976,11,29,8.03370357423303
435,60.965742735139486,1,0,0.1659154966937782,12,19,8.918873733060497
436,57.23750149871615,0,1,-0.5847587020003049,9,26,5.423622537769419
437,72.18706797045192,1,0,-0.8573138416352413,14,24,7.244030632461531
438,72.07158156713092,0,0,0.18903950292356644,12,21,7.101192317728155
439,50.541746388178275,0,1,-1.977728240053345,14,20,4.624856706024097
440,55.75899222754186,1,0,-1.7704351847485769,16,18,5.664601939525895
441,67.51244013764203,1,1,0.035686697702304954,19,30,9.724680997311134
442,90.46544308332429,1,1,2.89526867915853,12,28,12.029219935706319
443,77.15984902438592,1,0,0.7386850617594,12,25,10.072843215866737
444,72.25062420937645,1,1,0.46918339018248967,16,22,5.983453633743435
445,64.42656319431387,0,1,0.3904925375196434,19,30,6.792191765964873
446,74.57611009803716,1,1,0.14543959275779592,16,22,6.516907050080736
447,73.13834385388739,1,1,0.7042485848510581,14,19,10.936574868921891
448,53.65154989194349,0,0,-0.886193304071952,11,20,6.418286596655003
449,76.8181064389372,1,0,-0.19678198836928604,18,18,9.655094619192635
450,74.02792508869193,1,1,1.3147366401204565,16,22,6.019171509824087
451,62.38963030838946,0,1,0.6634229435398856,10,28,4.586603277570489
452,56.832209257022484,0,1,-2.574530804045766,14,28,5.65445240208648
453,63.90087764696921,1,0,-0.6775117466413788,10,21,7.42759342899416
454,62.424109689158925,0,0,-0.43187400062429526,9,19,6.698490759708743
455,61.3452905079358,0,0,-0.8892934254897572,11,19,6.0900683616566464
456,69.9504105848159,1,0,-0.4648283722730591,17,23,8.220087175207006
457,60.16855472826955,0,1,-0.47834268677058983,13,22,5.221858630469232
458,85.58568535919426,1,1,1.2245386098525364,13,24,12.31134099611864
459,81.13899152085891,0,1,1.127237790170125,15,30,7.549739217059751
460,62.27534757009259,1,0,-0.7053953620978559,12,21,8.25371013223766
461,54.48683155468926,0,0,-0.5766601349547131,11,18,3.125733985688585
462,56.84243255625841,0,1,0.23414212129633524,15,28,7.991603790478018
463,60.06274256016847,1,1,-1.9315027742286515,13,21,5.526587416011305
464,62.844553942267574,0,1,-0.26533131333143284,15,26,7.952139293931208
465,65.13499573087628,0,1,-0.24906829305489703,8,27,4.424470448572502
466,52.54896737337668,0,1,-1.9364438285419956,11,30,6.393943707317407
467,54.73909440977024,1,0,-1.005717236878187,13,19,9.805953413932823
468,64.2195706636823,0,1,0.2903339435259914,10,22,7.743425909545609
469,57.17647597791744,0,0,-0.6773047426867904,15,23,5.458776429797022
470,59.10405832142208,0,0,-1.4458812592213561,17,24,5.596613756001542
471,56.928673651329454,0,0,-0.9252963292444023,15,22,4.275881810596381
472,73.63225001734361,1,1,1.5887789085449322,14,27,9.620603648873777
473,71.93283501931907,1,1,0.22538495414198892,12,24,5.9640860256174495
474,55.63293793552448,0,0,-0.3084604787476221,8,19,6.84707611540292
475,58.95150162203056,0,1,0.12179260282855998,9,19,3.124838762798373
476,67.45762260888318,1,1,-0.019058017357419573,12,23,7.817005647869895
477,82.35329038132896,1,1,1.0057330101548587,18,27,9.576403519754557
478,72.41750745749557,1,1,0.1685144745246476,13,30,9.969369631310688
479,50.6540224076087,0,0,-0.5991356226276472,16,23,6.83032617730289
480,63.96788784669806,0,1,0.5682688484005765,17,21,5.4874181036097
481,69.22918103525376,0,0,-0.49956282418656206,14,28,8.369062736334332
482,61.02545771503337,1,0,-0.21170143680743883,12,28,9.281373931527778
483,76.74334289896747,1,1,0.6235066384131569,15,20,7.176255170637064
484,70.80298841044862,1,1,1.1190857436570665,12,30,7.882245381513653
485,64.7807253054157,0,0,0.31805255523835,13,22,6.4257666016191575
486,87.57508310478481,1,0,1.2818694337226682,12,19,9.496071068914357
487,75.21166461494987,1,1,0.9838108916641523,16,25,12.992417494870212
488,55.9666030155402,0,0,-0.3599209717097269,12,20,7.179581310835733
489,60.838636706467206,1,1,0.7846674514168174,11,29,7.135031344023604
490,67.70389001765787,0,0,0.618075458695291,16,18,6.921929269264921
491,67.06939838179696,1,1,-0.944016463765409,16,21,8.737032424262214
492,81.66576857706784,1,0,1.0851001457945375,13,21,11.00236577013831
493,50.68187504392488,0,1,-1.9551782643867344,15,27,3.486827514235614
494,62.55577538292177,0,0,-0.9701037863343228,13,21,1.261392874490049
495,74.12347663162609,1,0,0.28074184331685026,17,19,8.777551489252543
496,63.4687003920506,0,0,1.1209721769991787,15,23,10.412263734937703
497,69.02072215541142,0,0,0.1250844452012051,12,18,6.489226629393215
498,62.55544124659851,0,1,0.904621737713319,12,24,4.010903229318815
499,57.64280368865263,0,1,-0.15393015548309785,15,28,5.39117576135826
500,50.13802324381888,0,1,-1.0072782183697242,11,22,5.598171648167083
501,75.2359726076274,1,0,0.7650092129122793,13,28,8.524914160165086
502,103.12407468417933,1,1,3.325540061483578,15,19,10.152138670042484
503,43.870037711553124,0,0,-1.7160942166489648,12,28,4.97015348913617
504,87.68705945392504,1,0,1.4441965547233002,17,25,10.446548845982585
505,59.89518700022459,0,1,-0.885039132792996,11,29,6.382643129721915
506,60.94180751988986,0,0,-0.6589228317946384,14,21,7.531556844575659
507,55.95538494252637,0,0,-0.6719543250270924,10,21,6.900705020320605
508,66.0835498692532,0,0,0.20074154062630548,12,22,5.598600636141418
509,74.35610035947781,1,0,-0.030466314400108132,12,23,11.159932935990629
510,58.1226148765413,0,1,-0.10528401186397454,13,21,7.119833241710488
511,79.0449539780279,1,0,1.429122670038516,15,28,10.378656941443744
512,65.75354291660267,0,0,-1.070589062522604,16,19,6.902316298441018
513,80.75694352658417,1,0,1.5163132816801146,16,23,10.787089541993787
514,54.837513915996695,0,0,-1.6102704487425543,13,28,7.444393300705988
515,62.18141390029811,1,1,-0.24071379463050638,12,28,10.990586632244908
516,70.01691966726972,0,1,1.2615952450505243,8,21,9.081749101552735
517,75.05645262184527,1,1,0.3553870423933709,14,27,9.642527298885948
518,59.06550146998417,0,0,-0.6203525199975773,12,26,2.9665344287184374
519,68.99087978480453,1,0,0.19986298340204509,16,26,11.612583706883003
520,60.60678795652121,0,1,-0.011408046646605174,10,27,5.126679917558539
521,55.495392363754526,0,1,-1.333718848436539,10,21,6.59673531559078
522,63.415106725473095,1,0,-0.3705762516548124,15,21,7.9825430440169
523,49.208973728054346,0,0,-0.5635733634359391,17,27,5.6902099096392265
524,69.45355644282202,1,1,0.13086937899301754,14,19,11.037887570672797
525,78.45411914767067,1,1,0.9146313781801014,10,25,5.881090605345335
526,65.35646221344055,0,1,0.44318382212084545,13,26,5.455939223001597
527,60.600660790567915,1,0,-2.002695187062087,14,23,8.088068167109853
528,63.27816144148957,1,0,0.005018469724168097,10,21,7.223407966613683
529,56.28723794179187,0,1,-1.6131311188557824,14,25,3.315528554898175
530,58.64143861266486,0,0,0.657907762342247,13,28,8.123231572067771
531,60.21139209496872,0,1,0.009725913556151409,14,30,8.27076367762381
532,52.826242532789465,1,1,-0.4723182657515508,12,18,6.526497762114795
533,76.07662179553618,1,1,0.3374950698306237,15,28,7.902530110978898
534,72.71993401464073,1,1,-0.041534285688565334,10,18,11.326447623829331
535,67.55720798162443,0,0,-0.005773456197005369,16,29,8.573423673185314
536,62.871520592898506,1,1,-0.44079147556049375,15,22,8.67703868713571
537,69.65615801931521,0,1,0.20082797478917191,15,29,6.148925701062369
538,67.55455266086982,0,1,0.3430013579723611,12,21,7.367360878740962
539,53.775643388960845,0,0,-1.5018407013015016,13,18,6.563486506031271
540,59.06578132123128,0,1,-1.9451456805183867,13,23,4.38735916311013
541,59.43154356276038,0,1,-1.5924140722584874,14,21,6.018965583722881
542,65.06278884953201,0,1,-0.0998331485456157,8,19,4.990031919021743
543,62.196034127948565,1,1,-0.6949526531245823,13,29,8.08979773601203
544,68.41814291702708,1,0,0.21959014237860236,14,30,8.133162329571636
545,68.79948042275797,0,1,1.1816960950931272,15,23,8.93684647394442
546,75.41965373540422,1,0,0.6743008451399372,13,20,9.267108351188154
547,61.70588504745218,0,0,0.05589848508905222,10,27,7.753206087224704
548,69.2755300368525,1,0,1.080759853027757,17,29,9.531570811874577
549,87.13745990859552,1,1,1.628521233287262,15,22,8.291613150233413
550,72.97451763153671,0,0,-1.1253265949689135,14,26,10.47630375114288
551,63.44366534304047,0,0,1.125459068185852,13,29,4.825426632704401
552,57.52729273484091,1,0,-0.4953692859131876,11,20,6.76795195523963
553,79.22428352827345,1,1,1.0339157263492036,15,23,10.240218040311492
554,65.57087359519566,1,1,-0.9028583636394558,12,27,10.817240341800334
555,62.71752524160321,0,1,-1.2912007878506255,14,25,6.734670529166662
556,54.648613748998926,0,0,-0.9260738813893606,9,22,4.066270915414842
557,68.26979621245214,1,0,0.1996717421213425,12,30,6.430381555114337
558,53.096787779598095,0,0,-0.8685039263787161,13,29,9.03661613694089
559,64.72630637404836,1,0,-0.027367854908590696,18,28,7.849234359234331
560,76.19710111276189,1,0,-0.3162036132570463,17,30,8.817063540376525
561,76.70021713186543,0,1,-0.1269325352347109,17,20,7.406427082965448
562,73.13896784208862,1,1,-0.017340921875371097,16,18,10.16761243087878
563,63.28416316422557,1,0,-0.21284011849194429,17,19,8.292307187998448
564,69.74101984119042,1,0,0.010281131717145602,13,19,7.514997913806268
565,56.477635222376364,1,0,-0.2618490836607811,8,25,7.396737330641743
566,79.61191169969084,1,1,0.9362432085676107,14,29,10.656052076368287
567,84.66264514711123,1,1,2.674524558106106,11,19,10.50441235254418
568,57.051584465259566,0,1,-1.7602638991102795,14,22,6.508852884485876
569,51.65367435236979,0,0,-1.2188262526986482,11,27,3.564065483353435
570,60.438193125152885,0,1,-0.15623520839028357,12,19,4.936362482305574
571,73.16698383032731,0,0,-0.3182869580534024,13,25,7.765333658962455
572,70.87715226962557,0,1,-0.7528876795729318,13,26,7.768401481032095
573,71.62057167469236,0,1,-0.22866309923648767,13,28,4.25185744480248
574,61.9088396295626,0,0,-0.03813022795351405,12,19,7.350209967510024
575,78.1967613524786,1,0,1.4980452485709337,13,18,10.835312769490969
576,74.2865749441067,0,1,0.36599673842436575,14,19,7.0124162257511315
577,65.04215602152077,1,0,-0.05933882049475916,17,22,9.118708379266616
578,65.27217781033929,1,0,-0.19846028927489762,13,29,7.6020586659751075
579,65.53420436812742,0,1,-1.242791464393115,11,21,4.697051311337443
580,84.6682836779156,1,1,1.3202658273191537,17,28,11.654801095371456
581,62.38332377326205,0,1,-0.6463656904577013,12,26,6.550615311542375
582,64.92799778783002,0,1,-0.19610566607573401,18,29,9.58628107545808
583,52.597642101812426,0,1,-1.752516206547915,11,27,4.502078709829568
584,63.83929573814894,0,1,0.4067439629658117,11,23,9.805569989756446
585,57.22734878213895,0,0,-0.35994410053035353,12,26,8.403698196174359
586,57.74300785510203,0,1,-1.337686489793855,12,22,5.880182842972023
587,64.13327320164555,1,0,0.6660669211525106,13,29,6.85241036955384
588,55.16898234294512,0,1,-1.296890675461153,13,19,8.39157931910357
589,72.4852762975116,0,1,0.4334746066740745,16,23,7.759730412129067
590,67.90509154339553,0,0,0.1098189413568992,17,23,8.282594364025968
591,50.84797054370368,0,1,0.1391339850609717,13,28,6.516699732862955
592,73.77801679504189,1,0,-0.005997307794111097,15,19,7.202026717580832
593,74.0758666525528,0,1,-0.0100802313968136,18,25,7.169634075219337
594,75.00831620273027,1,1,0.8619954798762977,10,26,5.562763017758709
595,76.72146170529373,0,0,-0.0012938116771519204,16,18,7.615349254198203
596,55.99618606914119,0,1,-1.2020753215442803,16,18,7.641957291664237
597,59.52783043907987,0,1,0.6633150040472374,13,29,7.770596242418678
598,64.63681264050085,0,1,-1.0777419997448805,16,27,9.704800300377908
599,64.71732441833545,1,0,-0.07834454209360824,13,28,9.37583103496784
600,64.56456619245255,0,1,-1.7250301845558615,17,18,6.388898194239986
601,68.56092641778542,0,1,0.1911579447721044,13,20,6.5730509884235735
602,77.98043764071299,0,0,2.7096054667781155,11,18,9.007320969069267
603,74.55679267578051,1,0,0.2139203685527284,10,23,7.077280706402847
604,65.4457228558791,0,0,-0.5538108317381343,15,27,7.736200249172475
605,72.28447939008558,1,1,0.46948180930397565,12,25,9.763945405304366
606,53.14198633879311,0,1,-1.5323840548702825,15,21,4.561854948240859
607,63.50303520182846,1,1,0.542098208630773,12,18,8.300389027292217
608,73.85635963601183,0,0,0.1785631805245892,13,23,8.427388559422663
609,65.66361085367778,1,0,-1.146375375735617,15,28,8.856290765877878
610,62.23019331588628,1,1,-0.20758149237082674,11,29,8.451015158814267
611,74.74510525011519,1,1,1.0397160114340376,15,28,7.999059754650763
612,48.00805637971054,0,1,-1.3972223767400354,12,18,3.866799388450244
613,61.87832017431123,0,0,-0.4220218411277732,15,25,4.329920983883907
614,76.64901197408493,1,0,1.5243654526570323,11,28,8.990456027564987
615,79.3754066252074,1,0,0.36906388431702286,11,26,7.386585683587619
616,62.536806288853526,0,1,-0.43915401030575596,9,26,6.582568643960767
617,59.19009619304609,0,0,-0.4917808311518998,13,19,4.97364393580863
618,81.27004593830206,1,1,0.8755539954632485,16,23,10.063632742379887
619,76.57334028613465,1,0,0.38884827514961734,12,26,7.052858854498662
620,71.09049839577996,1,0,-0.9434576369420477,17,24,7.558704407299302
621,77.3509581505806,1,1,-0.139939301493199,17,27,3.910791802193007
622,66.10320592057137,0,1,-1.622883037303654,15,28,4.290379131974211
623,58.39503810125779,0,1,0.0709786258040102,12,25,7.7124094623853985
624,73.19145192464987,0,1,0.6118564805921546,15,30,7.732029596496469
625,76.80950114925228,1,1,0.17177851680943856,16,19,10.450529768556272
626,59.69930878257515,0,0,-1.128507293482756,11,29,4.832099227205417
627,64.77216718171373,0,1,0.22186565940491484,15,29,5.8856204334192315
628,73.14966964757335,0,0,0.660852576749226,12,24,7.496510327916253
629,70.48422638921872,1,1,-0.6713152444730685,14,22,8.082260744672347
630,65.05471815454543,0,0,0.7940554000779546,13,20,6.9826818091746095
631,63.43385465354216,0,1,0.1663279730451475,12,28,6.678993546549844
632,66.12330906618352,0,0,0.5395147135449947,12,18,5.873131562234918
633,85.41583019007103,1,1,2.154935392711412,16,27,12.858268366166442
634,57.54998054058566,1,1,-1.0823334774862268,15,30,6.975510168938145
635,74.72144489643428,1,1,1.990210538617415,11,24,9.899704580704679
636,77.83973676937411,1,1,-0.22789465554626576,16,28,11.257675322479678
637,56.175072174894765,0,0,-0.6701942498014194,10,21,4.841733815670719
638,59.4673119156835,0,1,-0.3186122020807494,14,23,4.11243965211456
639,58.68949166942062,0,1,-0.2387165431293209,10,30,9.903113861452018
640,67.00958579040469,0,1,-0.565998040943184,15,23,8.341067896595804
641,78.71702972591392,1,0,0.6314134117174022,15,25,10.16626750704216
642,54.75718922944872,0,1,-0.49426857853389583,15,26,6.714888392653265
643,57.94972534147459,0,1,-0.20906547824668179,10,24,7.844505424931418
644,60.01460160881699,0,0,-0.9225895852175692,14,19,5.120680684374388
645,76.35170986179486,1,0,1.1214208996117534,13,28,7.32858577801845
646,57.137931728846034,0,1,-1.2224401259096884,14,28,5.03993495103462
647,58.01125951241859,0,0,-1.5559336966144466,12,19,5.876211615533839
648,51.352503246159316,1,0,-1.5718950279403967,9,23,10.597441786343971
649,54.409345151993314,0,1,-1.3831235252077094,13,28,6.071269759713576
650,82.48968995715967,1,0,1.816765392841286,16,25,5.521941852241591
651,70.00310092087452,0,1,-0.6521800910404318,14,18,8.041669173439143
652,65.82550419487916,1,1,-2.2887951300340643,16,18,7.757129819562373
653,65.85070853314139,0,1,0.45232817798215125,18,23,4.906471304979221
654,70.77350002299507,1,1,0.5481264367718368,14,23,8.343093665114843
655,64.4691085018816,0,0,0.5543661685338411,13,30,4.735710345262
656,67.27905527482908,0,1,-0.02895718920409283,14,29,5.924220870208961
657,51.91406166148437,1,1,-0.16676301750782585,10,30,8.872300691946137
658,54.43580589187442,0,1,-1.5332255650842141,13,28,4.216438887395982
659,55.21207235799655,0,1,-0.48428717065146554,10,22,7.416460483436341
660,57.002522206004826,0,1,0.3886275928670438,9,22,8.358833322417851
661,68.12047035372763,0,1,-1.106346369632461,15,23,7.05803184085082
662,83.55830256386069,1,1,1.1476428246599906,16,28,8.139650958366355
663,66.1139365724055,0,0,0.3837523559993312,16,18,6.454080761971788
664,64.84227849254339,0,1,-0.933793124022803,12,21,5.066935350507235
665,74.54251509971944,1,1,-0.4598506915311402,13,18,5.856560975468104
666,71.03663751588188,1,1,0.12645050810866537,14,23,9.543872002675025
667,69.35391942323511,0,0,-0.10193737455334209,12,23,5.79041952093776
668,82.71470017058716,1,0,0.6684217064388281,13,19,12.91183051567462
669,62.92274005974206,0,0,0.03900627910355196,10,28,7.614930829376219
670,55.81783737593891,0,0,-1.5104691472332294,11,26,5.950892190923124
671,68.47709173624395,0,0,-0.38864676049567826,13,29,3.9395968798249603
672,59.92690717462158,0,1,-0.28902664377433995,15,25,3.5755206906341055
673,66.86877268816215,0,1,-1.772765393153332,13,21,5.741792718752046
674,61.95702584159237,0,1,0.01211976061658115,11,20,7.371784678119139
675,73.22294612570093,1,1,-0.20864845515400907,16,27,10.037937828840292
676,67.58115406403697,0,1,0.5748336800608991,15,27,8.455969341710817
677,62.796515440839705,0,1,-0.1526571071003669,12,23,6.772977237683441
678,70.41647404444724,0,0,-0.10028935129840351,13,29,8.477600915230509
679,71.38230070449545,1,1,-0.4956566124069683,18,25,9.844606068360399
680,69.27875189622043,1,0,-0.9442407895319761,13,18,12.131493001600445
681,59.599390311628994,0,0,-0.8555271964993035,16,28,4.811874684073257
682,58.85593020617817,0,0,-0.6474330365336035,13,30,5.116825083044775
683,70.67415127874472,1,1,1.175897783159047,14,25,8.907922499377493
684,58.834064767953826,0,0,-0.7880230859233432,14,30,4.3184205447682675
685,71.64895463312229,0,1,0.5119070038971998,14,18,7.070565489100848
686,53.04677955184788,0,0,-0.5132178621087704,12,27,9.218248792421049
687,66.98614124268202,0,1,0.5747020811065392,16,22,7.367171599413097
688,59.738348107182496,0,0,-1.9654425517790919,14,24,4.113565049692917
689,79.63306021889298,1,1,0.11427905813599934,13,26,7.42505906324172
690,55.4294555066842,0,1,-0.29975112230290657,8,30,7.279661550245136
691,60.060278532576476,0,1,0.7876438529446973,12,19,7.107282155716295
692,72.85015816977497,0,1,0.49615837349888736,12,29,4.38504012398012
693,67.08990096087047,0,0,-1.499005217744102,18,26,5.805003622901948
694,52.82666108905198,0,0,-3.15336781408485,17,18,9.156349753826488
695,58.73525167458768,1,0,-0.3080161081220547,12,30,11.804019760665804
696,77.13637610789182,1,1,1.3345276675668067,11,27,8.225298714977324
697,72.49969925948969,1,1,0.4612093761173562,14,20,8.562485648523412
698,75.17833350676123,1,1,0.9089729453290486,12,27,9.08896343773765
699,83.58470699790419,1,1,0.942410141452542,16,26,6.388331166868147
700,66.07593965088003,1,0,1.132542497386862,12,24,7.539807397232415
701,67.06217560948328,0,0,0.5521897395119877,15,29,8.333347013077338
702,80.40089371230872,1,0,1.6827287325315348,15,21,9.2336723445052
703,61.89363919668003,1,1,-1.0519484439729885,17,18,7.92761740794355
704,66.04616807575523,0,0,0.7542043332358643,14,24,7.77698014951965
705,70.93001566100669,0,0,0.4660607332320069,14,28,8.39058410730274
706,52.40573645727452,0,0,-2.70539254735506,11,18,6.929282513831314
707,67.95553117129211,1,0,0.24593262473520217,15,29,8.421548702881354
708,66.07019054433731,1,1,0.010406195092465473,14,28,12.179031886708348
709,68.53622709817806,1,1,-0.20759854968101674,12,22,10.273520555013928
710,60.12971337889877,0,1,-0.4925510161027928,16,24,4.958026583343921
711,58.50219107366005,0,1,-0.28995667803395236,11,23,2.7300748195451057
712,78.50434524213597,1,1,0.32629037379682646,15,30,10.700190899133968
713,69.58027316633819,0,1,2.035304254878164,12,25,7.583879950202396
714,56.17221675957606,0,0,-1.516524294514915,9,22,8.76681074612794
715,67.06515358039792,0,0,-0.05136631962407712,12,23,4.821552127524327
716,64.45029170910138,0,0,-0.9975670962432255,18,18,4.094341717480452
717,68.87112403113777,1,1,-0.44023492473078757,14,22,9.289990515947508
718,61.229606353862614,0,0,-1.146935780949838,17,24,5.537033167007949
719,58.90235869446483,0,1,-1.060204390016337,13,19,3.9186891603198166
720,64.7803953576568,1,0,0.24911326621863258,11,28,6.02616528802817
721,75.12880689544242,1,1,-0.10535277727272144,16,27,8.757650007784465
722,63.751110620394954,0,0,0.873085506477394,10,27,6.647855309234463
723,58.34865387508636,0,0,-0.016745467739315206,13,26,10.23980216071578
724,77.61054080255298,0,0,0.1155441579343714,14,27,7.804464603694392
725,71.39787292254228,0,0,0.8955484254968835,11,18,7.208769145136766
726,58.607125377805694,0,1,-1.622236755787323,12,24,3.7455313125946708
727,64.390852507631,1,1,-0.5247430506267091,11,21,10.308278221017861
728,71.47781523707435,1,0,0.4284980779567889,16,20,8.311716861906259
729,81.07657736759394,1,0,-0.13904931770033677,15,18,9.254560592238429
730,68.17469143594371,1,1,1.2347964529457303,12,19,8.563460793638297
731,62.09214774462291,0,0,0.625879906745922,10,18,10.093583568041359
732,64.85084179161504,0,1,-0.7017177324413081,15,19,8.718304428227992
733,70.55776621061244,1,1,0.6411102439500616,13,22,9.149896611190389
734,81.18081958481595,1,1,1.0684983759060938,11,22,7.641777667869977
735,62.894927446186955,0,0,-0.4451529970940854,13,25,6.397193037247567
736,55.79917606153972,0,1,-0.4112465957780484,15,21,5.552471587761571
737,75.47627939463858,1,0,0.40491302069150303,10,29,10.8521338117413
738,68.45559868921552,1,1,0.40425797962552745,12,20,9.64999913158937
739,56.76105061149326,0,1,-1.0035927712033326,11,19,4.630661306524226
740,63.405653605253825,1,1,-0.7022648598872829,15,19,10.191743318675732
741,72.91882734645824,1,1,0.25213688654748123,15,19,5.427544038647381
742,60.919371090616735,1,0,-0.9152936406710661,17,24,7.04116480977595
743,66.94456893047675,1,1,0.032839950430880414,14,25,7.901717199375808
744,67.2119039270456,0,0,-0.09100822556567502,14,18,3.560141942155701
745,72.22731651553443,1,1,0.5397496355251771,13,18,8.843194709554073
746,72.41837171198819,1,0,0.09994305047209309,12,23,11.50797770811513
747,71.98207706003619,1,0,1.3427895272614412,14,30,10.696722039781841
748,58.549308683260456,0,1,-1.1604503539152902,16,28,6.473738745125872
749,74.4728645419447,0,0,-0.18189908553399203,14,18,8.95976904578679
750,53.742433004783486,0,1,-1.12742896801459,13,26,7.6377842325555605
751,74.10623229581344,1,1,0.8004689322947306,14,27,13.934238869839714
752,55.79632444422922,0,1,0.18259076729211338,12,26,2.6792211573852183
753,75.14992391321847,1,1,0.7756506314150924,15,18,7.723758815775019
754,79.02885663409366,1,0,1.3630948877330689,15,29,9.388710645442728
755,73.83451877962523,0,1,0.3011012179547371,16,22,13.02984641247141
756,75.26970243317629,1,1,0.1343985651521046,14,26,11.061222300463132
757,70.26755550162082,1,1,0.008233662850278824,17,24,9.861609370337492
758,53.626727047850416,0,1,-1.7284770948753305,12,29,3.146810631818062
759,85.12190966935701,1,0,1.5408168200232344,14,20,8.602320232402956
760,70.90551168103161,1,0,-0.3354417160331399,16,26,6.4849839671613685
761,59.94387810201457,0,1,-0.4976619573647561,18,23,6.051238803790851
762,60.0429238962814,0,0,0.057212779614898776,13,27,8.221189788472547
763,72.71640936102904,1,1,-0.7272470369933979,15,18,10.411513965959758
764,61.41978034721058,1,1,-0.6523261178668023,9,18,8.78853856226814
765,65.46178334802691,1,0,-0.2152110182835498,13,20,8.398046225760785
766,74.92161241050164,1,0,1.2363724663757296,15,27,8.723274144511198
767,68.14052182729668,0,1,1.8917094955496412,12,26,8.19213412589105
768,66.38264895090433,0,0,0.7390956190455744,14,28,8.242473982244306
769,62.184045504442864,0,0,0.9685025131807259,11,21,7.484643922899082
770,70.44786686023856,1,0,-0.251048179425449,15,29,5.701026907242934
771,84.83824259285862,1,1,0.9364822911493761,14,19,8.975859819923903
772,58.080373742911526,0,0,-1.6398777469166945,15,18,5.777999237918843
773,74.51666684230106,1,1,0.38717157293460164,12,27,7.146425001654482
774,61.06677482662165,0,1,-0.034028156749116335,14,19,6.440426057807419
775,61.80323103648101,0,0,0.37812431939728264,14,23,8.582528478524587
776,59.5725718979763,1,0,-0.6218290312366591,13,22,8.030809879933802
777,55.113021809616654,0,0,-0.8081263704143508,9,19,6.738511156344824
778,75.82211995093543,1,1,-0.4272691607127702,17,19,5.79021589985865
779,61.16064625195677,0,1,-0.7559656357793331,12,21,6.110693924685083
780,54.58426344194044,0,0,-1.4548225417837584,12,21,7.471540189674816
781,74.81885354405257,1,0,-0.39893277053895837,10,20,8.880230986528467
782,75.36528968106727,0,0,1.393294984188512,14,21,8.268023045169286
783,66.17409844759622,1,1,-1.162666145638659,15,23,11.1314752287949
784,68.00592106038897,0,0,-0.15312668271523355,20,27,8.732213437687772
785,89.03387173705724,1,0,2.1949652237575177,18,19,11.245286387924214
786,57.974993931896236,0,1,-0.06799643498359785,15,23,5.786938905875172
787,80.34842245681057,1,1,0.7465724718947186,12,22,8.573238778252204
788,62.88236509975778,1,1,-0.5950534617976015,15,26,5.317782418572692
789,79.39760712374574,1,1,1.4798472902072555,10,29,7.5133323095520215
790,70.2613261303454,1,0,1.3756993766797434,12,23,8.817540496998204
791,59.1195114606258,0,1,-0.7710232101418516,11,18,4.429502494747101
792,78.58166235992834,0,1,0.46724519094084993,11,23,7.933822182763253
793,61.45136785360717,0,0,-0.6529104692517269,11,30,4.419358183839942
794,62.96401050021236,0,1,-0.6122090621771779,12,20,4.802284172706732
795,72.95869403327978,1,0,0.7572675933408693,15,21,8.47221555578394
796,77.4005687965174,0,0,0.8280555258974595,12,30,11.114071525463222
797,55.72327461445545,0,0,-1.0216392898799205,13,26,4.257935648523755
798,77.14506130597232,0,0,0.34231158310999005,20,25,7.914503826206814
799,68.59238404871002,1,1,2.0494109566120264,13,30,8.422982597975162
800,63.189303820217724,0,0,0.42106104597705407,14,20,10.440812649694276
801,74.09091076722981,1,1,0.3590305529380675,14,27,5.731620293793233
802,60.56797005314152,0,0,-0.9571765137714814,17,18,2.7668646789552533
803,67.6667571227428,1,1,-0.7370730862285754,16,18,8.099050722433267
804,48.058595965501446,0,0,-2.182119505872224,14,18,5.1210758256714835
805,68.55287074442082,0,1,0.0825690189969321,14,19,6.219761629864019
806,73.91242721822555,1,0,0.19891178195500425,14,24,7.5277264079121995
807,50.691647695016364,0,1,-2.2320300539552482,17,29,4.307346454310316
808,64.71480898074333,1,0,0.8373424340928258,12,26,11.195215279029696
809,75.71010000248232,1,1,0.3529695238392099,14,21,10.428624975463466
810,61.94237131838722,0,0,-0.38802993748308634,12,21,7.667015333164391
811,51.30188785417948,0,0,-1.2599431699514456,9,24,5.148914374374387
812,67.18154434654888,0,1,-0.4372899743805753,16,20,4.83744325279987
813,71.43072037042141,1,1,0.37707112844418245,11,30,6.792294105690418
814,68.72968239342694,0,0,-0.5771227611299617,13,19,3.814714354551397
815,68.47334355991516,1,1,-0.039271637207439196,16,24,9.666768954815737
816,66.2200387161514,1,1,-0.09769027475892636,15,29,9.147225992506973
817,73.67736852714437,1,1,1.794807799124136,14,21,8.83380242130331
818,78.37719064249075,1,1,0.6459909416394453,16,20,6.660216681371989
819,69.33063634910275,1,1,-0.9837627401865218,15,27,9.89234424856229
820,82.5402031932475,1,1,0.372897234276072,13,20,10.371297809982202
821,55.13317626351712,0,0,-0.7253996135874954,15,22,7.355266917927715
822,74.88694091963063,0,1,0.9057340377960512,16,23,10.294985092430728
823,64.24082046149832,0,1,-0.9404579195546223,13,27,3.4717186460851437
824,70.42515299172157,0,1,0.9926417124033193,18,27,7.052615117095922
825,68.92818131660023,1,1,0.7003107449668874,11,28,11.223544124188493
826,74.63925223594619,1,1,1.8105251306523495,14,19,12.465987749985807
827,82.91475948582256,1,1,0.8031131573995773,15,27,13.528627474296322
828,46.70207348972839,0,1,-2.100231737886452,10,18,5.643108836462371
829,56.11738497086881,0,0,-1.8650356115458189,10,18,7.210033742579699
830,79.19285313268956,1,1,1.1389260458538388,14,20,6.57601428167823
831,60.03250964149162,1,0,0.07638581984878207,13,18,7.308298092882317
832,66.54599170719496,0,0,0.48654796786086874,14,20,6.968396308352897
833,58.3398741579251,0,0,-1.8201896259495458,14,22,6.9641159701313935
834,52.48020004328182,0,1,-0.7759825881689244,11,30,6.047144739336878
835,67.9529676734461,1,1,0.4987575078852112,11,29,8.268790269064308
836,72.2534635540715,1,0,0.3285320166443619,15,20,9.095539900939961
837,56.94688103302368,0,0,-0.1737002240493789,8,29,7.064750428612574
838,81.33760153440622,1,1,0.34018804479374487,15,20,12.3383553530753
839,83.44309736456643,1,1,1.4737503935691374,17,18,12.629203162741941
840,69.84526125818383,0,1,0.49554401785480945,14,26,8.437284226414258
841,63.219911300229974,0,0,-0.5377270156321053,14,24,7.393201110522695
842,80.07089064633269,1,0,0.4677230770677047,12,26,9.50073385106463
843,56.625567039206615,0,0,0.08560932833829883,13,29,4.87643679434872
844,67.28126637281028,1,0,-0.9885094089708073,14,24,9.728509941653762
845,67.80761102718662,0,0,1.1354560815680579,13,25,6.693370514185046
846,68.25623185243708,0,0,-0.40400364168418745,16,29,10.381091470178136
847,67.24113759508202,1,1,-0.4967850825218706,11,25,7.235045860435989
848,62.36938831812074,1,0,-0.20984127111643286,9,25,7.879041032493512
849,60.073483393232856,0,0,-1.4703742564296591,15,28,6.55320184511428
850,64.9097298966753,1,0,-0.22405622539039122,16,29,8.800425493893943
851,71.4803682151879,1,1,0.3694381301668918,17,20,10.598866731022401
852,64.62076013895287,0,1,-0.04650283631949975,11,23,6.394535812264953
853,66.62145416410146,0,1,0.6848676154499116,14,20,5.862448109700117
854,59.76937163172766,0,0,-0.2396104396922184,14,29,2.9449497193739633
855,61.87071995896374,0,0,0.08583308698139087,13,29,9.864009732144043
856,74.36114700870597,0,0,1.7618113755137177,15,18,4.994243101699663
857,59.844728126515605,1,0,-0.7796496700965341,19,25,9.465467621773648
858,62.885121483756095,0,0,-0.7701032090484564,10,30,6.592050327710916
859,85.09441964094464,1,0,1.1261595493501277,12,19,10.733824471945383
860,69.23245937097474,0,1,0.6629440091196288,12,23,7.28754923350014
861,71.27045977950004,0,1,-0.0174519766657092,19,30,5.889304032930324
862,63.96570898463172,0,0,-0.14097588885704535,17,26,8.63894203255013
863,70.05772976226955,1,1,-0.3097505137760426,13,28,10.151286044929156
864,38.288910259698184,0,1,-1.7619098933094612,11,29,4.5897236912666655
865,73.00126021944128,1,0,0.5168696362775612,9,21,12.718729970525029
866,73.26973014889651,0,1,0.39881818488935455,13,21,7.582033540630901
867,65.61764232194663,0,1,0.4274325949545573,11,19,10.709635035796577
868,72.7510879673094,1,0,-0.036992564869672125,17,25,7.095391403915034
869,66.15618961410199,1,0,-0.11594158634583845,18,29,9.334204137813325
870,62.631082903913644,0,0,0.7675195625306132,16,29,8.731152832706867
871,68.91091383980523,1,0,0.13469985064716591,16,20,8.256709626998019
872,52.72993310342976,1,0,-0.5645412568855025,8,28,5.144693159466534
873,66.51947767661827,0,0,-0.15921982131742457,14,19,5.853745033291947
874,68.07501139191496,1,1,-0.20840444650250248,11,25,7.806682893428339
875,53.360590004656714,0,1,-0.3916268136861193,14,18,2.980527715850528
876,74.59082423733601,1,1,-0.050190192537757264,13,27,6.8568534620769155
877,74.64061511879268,0,1,0.3025298797422992,10,24,7.491109199336296
878,84.41562352453414,1,0,2.6378809753065595,12,22,13.46896348721588
879,87.75946776083427,1,0,0.7701648292766843,19,24,8.404934776437926
880,62.99008410565814,0,0,-0.26787016043866896,14,26,4.030451782999725
881,50.47535548020399,1,1,-2.00108215938919,8,24,8.274547664193674
882,60.880731782150434,0,0,-0.12147383099308723,13,24,9.631823985968614
883,77.77277113286873,1,1,1.2335478865064322,12,29,10.482138306506027
884,60.56703075556616,1,1,-1.3965234442209349,15,19,4.243323497640181
885,74.97759487911249,0,1,-0.12664126384504668,16,26,6.082109507261822
886,80.79196836666374,1,1,0.137660450891563,13,22,10.525524331461549
887,64.16480424834283,0,1,-0.6737301349794401,12,25,5.114930054624498
888,59.24581983539779,0,0,-0.5061841591217434,16,19,6.481729642037771
889,61.00703933450861,1,1,0.365603229786976,12,22,9.631088026477537
890,68.50389325890397,1,1,1.2131898872315434,8,26,11.908122771097524
891,54.143947157114596,0,1,-0.26166100195948794,10,22,5.88065998942521
892,65.34073498680512,0,1,0.09457319102714098,14,22,7.840736885839929
893,55.59385864125979,0,0,-0.28498861907137046,14,27,4.609190288481534
894,67.29097241307655,1,0,0.21025189979712033,12,22,10.040477458533475
895,61.75955192639497,0,1,-1.0696012228558793,11,30,4.940321859513048
896,65.21827258930068,0,1,-0.3330563451438474,14,28,7.89104564372507
897,72.67143210158606,1,1,0.8945799460800417,17,20,9.278593939853003
898,73.13667979270855,0,1,-0.033514903036893154,10,26,5.914664740322989
899,60.56107873971263,0,0,-0.045527555770094486,14,27,4.522346482451866
900,59.41979882133648,0,0,-2.2683946916245796,18,19,4.540806754753504
901,81.41543450582765,1,1,0.07893351046658083,13,19,10.31569208229192
902,59.92566171773244,0,1,-1.0545861135621597,14,30,6.0594481693386895
903,72.57180084840677,1,0,-0.5496988293386685,20,21,6.409149014866829
904,76.05985644140931,1,1,0.7369450020890882,10,22,10.96666963583275
905,78.70379017085135,1,1,0.3184533645607887,14,26,8.411094129077862
906,64.60646987829135,0,1,-0.20127138761988927,16,22,8.39596811028452
907,58.52174647749029,1,0,-0.751093873163688,13,20,5.67997996061531
908,62.61717242032324,0,1,-1.4793187037430093,16,30,4.733525257611234
909,63.377150607648026,0,1,-0.07864818285500175,15,23,6.026580172156265
910,61.37008910290038,0,1,-0.5067084238990179,14,19,6.517192119857558
911,66.64153297021613,1,0,-0.24493447227776877,15,21,9.531870096885712
912,56.8254786413892,0,0,-1.340509116694627,15,23,5.877361678698127
913,73.71632360932605,1,1,1.1182588418550428,15,21,12.137280118819202
914,78.8938059397416,1,1,-0.008426198352958514,16,23,11.059808006803113
915,63.845776589321346,0,1,0.06332296156295984,11,26,7.197081049843612
916,51.63280625587808,0,0,-0.3646488510609828,12,29,7.617804803651447
917,78.48744872514013,1,0,0.269091280655274,12,23,8.023513579483021
918,54.80308326629089,0,1,-0.9026528920307436,12,26,4.152175481190257
919,73.45769394309418,1,1,-0.7942055776613748,19,18,6.078025409541218
920,92.85426854192859,1,1,1.4550387785005998,18,19,11.042893668836028
921,74.99338742503167,1,1,0.3190266533944561,16,27,11.11801197374124
922,78.21377841881471,1,0,2.2593113752461487,13,23,8.623755399415224
923,66.05973528628807,0,0,0.5825299854330688,9,26,8.883759940709787
924,74.52334972110853,1,0,-0.6050025515907698,16,18,8.54809490890911
925,69.53150864424614,0,0,-0.5843053326638633,13,30,6.82132665370128
926,62.18450176040287,0,1,0.09965325660910179,11,27,7.879201424785459
927,74.65981742766387,0,1,1.0335323526366293,9,18,6.111694566765308
928,66.56289040450564,0,1,0.6318074080718479,13,23,6.607496495894778
929,62.16463066785742,0,1,-0.8245271367428317,11,28,3.5141870164843128
930,75.80094526493093,0,1,1.030240936911869,8,21,11.526368409713061
931,64.79569697798694,0,0,1.1060715156516658,17,19,6.785555452452154
932,67.2923024114352,1,1,0.796097689906563,13,21,11.595377817540896
933,51.79520394736044,0,0,-1.6044597243056207,11,30,6.82189195939538
934,55.571267086156574,1,0,-0.6547614051665569,14,29,9.829880246121366
935,60.55383505718933,0,1,0.7243512800238608,13,22,6.174420207518601
936,57.929484174063454,0,0,1.2459708904402345,15,30,4.888264981583834
937,67.96056049770729,1,1,-0.5934759854904004,12,26,10.696226590646743
938,55.527733796335376,0,1,-0.7881692650776583,14,25,5.458379809738697
939,62.481768728965186,1,1,1.140166372500598,12,25,6.010545060966242
940,56.22875666336108,0,0,-0.8736078931530321,16,21,8.149218330581387
941,73.00432464246434,1,1,1.272712256686885,12,25,7.281160380543559
942,80.68643729757801,1,1,0.7353337659087295,13,24,10.91985884727444
943,59.00688342179703,0,1,-0.08975232418037432,13,29,7.421551637393157
944,68.94735520426543,1,1,0.20682186174106482,14,18,8.725312701823754
945,64.27827454655767,1,0,0.08950053465831437,12,24,7.602997912506838
946,83.6655570942974,1,0,2.279395902594004,14,19,7.266893352518705
947,71.1953685859351,0,0,-0.0574631205666154,14,29,8.564392559567153
948,66.31024725307805,0,1,1.09342780387759,14,23,7.962627116132357
949,66.43032660333904,0,0,1.4240740955599185,15,20,9.109543967878162
950,69.23130974827805,0,0,0.5543483658075489,13,29,10.667612249019971
951,69.69416202908661,1,0,-0.007068689978161385,13,25,8.024486104549467
952,67.98774635723095,1,1,0.4223458979876002,19,29,7.574369678362373
953,64.99683123200211,0,0,-0.6494512466976425,13,23,5.8096549592825095
954,64.89861798664164,1,0,-0.9086137424574852,15,27,8.469278380260542
955,70.20892037008922,0,0,1.2008806389834707,12,18,8.631984764061691
956,61.872012401148496,1,1,-0.9175233717264586,14,24,6.697990478681833
957,94.01589030230595,1,1,2.3343906446142437,15,23,10.304518049022365
958,75.75867523694997,1,0,1.5016618974139644,12,26,12.135621621717597
959,60.57897589599757,1,1,-1.744572088432152,14,21,5.418265257085864
960,68.7298991719026,1,0,-0.8364093834621629,20,20,9.035671455897118
961,66.43899325369397,0,1,0.4226173298828775,16,21,7.411704070929336
962,55.083357749677035,0,0,-0.04381566033761463,11,28,5.919747674453047
963,71.41656495169924,1,0,0.5222139966162112,9,18,7.165542046876516
964,64.84499904199066,0,1,0.15987053918679464,12,21,8.41167884473428
965,63.433766772172326,1,1,-0.7010734303713935,16,18,4.140571807957951
966,72.34462367600284,1,0,0.8367288148974724,12,26,10.319621674474233
967,79.45253428945747,1,1,-0.69735020721796,20,26,10.671977008889593
968,66.18984994735375,0,0,-0.19438969875775522,14,24,5.994091552631404
969,76.11491045742711,1,0,1.3995773389212796,14,29,8.033627734945133
970,77.147919391766,1,1,-0.24413858765682483,20,25,7.719545523399843
971,64.37735443761905,0,1,0.4771778177653288,11,29,6.698351895278839
972,86.12063353633494,1,0,1.812573815313436,19,20,12.137790098494516
973,87.899948676264,1,1,2.1686044205726556,15,19,9.620968217200423
974,77.94005742261179,1,0,-0.0022357405589315702,12,27,12.562379322074896
975,59.48353638602071,1,0,0.7515170094495427,11,28,8.299342964557953
976,74.37845553955881,1,0,0.8424816884259934,14,24,9.782913744600759
977,57.43215845860854,0,1,-0.5544248192014303,15,30,8.138394602912438
978,53.29875351740919,0,0,-1.3329784548868,13,23,3.2320684386940095
979,61.02642650289128,0,1,-0.4466943341889815,16,30,5.27945723279945
980,67.63555475241371,0,0,-0.4332195351791571,13,27,6.280322661800376
981,74.23155329179527,0,0,1.2851300331169793,12,29,7.948880832080024
982,71.63948575605528,0,1,1.4445413620096728,11,29,5.964714273171266
983,71.90039496564451,1,1,-0.221675571241524,16,18,9.836289798556704
984,55.61711292375746,0,0,-0.7099532828308237,12,23,7.74652166990849
985,68.61459379878406,1,1,0.29474641959158004,11,20,10.156009653583329
986,65.75349948080513,1,0,-0.7054859953469339,15,24,10.841791825420552
987,80.10198055240775,1,1,0.7780197411723017,15,27,11.945443078377915
988,72.20401519467823,1,1,0.21942894771646865,14,28,9.119783074747197
989,64.8515603352343,1,0,-1.4756352590316069,18,27,6.082685501404403
990,82.66237056531698,1,1,2.1178236024086625,10,23,12.894157886362182
991,85.62491864993986,1,1,1.1950384744678633,14,23,8.924756952290195
992,79.10052314126418,0,1,1.9817076090218726,15,19,8.94320856520014
993,61.49713420025111,1,0,0.2409007598827553,11,18,11.143086182085538
994,65.88231524049507,0,1,0.03544380436280583,13,28,10.413977414371331
995,78.86547787477852,1,1,-0.0036010396664039354,17,19,6.629835704687348
996,57.632257657903615,0,1,0.39686417486417547,10,23,6.127026756879837
997,61.88033991336028,0,1,-0.6299891096965695,12,20,8.190895553294622
998,62.19932131465468,1,1,0.2305629882089936,14,30,5.478404794973995
999,60.42921140139561,1,1,-0.39625554460538404,14,20,9.439312686541932
1000,59.47473725415233,0,0,-1.2885180123496702,11,25,2.6183147120006693
1001,48.707510541539826,0,1,-0.4106070777818058,9,29,7.280530493088641
1002,53.41499114096493,0,1,-1.1774754307967605,13,30,3.985170329054567
1003,75.58309696821478,1,1,0.9098286217950335,16,29,10.092881578952355
1004,67.90490742598946,1,1,1.0665035254615858,10,24,10.537402188418318
1005,57.84179917122665,0,0,-1.2586587177336417,13,26,6.699004261069026
1006,65.16924421016229,0,1,0.9223954721983078,13,23,8.633535695695512
1007,71.95384115762363,1,0,0.42929881465895126,15,30,10.620413930910702
1008,56.621109645491416,1,0,-1.8770340965115044,11,18,8.814098355153696
1009,76.70664198836408,1,1,0.5165692759902496,15,22,10.028816177515738
1010,69.80358026325709,0,0,0.3452476315209136,15,18,5.471168324982509
1011,59.54960149838455,0,1,-1.139418431831167,14,29,5.754067681887192
1012,62.44032685564727,0,1,0.5658214247353793,11,29,7.827530332186173
1013,63.70447390866856,0,1,-1.0054663423364651,14,23,4.769828078324858
1014,63.83657927541221,1,1,-0.18704153500221754,12,26,8.994646711630493
1015,65.03016259810548,0,0,1.3023948990665701,16,20,8.5768661485918
1016,55.50170093647713,0,0,-0.41936427803826526,17,25,6.940830177610648
1017,51.02827729212084,0,1,-1.4010131185478791,18,23,5.98874480259047
1018,66.94104204077854,0,0,-0.9387147842909602,19,27,5.190540381520641
1019,79.69801045413085,1,1,0.739149381901594,14,25,10.706159998465191
1020,61.30163505183279,0,1,-0.1568791178875391,9,21,5.444005938002029
1021,48.64479882592924,0,0,-2.0590873733768498,15,24,5.213659262077405
1022,68.33025211625112,1,1,1.2312004093144406,13,28,9.079657568849779
1023,66.45679385323925,1,0,0.07884452359505773,16,29,7.207250096035063
1024,71.87453864404671,1,1,0.28326615078669165,14,29,8.185497860810726
1025,66.03716237364327,0,0,-0.2537350549784436,8,18,8.951687555684911
1026,84.91523269795402,1,1,1.9973699261831663,13,28,6.6718575731438055
1027,69.06221114571333,1,1,0.6673238456188874,9,26,12.087070392193109
1028,65.17277261166998,0,1,-0.5371292676002812,15,22,6.036998677576072
1029,73.00026356711223,1,1,-0.20815548616905677,11,27,8.588020461874612
1030,65.00811931619961,0,0,1.2248170895646011,10,27,6.751674741941066
1031,68.34471343943584,0,1,1.2088017384824017,12,30,7.249538877478469
1032,53.3092883397615,0,0,-0.6116734676198019,12,23,5.232355350147693
1033,62.18926002711815,0,1,-1.9643654836365119,14,18,4.3593077242729805
1034,61.572846238450566,1,0,-0.28316838558570795,17,23,9.710217864094535
1035,76.92208921467981,1,0,1.6840560514587901,16,29,10.091825454713163
1036,53.979269075109535,0,0,-2.1525779609789595,12,18,5.2735030018546745
1037,94.56915665721174,1,1,1.6334340918759955,20,25,10.425896984085817
1038,73.08509915873043,0,1,0.5030868847529443,14,30,8.841973281091708
1039,76.20992871384271,0,0,0.6750334701416946,14,21,7.220551555607303
1040,73.05841553996031,1,1,-0.7333097259296399,13,27,9.123313815061623
1041,78.41573562085023,1,1,0.7061015332135062,15,25,10.473442811214978
1042,59.75866657256335,0,0,-0.1675840881544307,16,18,7.3417947570592315
1043,62.82335309259893,1,1,-0.25575577182083703,15,27,6.569499057924572
1044,63.2096708025689,0,1,-0.5078781838705838,12,23,4.782609879287765
1045,68.73838758103591,1,0,-0.8390791148559136,17,30,9.662871425526642
1046,66.20546648017195,0,0,-0.3333304507275014,17,23,2.704460007653947
1047,70.13716447571609,1,1,0.476979027549255,13,19,6.963870939901263
1048,59.132219606505615,0,0,-1.3172334318397365,17,23,6.089240138283894
1049,64.07488521296932,0,1,-0.1614049763490896,18,26,8.662253503593577
1050,69.42870275207186,0,0,0.537469276897857,10,25,8.7303002282539
1051,65.23171485550355,1,0,0.7925380446325662,8,20,11.118845104390257
1052,61.277876066769,0,1,0.014394935168847756,12,28,7.365352571643493
1053,63.28860571976188,0,0,-1.3652592424345518,16,30,4.9114399476717665
1054,67.9324001799249,1,0,-0.7608280178271326,13,20,10.220185026152656
1055,82.53983580825107,1,0,1.026718826906117,17,24,9.674334398937686
1056,71.11670817563515,0,1,1.0695179819281324,11,20,7.17354041557409
1057,64.17522326846165,0,0,-1.662959266414833,16,30,7.499180521320499
1058,72.6610807187255,1,0,1.7728762733844214,13,29,7.91893159433697
1059,49.78262040889859,0,1,-0.19110289785634108,12,25,3.9425127967291504
1060,61.251483372006504,0,0,-1.255620139100255,16,30,5.952431125017355
1061,77.13521587039044,1,1,1.0960837312873537,14,27,8.636110229487558
1062,69.58979258093794,1,0,0.34110526427780985,15,30,7.796111469230884
1063,72.05246819354342,1,1,0.9024495574334666,14,30,8.945260945225025
1064,65.05281210479129,0,0,0.018284268529872204,15,20,7.226925607518066
1065,66.57663584164916,0,0,0.3214711577359392,12,21,6.4103143351014245
1066,59.67833772922548,1,0,0.2721657923079893,14,23,9.97953259409148
1067,64.46370270866828,0,1,-1.4864522141685692,15,27,7.689607519860696
1068,75.46939413902803,1,1,0.5868316559892259,13,25,11.567760259098895
1069,50.460914515987945,0,1,-1.4264876701293516,12,20,6.173833503235853
1070,78.68168199730738,0,0,1.1794787115639689,12,19,9.501824310572557
1071,58.30901602178968,0,1,-0.8147496335796042,15,20,4.429634319719541
1072,67.01336445911167,1,0,-0.2575101260963416,16,30,5.2871863239665355
1073,75.627166058839,1,1,0.08200749062238724,13,23,10.025490319488052
1074,69.99040386817838,0,1,-0.6104877132846431,18,22,5.114131949888584
1075,61.404237894796054,0,1,-0.7191351448133563,13,26,5.306433151282516
1076,58.128919831287085,0,0,-1.003080830739349,12,30,5.831424715201113
1077,60.07880571972925,0,1,0.13300967353944954,11,28,8.11286900616414
1078,54.26967532268989,0,0,-1.8065579265436396,14,21,5.031690722018161
1079,61.90253096941041,1,0,-0.9457905399841982,20,22,10.330490249289369
1080,62.666996114166196,1,0,-0.4919154226680521,13,26,9.116138209296409
1081,58.39867079183249,0,0,-0.39386612125643794,14,30,8.445413295000744
1082,58.65641297279673,0,0,0.31126397760165914,12,20,3.4209648954773186
1083,75.88405932295804,1,0,-0.17246832748519003,14,20,8.391021630929707
1084,65.95443385437365,1,0,-0.02342742344753949,15,26,6.550575014903512
1085,66.6657225100557,0,0,2.100740531971533,12,28,5.484804961477703
1086,73.43259838837895,1,1,-0.1928982455381654,12,18,8.389970120472752
1087,62.61844938945441,0,0,-0.5509401850252997,12,27,5.131899464775522
1088,59.66075810710143,0,0,-0.23823079658877214,13,28,6.178173128806931
1089,77.17804986978032,1,0,0.4368801422197417,13,26,7.81302041629948
1090,69.11365634670298,1,1,0.3998708070255436,8,22,11.904525832217132
1091,55.30790887611631,0,0,-0.4284254979969082,12,22,8.483784139889554
1092,54.43290777390792,0,0,-1.1833574616649725,13,27,5.271992127057384
1093,74.58902358773443,1,1,-0.9829008839476652,12,28,7.193349031880606
1094,70.75437985974837,1,1,0.4404269162591098,12,24,9.396618424583107
1095,79.23458722391257,1,1,0.6024560097123715,15,18,13.512988395279372
1096,77.7921421260799,1,0,0.9262706916622901,13,19,12.39240303558446
1097,67.96263080872299,0,1,0.6734197957329017,15,23,9.421900144618945
1098,62.44526098961571,0,1,-1.4132949141387499,15,23,7.285049980198957
1099,60.35229429002082,0,1,-0.4516243543265096,15,30,7.58640141169701
1100,73.19449365903273,0,0,-0.3036597845296146,14,24,7.64381101964481
1101,53.47341394870821,0,1,-0.45854064935487454,13,19,5.084090138445887
1102,57.8367669985824,0,1,-0.26607093962599265,14,20,8.001887271787606
1103,82.35297586961532,1,0,1.4512026243273948,17,24,8.857565446798377
1104,49.21725585799792,0,1,-0.5886502817245465,9,27,7.542459300449763
1105,70.14942311343015,0,0,-0.12905909022141748,13,26,9.942933979330604
1106,59.1119046534695,0,1,-0.9734475286990193,13,25,9.402339110871846
1107,67.41418607711817,1,0,-0.13996767087177112,13,20,10.02162703651964
1108,58.79809042405953,0,1,-1.5215861312248675,16,29,7.0312466620292
1109,79.43901445848851,1,0,1.1009174381411313,14,23,12.543356374037261
1110,65.99929238783292,0,0,-1.7702025044041485,14,30,5.160681302113049
1111,63.72200523455093,0,0,-0.08286193976214407,15,25,7.972573299081942
1112,70.30359657296836,1,1,1.3334564822431552,18,29,7.063305643292661
1113,72.49191693218158,0,1,0.12108503685297439,8,29,6.6482146453509685
1114,63.755911486899144,0,0,0.34040792946987225,10,19,6.451078900099104
1115,60.6178091987588,0,1,0.20106054576687785,11,19,8.38604024523431
1116,75.30728728378261,1,0,1.0821089908426946,13,22,9.703932305563965
1117,77.88517318915605,0,0,-0.9871368150480253,14,26,9.66669116870143
1118,66.94703215184147,0,1,1.5712260587017448,10,30,9.571900350028168
1119,56.09108114284273,0,1,-0.6288134914848877,13,27,7.517738623760563
1120,67.17554836254685,1,0,0.5519139421362688,16,23,12.96102676546363
1121,59.427188716282025,0,0,-0.04076862129955429,8,26,6.132749775739916
1122,76.0457175268823,1,0,0.6657042950501209,14,19,8.304422655351944
1123,65.09494977221951,1,1,-1.5798384653159916,16,23,5.233416784198322
1124,81.2914313814914,0,1,0.6483221368751114,14,21,8.692534203776505
1125,48.92316978698183,0,0,-1.9697048297486242,15,28,7.764255422185194
1126,57.13443760409047,0,1,-0.501552235347614,15,30,6.246543646963812
1127,60.3039882848486,0,0,0.27386233309851216,13,22,6.702970295295723
1128,64.67239303791001,0,0,-0.2920173258031342,10,26,5.184375042724831
1129,71.89388884506093,0,1,0.30237806880093665,14,29,5.203161385527169
1130,53.25690799862656,0,0,-1.207197622015155,12,28,6.633314459545919
1131,77.45634710371719,1,0,0.003108425907290063,12,21,6.733289702686465
1132,74.27183872520703,1,0,0.40061076786411837,8,19,7.308739989777534
1133,70.4105751199233,0,1,-0.3704791802825631,14,19,6.446177226565643
1134,67.6202540926431,0,0,-0.8317062042629778,13,26,10.144448715800026
1135,76.2333014323023,0,1,1.7202514416998718,11,19,9.256627886094613
1136,59.969950257446584,0,0,-0.6438120116043672,15,30,5.880392399433864
1137,52.808024054802516,0,1,-0.9365140587142269,12,30,7.797366232818398
1138,71.79230742651151,1,1,0.32791204342165725,15,21,9.291067806412743
1139,78.95594701452751,1,1,0.3724996223819214,14,23,8.069607638325914
1140,67.02938076579483,0,0,0.4075149544098222,12,27,8.282442738532433
1141,70.48598765485201,1,0,-0.24626225332434107,17,26,8.907425109812742
1142,66.73600216583738,1,1,0.15764713878554065,13,19,8.487709546626652
1143,69.11594376864055,0,1,0.11808423322906175,15,29,6.415804920412494
1144,73.86043236528457,1,0,0.0056685240647036395,19,23,7.377357996626544
1145,74.79835091158459,1,1,0.5295754727591138,15,25,8.203790520647892
1146,57.80798771781777,0,0,-0.11207705389045956,13,19,6.9668083046069365
1147,52.648096679335694,0,1,-0.8593551027755874,10,21,4.785352262890077
1148,82.32798433276471,1,0,0.7786916291162245,18,21,9.648818912889482
1149,63.942083154859624,0,0,-0.6793253385203626,13,19,7.1953812940653705
1150,52.065185704717884,0,0,-1.5563907949535685,13,19,6.500359255998273
1151,60.26427844408175,0,1,-1.6841740284719087,16,28,4.487724747759868
1152,48.19455437063684,0,1,-0.7400387157864075,16,21,3.8219383634057373
1153,50.01158079126128,0,0,-3.2668938242315124,16,18,4.935958871898088
1154,71.89198212440554,1,0,0.4051780801115071,16,20,6.758843788349002
1155,85.29150090091838,0,1,0.5750510698394337,15,25,10.86752475490898
1156,82.45004311108684,1,1,1.2338339427167784,12,20,10.316322228490813
1157,52.12057918617777,0,1,-1.5721536769481257,12,22,3.04315515710097
1158,61.56653212006762,1,0,0.1685530982612446,10,22,8.555934305733821
1159,55.049918692993984,0,0,-0.6649664766206599,13,19,5.63948249098504
1160,73.10475184355388,1,1,1.017197900797508,12,24,11.126152964886376
1161,71.89849689685884,1,1,0.9915245731213214,16,22,10.78380336294158
1162,65.5128475880308,0,0,0.29209444398132944,16,22,4.99364760018668
1163,69.67019507953506,1,1,0.2753081903832,10,22,5.48313420701306
1164,67.02084683130084,0,0,-0.10905519268018106,10,22,7.966312260734161
1165,60.02646850972765,1,1,-1.0928715230377875,15,25,7.671648845417544
1166,78.87085247549571,1,1,1.2792346302940978,15,19,8.974988139324534
1167,63.99759733279092,0,0,0.1593659666067281,13,24,8.514964206427209
1168,69.22439423945343,1,0,-0.7430241795177185,17,24,8.991903208921721
1169,62.273829783531255,0,1,-0.46125975161611515,17,22,7.819683679863207
1170,71.3273232424664,0,1,0.9438880934958183,16,27,6.723046284022239
1171,60.0098731053974,0,0,-0.24480808207910865,15,19,3.2090744815976864
1172,83.90203261480117,1,1,2.7396857872098956,14,19,9.614860941773728
1173,54.95811236813773,0,1,-1.3123522656840902,18,27,7.075270511414467
1174,67.16103893342569,1,0,-0.11669584607986921,15,24,7.9961970178714985
1175,56.29179163429472,0,1,-0.8640322508633671,15,30,5.944652598419186
1176,66.12976112643213,1,1,-0.1386015046350485,12,29,7.623627078942567
1177,66.40929236758586,0,0,1.4021486080485555,13,19,4.221841905819535
1178,64.74195675216822,1,1,-0.08867419339266355,13,22,8.20734485673222
1179,70.96915417061767,1,1,0.4516895781638715,12,19,12.715986129661115
1180,67.07623418219137,1,0,0.8623715212603335,12,23,10.187918190828354
1181,66.12295112252778,0,0,0.1614365549875177,15,22,5.4230389300929245
1182,61.89343623683503,0,0,0.4263524656056778,12,23,5.998617103757652
1183,70.39319131671584,0,1,1.230671804843275,11,24,8.057303061510677
1184,61.26479028929009,0,1,-0.7954324145874561,11,24,5.7016478506105885
1185,48.99979972663991,0,0,-1.813217409062882,12,27,7.683411981108931
1186,76.66819035826458,1,0,0.8887787310374784,19,28,10.96093611897183
1187,78.69210020456262,1,0,1.3429362621475827,13,24,9.841928674005443
1188,72.32256695874604,1,0,0.8700622058811,13,21,10.72861936322409
1189,61.74580741626578,0,0,-0.03808182041626101,14,30,6.298528393240638
1190,53.448338367742515,0,0,-0.5771924565509483,14,25,5.904802227896513
1191,79.96279797041215,1,1,1.0154097884169815,16,19,10.807773544424094
1192,77.23795911204788,0,0,2.156506096462352,10,23,10.942970376999597
1193,49.7364000897466,0,0,-0.3999386164582342,9,30,8.192977686595029
1194,68.71047701327565,1,1,1.0171454461918363,11,30,11.871323194661546
1195,87.87384645107012,1,0,2.426776775717797,15,29,12.401122181830287
1196,76.69728944895422,1,0,0.701342538506546,17,23,6.722984041269121
1197,65.19133608043708,0,1,0.6476163675238427,16,30,6.513545517943466
1198,52.17252672396595,0,1,-1.1403225428526609,8,19,3.8307924975300702
1199,61.16655628409996,1,1,0.32912979428440803,10,25,10.634793021501139
1200,60.649445539598375,0,1,0.6924588798792267,13,27,0.5355924587703642
