person_id,wage,program,age,education,pre_wage,female
1,30.625007393238032,1,35,14,18.434545085686736,0
2,28.049731748530156,1,36,12,11.734792475913611,1
3,24.563181651635876,1,33,10,12.53022048867304,1
4,41.853344897835406,1,27,15,19.91322878885417,0
5,29.035463780941175,0,35,13,19.151378587168047,1
6,28.91227821802885,1,37,11,16.133953400442532,0
7,21.458060308953204,1,23,12,4.831281726849804,0
8,30.568322404222574,1,22,13,14.437975389484908,0
9,25.703445161530396,1,38,11,15.880313918380136,0
10,45.6700298919744,1,53,17,27.679661559444327,1
11,37.9235863533086,1,27,16,21.883468758000628,1
12,38.77769863492219,1,54,14,25.182099094634776,0
13,28.504088048873815,0,53,10,16.141239659700584,1
14,30.688140267851235,1,57,11,13.348105093608769,1
15,25.15632425658715,1,50,10,10.470811420360848,1
16,25.983978268868054,1,28,11,16.676512252456973,0
17,28.510304639140557,1,52,10,17.381629613719518,0
18,33.204962405453124,1,55,13,20.186503081480776,1
19,29.325243641264766,0,28,12,18.417621421074823,0
20,31.112446675113908,1,45,12,17.23041040300489,1
21,29.983987758500824,1,44,12,17.453906266200953,0
22,22.871590038611366,1,26,11,12.017846935154976,0
23,34.76227581966404,1,42,12,17.667448110825923,0
24,36.13289643159344,1,41,13,17.448622844473807,0
25,30.91751713589166,1,55,13,15.552433908942179,1
26,37.010408056665646,1,46,14,18.34106433644722,1
27,43.74797424225563,1,36,18,24.027005077638893,0
28,27.383371586788705,1,35,12,14.157777362717658,1
29,25.19071142644635,0,44,12,10.875571025147543,0
30,38.35668374248018,1,24,14,20.66320154253763,0
31,23.351694857104437,1,27,13,11.34740558079946,1
32,39.9822494040217,1,47,14,19.318320076787145,1
33,39.03424545313268,1,45,16,24.506718880081866,1
34,26.020934774135686,1,24,10,14.500129191919449,0
35,35.3585937791963,1,46,12,18.022874000502476,0
36,36.76528717625986,1,57,15,17.923276194648686,0
37,44.65105953231495,1,51,16,25.74182496231873,1
38,32.263844389798244,1,34,13,18.595272786802592,1
39,33.11226670755379,0,46,12,15.534237848117668,0
40,38.97575567118577,1,53,13,22.689966741272126,0
41,31.102222095423695,1,32,13,13.79769364609,0
42,34.58300027197275,1,57,16,19.428111272431405,0
43,28.056857247049273,1,41,13,12.19377882424629,0
44,38.588585069057245,1,24,18,20.3776099553241,0
45,35.72287670134706,1,24,14,20.20693509524373,1
46,25.175286502912947,1,29,11,14.12834481699732,1
47,30.86085102171013,1,45,14,18.094151311124353,1
48,29.29618169832541,1,26,10,15.912920002557534,1
49,40.99947571787191,1,32,15,20.747046089577985,1
50,22.608388850632213,1,22,10,10.074780838184614,1
51,44.897451719690146,1,48,17,22.887683424676904,1
52,41.04351541422628,1,53,15,22.44585260856454,0
53,39.29589368144317,1,26,15,15.401154162747222,0
54,29.735457690501455,1,33,12,14.246885508001771,0
55,33.95706625127373,1,31,12,15.886957267318415,1
56,32.64368246214992,1,38,12,14.53882033114844,0
57,29.642921859889935,1,26,12,16.71635381318912,0
58,27.999330869849643,1,34,12,13.018047458121252,0
59,29.17159120841671,1,26,11,16.10339821350752,0
60,25.88404442322461,1,51,11,15.48617983977574,0
61,34.657448237701345,1,40,12,20.23951341504734,0
62,37.6156059584067,1,48,14,21.7598391739398,1
63,33.090279453112394,1,51,11,14.325834893350471,1
64,26.632498254817758,1,39,9,10.976559236848399,1
65,31.691124418412002,1,31,12,17.530944553527632,0
66,26.412959094195337,1,45,12,12.03465528385985,1
67,30.533836759914138,1,27,13,14.763925743579804,1
68,33.62010021595164,1,54,13,16.60545502498474,0
69,34.40385282492519,1,26,14,16.34344303242087,0
70,29.144014283807508,0,49,11,18.47786616758569,0
71,47.048369375683215,1,56,18,24.071503927814092,1
72,40.847808515181576,1,44,14,22.163974610074657,1
73,37.33953893246656,1,55,15,19.926048618968583,1
74,24.03679785737361,1,25,11,15.33485469830475,0
75,40.98643742773867,1,40,16,21.27330142181256,0
76,27.240209489669503,1,45,15,15.202110917777677,1
77,35.66046161686873,1,43,14,16.080094926475816,0
78,32.77309860078054,1,46,13,15.735523022148218,0
79,35.39373511768272,1,40,16,19.641449554528098,1
80,29.233453333593904,1,40,13,13.672642849932865,1
81,30.781317559935083,1,28,13,15.263336597523484,0
82,36.337494675902626,1,57,11,17.14810942975996,1
83,33.717365587408864,1,44,13,17.53912710533716,0
84,36.460688516657505,1,38,17,18.00340229652901,1
85,35.02345241455723,1,42,14,16.612986732831548,1
86,38.86585167335696,1,50,15,19.546200413743744,0
87,37.95487038292763,1,33,17,22.35374178966925,0
88,35.912179610870155,1,50,15,18.588739090445042,0
89,28.237605578912895,1,53,11,13.287930240226537,0
90,26.79659859173889,1,31,13,9.817158450582909,0
91,29.5900947193637,1,48,13,15.172923390119898,1
92,28.265523646303777,1,54,11,14.940456963102726,0
93,37.698103320650226,1,32,17,18.621193957816423,0
94,30.905402695139735,1,31,12,17.637479569736392,0
95,39.46608410503118,1,36,16,19.51975255746727,0
96,32.820718861754905,1,38,14,15.958973907830146,1
97,31.901765825656483,1,22,14,17.454465374933715,0
98,36.20295958321411,1,35,15,19.269709214698214,0
99,29.478033230930667,1,41,13,20.409311303645996,1
100,28.587206859777496,1,27,13,11.524024832772241,0
101,13.72520855541114,0,40,8,6.206594932235173,1
102,15.927054511579621,0,26,9,7.318805919711233,1
103,47.14422420142985,1,24,20,24.38115351425161,1
104,25.276188034117112,1,23,11,13.377008514651473,0
105,32.84374424723844,1,45,16,17.252692202163868,0
106,26.472102852885104,1,41,11,16.707682272537202,0
107,45.06879322834023,1,53,18,23.86199418511319,0
108,43.229963149040856,1,46,14,19.000637604639845,0
109,33.41685809530324,1,33,12,18.111757532575705,1
110,20.99157642736889,1,37,10,15.443953439497385,0
111,30.302162413238577,1,22,13,16.230018229816277,1
112,21.04033907948168,0,42,11,11.99140847518603,0
113,28.481579402454432,1,38,11,14.759032658036665,0
114,29.18516605455876,1,33,12,18.54553679041105,0
115,33.716651242852535,1,35,12,12.606603927713856,0
116,44.93784008828352,1,48,18,22.00562434441467,0
117,35.29568438888629,1,46,14,19.637697839136653,0
118,27.951014555982212,1,45,10,14.162869969152277,0
119,24.579648668872718,1,35,9,13.925767021109603,1
120,38.67813178414532,1,31,15,16.541821059869783,0
121,16.35822387065689,0,31,9,7.980892618411932,1
122,32.164862367505144,1,27,12,14.624938042133646,0
123,38.889512337335645,1,46,15,20.345737220528253,0
124,26.29412992937152,1,41,10,14.290039033250581,0
125,31.87784884772053,1,26,12,15.035390436471724,1
126,31.345058651952467,0,55,10,17.781796599940748,1
127,16.38452204897439,1,27,8,9.632527378730654,1
128,37.789918692196636,1,41,14,21.73876866887784,1
129,37.40289572625286,1,30,16,17.346595958255648,0
130,33.770335346580275,0,49,14,17.280745654183566,1
131,35.12860492888194,1,43,14,21.98168011963012,0
132,30.029811746854442,1,30,11,18.525921177384628,0
133,25.250759994574135,0,41,12,15.810087681381612,1
134,36.15255126206808,1,30,13,18.677933214792617,1
135,38.64555289425528,1,36,14,18.888988537899767,1
136,26.72038886692788,1,29,11,14.574981038627483,1
137,33.13661811119981,1,31,13,16.46546329177243,0
138,25.897384961568882,0,35,11,13.883437442846645,1
139,37.553887002774154,1,41,15,20.771811661719436,1
140,29.990176135956386,1,37,14,17.86031706043662,0
141,35.589555321421194,1,29,14,16.888809355580783,1
142,31.00445504691772,0,54,12,17.79346862758674,0
143,31.856830792988234,1,54,12,15.828803662681972,1
144,35.20007353456515,1,45,15,19.31590230745022,0
145,27.867904203943052,1,29,9,13.225803132194525,1
146,19.084069536345687,0,43,8,7.18441189390899,1
147,38.68278573812783,1,54,15,17.88051500215989,1
148,36.99610287112612,1,36,13,17.972358012999536,0
149,36.18756558503261,1,51,13,15.519848025776408,1
150,39.41773367778121,1,45,13,17.440375617306252,0
151,35.37091839473503,1,36,15,17.257550741301735,1
152,24.612981423447316,1,24,12,15.610052175526262,1
153,19.412403772257004,1,33,9,9.955088862155096,0
154,36.644044966205705,1,50,13,20.707478284595176,0
155,33.7112981293297,1,50,11,18.709927259973895,0
156,33.243672467279964,1,35,13,18.926047263518978,0
157,34.653576197960504,1,41,13,18.500673626500863,0
158,25.426153690533788,1,47,11,13.71467919898185,1
159,30.197695839987013,1,22,12,17.65471602831597,0
160,25.379168755568323,1,28,11,13.91686710002292,0
161,30.8281461054158,1,51,14,17.45769282968285,0
162,22.711563127614678,1,30,10,9.672679800294675,1
163,36.63051463325446,1,40,14,15.404465266165374,1
164,22.277438204068034,0,30,12,9.679337651639056,1
165,33.136006270389444,1,24,11,16.92452882633927,0
166,33.59028360019718,1,52,15,19.275245689796716,0
167,28.288641759561806,1,53,12,16.078818583484267,1
168,29.40860363086853,1,57,15,12.763250793818983,1
169,23.75185697510589,1,30,11,14.972633394677963,1
170,28.467664426910225,1,33,12,14.395851540832096,1
171,25.89676612352173,1,27,9,12.884367526983787,1
172,29.50514990656185,1,22,11,18.842323865106064,0
173,37.85929059642181,1,37,14,19.044042858816113,1
174,19.358623205240434,1,26,9,11.961664269675953,1
175,30.6384509638617,1,30,11,20.82605788298589,0
176,30.39839929343666,1,48,12,16.37226783196096,1
177,39.75627498012458,1,30,14,16.819395056235464,0
178,31.737484054799538,1,39,13,16.945540964685215,0
179,22.099323775063723,0,39,9,9.136266035823914,1
180,31.119992104188675,1,44,11,18.993429440130594,1
181,28.937770057571527,1,29,11,13.265368955044185,0
182,22.432507661717572,0,53,8,11.857690034066664,0
183,38.88545193990113,1,41,15,17.00787293526644,1
184,34.587587117957234,1,48,14,15.508155614866471,0
185,32.78113985803198,1,54,15,18.98239269201487,1
186,38.6369292798714,1,43,14,20.384180735320392,0
187,30.671396537148,0,50,13,11.78072931596246,0
188,35.4296666753959,1,56,13,21.02927416438532,0
189,24.968669501264785,0,47,13,12.6973266167061,1
190,34.66769648941484,1,41,15,22.758663602753238,1
191,32.39837452995207,1,51,14,17.81002561190579,1
192,38.0919605282406,1,31,15,20.518350232431562,0
193,32.29959998843325,1,57,11,18.899184716898958,0
194,29.718336094698426,1,30,14,19.52735644461672,1
195,38.21804612038331,1,56,17,19.22132510656131,1
196,26.839469134571615,1,27,11,14.449288005167372,0
197,24.04855089315402,1,41,10,10.476461233530365,0
198,33.8690699653514,1,36,13,15.474442693734407,0
199,28.76474146813328,1,25,11,12.817494002732763,0
200,31.437795039146664,1,26,13,20.483015938509027,0
201,33.09771207806938,0,53,13,18.203989826722616,0
202,39.20671364474964,1,34,15,19.091628678121626,0
203,42.782613546090644,1,31,16,21.08190622565586,0
204,33.60425879990785,1,48,13,14.086410286132574,0
205,33.39992314452309,1,53,11,17.768397317676435,0
206,22.071847865115053,1,29,10,9.630599164357202,1
207,23.83665897231714,1,23,12,13.460431514627249,1
208,37.024616571411045,1,31,16,20.532583099728292,0
209,21.58757929417035,0,30,12,13.59732138808733,1
210,38.677592740723355,1,36,16,17.20794967802101,0
211,23.010178349834106,0,30,9,14.501049249004959,0
212,25.695843274248105,1,43,11,13.315209311399588,1
213,29.85177403032838,1,46,12,17.3458815104067,1
214,44.51615307639921,1,52,17,24.02367194836447,1
215,35.565000862986004,1,33,14,17.372017567481112,1
216,40.43242460017575,1,46,15,17.796190571672927,1
217,42.062986601429,1,51,14,21.40760039784229,0
218,42.83001908063298,1,41,15,21.098425427677384,0
219,30.949874436478478,1,32,11,15.496323420106279,1
220,43.21779325970056,1,52,17,23.457159762837467,1
221,34.77527304278098,1,44,14,18.694104515503433,0
222,34.56420136361789,1,25,14,18.616740880670942,0
223,30.061308959583748,1,38,12,12.949029755694772,1
224,26.91978439672561,1,44,12,16.509699040687625,1
225,37.94396540243023,1,29,16,19.857126220503346,1
226,32.25471165573396,1,29,13,15.412141271709093,1
227,30.07063697046527,1,22,13,17.853059683206293,1
228,32.369332213327596,1,43,11,17.091992147113096,0
229,36.35843175998768,1,50,14,22.499315919578805,0
230,31.890611082157363,1,32,14,13.955940709045171,0
231,41.81909495335884,1,57,15,23.988530121703107,1
232,36.10267213528709,1,41,12,12.864337033311877,1
233,33.10496943709198,1,32,16,18.507418151859845,0
234,25.15892028242523,0,57,9,14.49396490105292,0
235,30.726350441770556,1,40,13,9.009045267709542,1
236,31.999137263615456,1,34,14,14.019784516809276,1
237,41.08123141035528,1,42,15,20.600961656844646,1
238,34.538933453005704,1,24,16,13.46389728214581,1
239,26.924385507754476,0,34,14,18.293184525323092,0
240,28.311386647170632,1,40,13,12.377359911629021,1
241,25.202803357519763,1,37,13,11.479009875542538,0
242,35.490984454252256,1,29,15,18.49275016008476,1
243,30.625092130549717,1,30,11,13.838907913048633,1
244,36.27590113698009,1,48,11,18.809863673478603,1
245,29.600379152043338,1,43,14,15.16136097991378,1
246,37.12297491186604,1,48,15,18.368712694309938,1
247,27.597502304529975,1,41,12,12.237903152002977,1
248,33.0220856483278,1,46,13,18.456167331200007,0
249,26.840937838593707,1,25,11,15.025120860377521,0
250,28.563692901938754,1,26,13,16.575083223711108,1
251,32.06268921830973,1,39,14,16.44426276223911,1
252,37.919632447808574,1,45,16,23.15552365780884,1
253,30.37271068915476,1,22,14,18.30732075001403,0
254,36.05971755767126,1,52,13,18.752451615046986,1
255,29.20121495620276,1,55,10,16.073685166980603,1
256,44.5763336803277,1,52,16,28.739321479813185,0
257,32.386889186537466,1,57,10,19.109250403125564,1
258,30.358972255469787,1,28,13,12.522483507413105,1
259,28.609172598656524,1,32,13,14.993916475323658,0
260,32.71133218689875,1,41,13,19.024013671934362,0
261,28.11427208519867,1,27,12,17.93550400198312,1
262,26.90502076209653,1,41,14,11.773199726151336,0
263,36.11443840628215,1,53,14,21.159028955808118,1
264,32.76791238579139,1,24,14,16.96569465319652,0
265,42.65694285769756,1,52,16,19.746772849023635,1
266,29.486151886815602,1,55,13,15.500809166532001,1
267,42.68773411334359,1,43,18,23.96538615558365,1
268,35.22025529475752,1,46,16,20.589298262716948,1
269,31.626615081820198,1,38,12,18.426274463941684,1
270,35.71729589683317,1,34,14,14.761222575115116,0
271,35.89694932966625,1,55,12,18.331337028185487,1
272,36.4764081548916,1,38,15,26.885266028212545,1
273,32.610195518443,1,35,14,18.498174409718434,1
274,39.81267096936401,1,47,18,20.762848474643796,1
275,26.74573809414943,0,53,10,15.579035519213019,0
276,40.40109565804164,1,31,14,18.750520562445818,0
277,34.05931053222151,1,57,12,14.626945465814508,1
278,40.2708345039323,1,48,15,22.078112909708036,1
279,29.391962322613562,1,48,11,16.74286656040588,1
280,29.04093628892171,0,29,14,17.3947006179271,1
281,33.654804691654185,1,42,11,14.226807532188086,1
282,42.24957008190879,1,53,16,27.13732753545643,0
283,37.44656701152998,1,43,12,15.615486763182918,0
284,33.845957543018855,1,27,13,14.154423442420239,1
285,33.60978727830178,1,35,14,19.19984635137684,0
286,37.68867853636116,1,51,15,18.048381900006056,0
287,30.96148682725808,1,23,10,15.205286625446918,0
288,35.818186189146076,0,57,14,18.617548557336786,0
289,32.42240968005756,1,50,15,14.383124451470225,1
290,36.606192395948064,1,37,15,21.551783432213504,0
291,29.67946720659705,1,40,13,14.304027094723386,1
292,36.94184966477415,1,32,14,16.844975143260342,1
293,36.721131117823376,1,44,13,20.142384328220963,1
294,32.416291060526376,1,48,14,14.43775345416163,0
295,37.24422652527289,1,43,16,19.516472340286334,1
296,38.22294122217145,1,38,13,16.76625211002928,1
297,40.162271166373976,1,38,15,17.186408620247622,0
298,25.878362100846832,0,51,11,15.343541583541821,0
299,31.56245027253923,1,55,12,15.00996603656925,1
300,34.80106077735955,1,43,13,18.651615900869036,1
301,16.703097595792535,0,24,8,7.566370377185114,0
302,42.08876472481788,1,43,16,21.512388820193408,1
303,32.515643613544235,1,48,13,21.208007601528365,1
304,27.458792572918995,1,45,12,10.276702945399492,1
305,26.43177627397574,1,43,13,13.107069615553439,1
306,35.16006855095749,1,39,14,18.666695977233093,1
307,24.59766853617406,0,53,11,16.318397709003374,0
308,41.212987105868244,1,28,16,22.937241195014476,0
309,38.13390986042244,1,29,14,18.060944633428882,0
310,27.01959449234986,0,44,11,14.095781805796964,0
311,32.395488184179555,1,38,14,15.734646392248896,0
312,32.86488426525324,1,25,17,17.439297500842045,1
313,13.760629667270836,0,38,8,12.012856720765829,1
314,35.93253313590603,1,27,13,19.608406240908767,0
315,39.55428003204903,1,53,14,20.440619036457434,0
316,34.87863701689392,0,56,16,15.996601407515628,1
317,44.51856641184287,1,43,18,23.016081156878972,1
318,31.821336661302432,1,31,13,16.462703188154055,0
319,37.46780166342953,1,28,15,20.317271228567623,1
320,39.69725988517876,1,56,14,18.799777809401235,0
321,42.382607228177584,1,40,16,20.190925252277484,0
322,34.41896798947001,1,55,11,15.737583302857693,1
323,16.829271026699,0,27,8,9.220566973184674,0
324,38.35202020303045,1,24,12,19.962003301568327,0
325,25.949216611532893,1,24,13,13.727449620134148,1
326,25.205129486660994,1,23,10,14.03217852046165,0
327,36.098653786472944,1,28,16,20.83577678565504,0
328,26.63337619553428,0,57,10,17.622088078203284,0
329,38.074112520319964,1,45,14,21.977401628268133,0
330,27.291497123682387,1,26,11,11.203108534964386,0
331,19.59335348598327,1,28,9,8.761938486171477,1
332,29.5841560353453,1,22,11,14.553398164537644,1
333,31.546262605872933,1,23,15,21.06342852343766,0
334,32.464521313913835,1,39,13,14.170364181680318,1
335,32.20169824846373,1,37,11,16.739342597669996,0
336,30.48988972720537,1,31,12,13.551827136405457,0
337,36.40539965412325,1,41,14,16.738497213024974,1
338,44.86364372824163,1,54,15,26.922948985037127,1
339,24.054676112737667,0,23,12,12.214276141673915,1
340,31.095075831129112,1,25,12,13.48667401096624,0
341,28.945375912749718,1,28,12,15.582932612807038,1
342,36.804994668685815,1,33,13,17.952543132550428,1
343,36.0840378411987,1,35,13,19.048230909873755,0
344,23.685006232234855,1,56,8,10.779456997942619,0
345,28.98045137029935,1,53,13,18.204765170041117,1
346,32.76687039903105,1,26,14,14.693557474628061,1
347,39.15844323324453,1,39,14,18.93305995222301,0
348,30.209905083397647,1,54,12,15.810567823094168,0
349,38.489199305031384,1,40,15,20.571923487069785,1
350,27.004790325055353,1,48,10,13.364557521452001,1
351,32.37748626758219,1,55,12,16.121183043101652,1
352,34.23432782111485,1,23,14,17.16053224975273,1
353,29.277667351464636,1,45,11,17.567406563793583,0
354,26.61888569525884,1,25,12,14.715184783998481,0
355,24.563406167386646,1,39,10,14.698463261078814,0
356,40.05303199218513,1,30,15,20.337796284467032,1
357,32.76403553356833,1,25,13,16.1022688069019,1
358,35.67867086499841,1,46,14,15.990063327325126,1
359,29.92993832787196,1,43,14,21.125106711416596,1
360,24.178884148204055,1,32,11,15.429550544805737,0
361,39.68105945595702,1,41,16,21.69659495630087,0
362,25.126578149636167,0,52,12,15.429422094687013,0
363,28.678992696366578,1,49,12,13.079539338998178,1
364,46.844919921237874,1,44,16,21.59965938039458,0
365,37.233304274132536,1,39,14,17.139103383468257,1
366,32.59664340194475,1,56,12,18.03718168931411,1
367,34.03727244355163,1,51,14,21.510767098111614,0
368,32.55732535222157,1,44,14,14.869033336347078,0
369,29.72639325982508,0,56,12,15.489825259287807,0
370,39.360620983387925,1,22,16,20.719066516835248,0
371,41.1571994789035,1,25,17,17.471911167146686,1
372,35.26966553246149,1,33,14,18.75450825675245,1
373,33.79957545162708,1,43,13,17.166229493842803,0
374,27.1379307466609,1,22,13,11.867657173753805,1
375,25.602865709051876,1,41,12,9.381766120069067,1
376,33.9488019795455,1,23,14,17.0120730034426,0
377,37.00198382233933,1,43,16,19.90098593726389,1
378,36.14015332821991,1,25,15,16.94522038528796,0
379,24.084890827992147,1,30,11,14.529951803630407,0
380,36.24063410461874,1,40,15,22.41572446426696,0
381,26.13860814463211,1,27,12,14.443184502179959,1
382,38.90189143631375,1,33,17,19.649629935849166,0
383,26.98503356159779,1,24,11,10.98391754599296,0
384,34.00788019902424,1,47,13,21.30352013614382,0
385,31.533344631170817,1,23,13,15.062708299803898,1
386,33.820527634305115,1,54,15,15.832029278222628,1
387,45.26968979228887,1,41,17,25.03058250333814,0
388,36.34161766349527,1,25,15,21.40149811882844,0
389,24.967602357671954,0,51,10,14.130412452847263,0
390,33.85730122227636,1,34,14,15.348690649521844,0
391,41.02247229753207,1,34,18,20.616781630806873,1
392,37.06681069691684,1,50,14,20.348139853598717,1
393,30.605569200371395,1,35,13,13.869570247309216,0
394,34.46672521671638,1,47,13,13.090884131243632,1
395,30.843094288040884,1,37,14,18.497726369187845,1
396,21.740490966952592,1,24,11,14.533692960123814,1
397,36.32071855950545,1,40,15,20.979946685751045,1
398,30.26202776957005,1,27,13,15.622882598599197,1
399,29.230591587383717,1,52,11,12.003764069486792,1
400,38.472766370686,1,23,16,17.171004220761606,0
401,33.75999888445659,1,46,14,14.902794953672132,1
402,23.260913467741375,0,25,8,9.860910394546613,1
403,20.774602668267946,0,43,11,13.793998979914265,1
404,25.855908844443665,1,30,11,12.575846188350686,1
405,40.1825530134236,1,46,15,20.094621360899,0
406,36.12640414190495,1,48,15,23.076578259466842,0
407,31.149618937284444,1,37,12,19.83514897762376,1
408,35.74531349374287,1,57,14,18.364874335258023,0
409,26.35527786587165,1,40,12,13.447733215957259,1
410,36.667561521059156,1,35,15,17.962518413266345,0
411,30.10231873777996,1,38,13,14.824931802901915,1
412,28.045862344761183,1,28,12,15.99979800770366,1
413,35.49363481300579,1,54,14,16.218201486998364,0
414,33.21104802943697,1,32,13,15.196169590864006,1
415,34.76243080247568,1,39,13,17.43759768122276,0
416,31.489372065014127,1,41,13,16.289402091533653,0
417,27.510087783840405,0,27,11,16.14488016271946,1
418,37.227015494316696,1,52,15,20.667398525938395,0
419,31.30008174709557,1,29,14,17.7463870491167,0
420,27.511004771861934,1,52,12,13.892439669825439,0
421,30.99453159623904,1,46,13,18.02185742843752,1
422,27.891242009715747,1,31,11,9.53333466793335,1
423,33.24655583990081,1,23,15,17.52629347591956,0
424,29.281577772005534,0,36,12,14.518668458102116,1
425,26.39813524964644,0,43,13,16.36768468607273,1
426,34.88611786547341,1,48,13,19.05814641435216,0
427,20.99851411254715,1,40,10,8.242456205089876,1
428,34.58508684770919,1,28,13,15.963292242119621,0
429,38.69076211379093,1,29,17,22.20299066150073,0
430,29.441611933884246,1,41,12,14.713381192820757,1
431,24.99291553708007,1,27,10,15.451588013923452,1
432,31.85390106851031,1,25,15,23.079300547736494,0
433,29.760099708461187,0,39,12,14.566149402264328,0
434,29.241631383958943,0,23,12,16.70653652727738,1
435,31.620930502559276,1,57,11,14.713827994125909,0
436,27.88495022171646,0,41,11,15.447856580420867,0
437,35.47208917778994,0,47,14,17.72790109989863,1
438,37.73898554920797,1,44,14,22.878441073063403,0
439,34.90082629845176,1,57,12,20.026178836507693,1
440,36.62859806332654,1,27,14,20.8657193530597,1
441,28.521736246322522,1,56,13,16.309929918459883,1
442,41.12038054454549,1,53,15,19.394978863104566,0
443,38.1072150455871,1,27,13,23.60368025348599,1
444,29.754772869582165,1,36,13,17.776351227508023,1
445,29.24065410190083,1,41,11,13.169701290695574,1
446,44.043707510609686,1,25,16,18.642637931539404,1
447,34.136686627412736,1,56,14,17.725978790910506,1
448,27.09924889367258,0,43,11,10.475839299118931,0
449,30.79359463941214,1,33,12,16.477209925606505,0
450,34.00805451450506,1,45,13,16.321625950576795,1
451,35.515328234255165,0,51,12,17.611949269775252,0
452,28.422955203389556,1,41,12,14.781698352307085,1
453,31.582448785554952,1,53,11,17.56304870899516,0
454,25.4025092317001,1,26,11,10.99012133162034,0
455,25.176374813365488,1,31,11,11.623907286818124,0
456,34.21992606671605,1,22,14,16.425135328078667,1
457,35.72772640496038,1,46,12,15.465762132589555,0
458,29.02960762521458,1,25,11,18.989726734995013,0
459,28.664390899450698,1,40,11,12.011012602437779,1
460,42.11173103047753,1,57,16,17.44001033963636,1
461,31.354187917253377,0,55,10,15.565814085281346,0
462,31.29568521508324,1,27,15,18.695779002770074,1
463,32.34207895149213,1,39,11,17.693963118840305,1
464,15.531532192674423,0,41,8,8.332302481232329,1
465,33.415004717532426,1,39,14,17.63966424332361,1
466,43.03260689871378,1,23,17,20.881281839160927,0
467,31.59626022715283,1,35,15,21.51850165647625,0
468,27.980987862787547,1,32,12,16.31065734541346,0
469,19.782484278679306,1,24,8,5.820012472082813,1
470,24.85227483830954,1,33,11,11.37989096836812,0
471,33.37930691050134,1,44,11,19.232668304459317,0
472,35.65824934230323,1,34,12,17.62658343939293,1
473,26.608062948215835,1,31,10,10.800194135565912,0
474,32.614055440953315,1,25,12,17.492605595198963,1
475,39.19220428688458,1,46,13,19.036017425006687,0
476,28.76017344416605,0,28,14,16.524924005420317,0
477,24.748707975433376,1,25,12,9.666887306316344,0
478,25.41606095421992,1,50,12,17.825188871459304,0
479,26.642924467830117,1,25,12,18.85953810409216,0
480,27.752395332942196,1,22,11,14.543648934879192,1
481,38.429148071142656,1,43,16,19.659028532684125,0
482,28.330654944515548,1,47,14,15.411735105488575,1
483,39.67485540960502,1,29,16,24.234473443915807,1
484,24.86656058143805,1,32,11,16.070032278270357,0
485,28.591478679614518,1,30,12,13.940298425147533,1
486,29.300378112933817,0,48,11,15.018636587519044,0
487,35.29496661135862,1,30,10,18.142457242613617,0
488,33.49148029229156,1,25,13,16.338645855591476,0
489,27.546805356276057,0,42,10,14.297363855357924,0
490,38.1406746680378,1,32,15,19.868633700167543,1
491,37.979811635838416,1,23,13,23.044633656279135,0
492,34.47360537107646,1,49,14,12.119049451951792,1
493,29.161442261727217,0,57,11,13.471328057654658,1
494,30.469802637367472,1,54,11,15.932723422582676,1
495,27.74072422282465,0,52,12,21.09464817268428,1
496,22.044862054320976,1,40,12,13.520927375171201,0
497,31.029675426899928,1,47,12,19.289519085549355,1
498,33.44386561878265,1,34,14,21.01144356250665,1
499,33.66766960168917,1,56,14,18.82293510230006,0
500,31.368207456138038,1,46,11,16.355932314659995,1
501,36.39970525755979,0,29,13,20.87898552703671,0
502,44.0347600572475,1,23,17,22.887638524417056,0
503,22.69899040363525,1,33,11,14.73827705453922,1
504,26.147525504209025,1,50,11,14.027021387672043,0
505,37.027148190523675,1,42,12,20.49862087152768,0
506,32.33056418481905,0,51,13,18.68030997282615,0
507,35.22168154643564,1,57,15,18.164820534093025,0
508,40.313140342672966,1,38,17,20.4356276418487,1
509,35.546899158342995,1,39,14,23.524557222372348,1
510,44.14193001785737,1,53,16,22.811626672935077,0
511,23.267568256222628,1,25,10,17.5987131897566,0
512,30.62371638909987,1,49,12,15.121223121098325,1
513,38.19383153944235,1,52,14,19.653287029215615,1
514,33.42972335120522,1,39,13,20.641837079555064,1
515,38.43342482059397,1,42,17,20.55630148855805,1
516,31.632090477898426,1,24,13,16.018776605948325,0
517,39.651875004810314,1,27,16,20.656927307614666,1
518,36.950473203422504,1,27,14,18.2705153843863,1
519,29.29212470586447,1,36,12,17.36542393270393,0
520,38.97846862909179,1,27,15,20.35745944409786,0
521,36.0829496980992,1,25,14,20.302974502883597,0
522,31.970127665334502,1,51,12,19.404738463756747,1
523,37.835843647096524,1,32,14,18.729585709503123,0
524,27.73791817750546,1,23,15,15.180764119838626,1
525,31.279898025704366,1,33,13,19.204627632247792,0
526,33.001661384376604,1,30,13,16.789224957862277,1
527,31.852849733686867,1,27,14,16.80084565354669,1
528,25.255614931658112,1,36,11,13.05380870217397,0
529,30.898388136857726,1,55,13,18.922251868284395,0
530,33.95729803814405,1,39,14,16.793316824911628,0
531,24.934611386556732,0,23,12,11.20247563049475,1
532,43.03567721060061,1,50,16,21.555125486063506,1
533,29.58132535586207,0,57,10,14.650242737651348,0
534,26.218066248132782,1,43,10,13.61004447696822,1
535,25.206479280622563,1,46,9,11.387038676300223,1
536,32.16689552812621,1,51,10,14.539633767664538,0
537,35.50465867627101,1,28,15,16.328857145744596,0
538,28.771769556419386,1,29,12,13.673347340708279,1
539,41.23094506373869,1,56,16,22.667554873006054,0
540,34.406382551929475,1,30,13,13.764720352413416,1
541,42.37914347223588,1,39,15,18.452040432764516,1
542,36.74856860956768,1,57,12,19.94675125155627,0
543,35.36131073102967,1,51,13,23.718127396816477,0
544,35.87144459462017,1,52,14,18.17776598953898,1
545,34.48636835625724,1,38,14,20.92704855027031,0
546,35.595893092954256,1,39,14,15.90248961047956,0
547,39.717149286933626,1,28,16,24.206380324877802,1
548,32.84327662621858,1,54,10,14.13504438820671,0
549,37.424473505096735,1,35,15,20.111473148303457,1
550,28.28337634124942,1,29,11,18.07673959860401,1
551,36.307864564704936,1,31,16,19.15256601774376,1
552,26.417489448753866,1,30,11,12.50726006282458,1
553,25.523957672965913,0,52,10,14.298828263711401,0
554,24.964003033521415,1,33,12,10.298375857116488,0
555,21.78192241102614,1,26,10,13.019367242648878,1
556,27.130499491515405,1,43,11,11.390310841998513,1
557,42.17312551280333,1,37,18,21.846500884264678,0
558,34.68362509744076,1,23,14,18.685509484576762,0
559,24.113813953167853,1,41,10,16.678607395509097,1
560,35.75732068919417,1,57,13,18.826830429255125,0
561,26.40478994273557,1,27,12,9.968556459223477,1
562,29.52334440194944,0,24,13,15.942933160247321,0
563,36.04624917778006,1,47,14,20.97651850935772,0
564,36.19321068007307,1,40,13,16.317724519291037,0
565,31.52311623007513,1,53,13,15.496069960694904,1
566,33.195241798737904,0,57,15,18.92193891056424,1
567,38.673700426784954,1,47,17,20.837458633788355,1
568,34.97783558697261,1,37,13,16.64758079130649,1
569,31.59117618898285,1,28,16,21.035315677190038,1
570,38.30843019277628,1,55,15,17.838951529681985,1
571,28.898230784420647,1,42,11,16.157090440814265,1
572,28.335885723672227,1,23,10,14.271574339239757,0
573,40.22498075631932,1,51,15,20.29731427618949,1
574,43.00040030841016,1,33,14,19.326555124481324,1
575,29.624944923911148,1,46,12,16.705274628781332,0
576,31.788759957593616,1,41,15,17.229336411160922,0
577,46.481740291985766,1,31,18,23.368584664449067,0
578,32.24469140673729,1,37,13,20.8393692506785,0
579,29.821675038217858,1,26,14,12.520922975869194,0
580,38.42701909482471,1,28,17,22.818432756354266,0
581,37.88569377430862,1,57,14,21.44952017379653,0
582,25.668182883463288,1,53,11,12.202095446497378,1
583,42.63196836471561,1,54,15,22.502080775558966,0
584,26.208476760498034,1,56,13,10.1652874624804,1
585,30.69357611578678,0,35,10,16.498121275033448,0
586,27.49415225777298,1,22,11,14.002716488226952,0
587,46.665404066385314,1,50,16,23.499084921618458,0
588,30.451070602324723,0,51,11,15.167734330241705,0
589,24.95028835673682,1,37,12,14.68766572186451,0
590,38.78303188996058,1,42,14,23.47518372971185,0
591,37.01784713319274,1,46,12,20.418627503703732,0
592,29.58695948329302,1,57,13,16.720593233824754,1
593,35.70752772130291,1,31,14,17.22965803327847,1
594,28.5094602819554,1,36,12,13.52824330757646,0
595,30.363343579658803,1,55,12,18.939259132187694,1
596,30.56532982551645,1,30,11,13.946881765247394,1
597,36.9430429521983,1,32,13,19.403014892362574,0
598,21.6052674994582,0,38,10,12.343907177506226,1
599,33.00827903899716,1,34,13,19.138968470397757,0
600,27.1568498411468,0,53,12,16.488238066311972,0
601,34.274251382604355,1,37,13,19.66023859124711,1
602,32.46880983508886,1,35,13,14.60887948650456,0
603,38.92118572299928,1,47,16,19.303330472089037,0
604,25.113219386320594,0,30,10,13.005532945537386,0
605,38.48945232764312,1,54,15,18.37221632368649,0
606,25.85832621349355,1,37,11,16.515773685720138,0
607,35.344963225284665,1,46,13,17.734555724249258,0
608,44.26316712824068,1,54,16,23.408707687718444,0
609,25.759668207742816,0,50,12,14.860707069000933,0
610,34.32963780915627,1,29,15,20.2296100789354,1
611,28.571482108074495,1,23,12,15.610350221956873,0
612,27.2236487441128,1,25,13,13.741804361176628,0
613,31.251036304214004,1,51,12,18.39277586323423,0
614,24.291342609627964,1,25,10,14.410687858517578,0
615,17.470083212075146,1,23,10,14.155509080370104,0
616,39.48226309947741,1,46,14,20.77739319760908,0
617,34.843324736158074,1,44,13,16.9704090417522,1
618,37.62889244880297,1,42,14,17.593376582737942,0
619,33.391431532283676,1,22,14,22.164317695724016,0
620,29.31220310264915,1,29,12,14.74385544653109,0
621,22.888763376105288,1,24,9,12.163504531092023,0
622,29.00934787302648,1,33,12,15.746980494598757,0
623,38.99152721540926,1,31,16,20.286013033281364,1
624,25.456428302136246,1,48,10,11.902992005503947,0
625,32.983720383019936,1,32,12,19.48820666389756,1
626,46.08854780967685,1,55,18,26.123775278757975,0
627,33.85720528297263,0,51,13,18.829126566757747,0
628,33.55966948143675,1,45,11,17.970549081372894,1
629,35.211003063630095,1,32,15,21.827490661566692,0
630,40.1893874988489,1,33,14,20.446203048465165,1
631,33.24108551546977,0,38,14,18.241290400977665,0
632,37.718565492991516,1,56,15,17.845987027630045,1
633,38.78438738565264,1,42,15,21.5183703075927,1
634,35.73590249936599,1,38,16,18.70884952253263,0
635,26.023552447059856,1,55,8,14.068954379673066,1
636,28.814788575199746,1,47,13,17.603198436532256,1
637,42.34340888701518,1,33,16,15.896924213141045,0
638,30.088880515984325,1,37,12,14.495064225344379,0
639,36.57513466654309,1,55,13,20.703087351600963,0
640,39.696840041058074,1,52,14,19.18967602577973,0
641,27.526345442466223,0,48,11,16.77467975613984,0
642,26.891076744564693,1,48,11,11.630606588215967,0
643,31.46541824161668,1,56,13,16.697495492810173,0
644,32.7945892855886,1,36,13,21.804115776446817,0
645,22.76214126229752,1,24,11,13.416014837717315,1
646,32.98308382563498,1,48,12,17.096006889455833,1
647,41.16082521183559,1,55,16,22.05928413487682,0
648,29.832586888890813,0,46,11,15.10488519327923,0
649,36.325093741714916,1,46,12,14.209456329482741,1
650,26.54217799774049,0,40,10,14.112804554200698,1
651,32.891049647318724,1,44,13,18.148145726636994,1
652,29.65975736260443,1,40,12,16.34413115791951,1
653,26.55825367772398,1,24,11,13.824382437981631,1
654,39.41538013437286,1,33,16,17.830865229692787,1
655,31.943973633848376,1,34,11,20.010211072547506,0
656,37.69847657018401,1,57,14,19.250486869150865,1
657,42.416752979698295,1,55,16,18.528599617737374,0
658,26.332443568471533,0,50,11,15.078796523479404,1
659,31.183910840569173,1,28,15,14.882748069052496,1
660,27.811743775871584,1,49,10,13.693987918126178,1
661,24.58768846020861,0,36,10,16.201488158260467,0
662,26.58382769207393,1,25,12,14.598936843905705,0
663,26.599448196418052,1,31,12,14.282695312941708,0
664,32.61368917040236,1,44,13,20.55093477824296,1
665,23.48745001476844,1,37,8,12.322793119035113,0
666,33.996846413476945,1,37,13,16.272163696795516,0
667,25.243316371344683,0,46,13,14.232440168599307,1
668,35.22981511344927,1,32,15,20.88492189234573,0
669,33.69449114900491,0,56,13,18.86390452049148,0
670,32.05558680130416,1,37,13,18.513867171371633,0
671,22.59300703621031,0,31,9,11.665874631833958,0
672,36.43405945703321,1,40,14,21.28345013022451,0
673,33.59654256249149,1,44,13,19.054953447416477,0
674,30.10726233598561,0,54,12,17.656602663839855,1
675,27.533629334250694,1,41,12,17.311477708737105,0
676,28.2968679479693,1,28,13,14.22436785209477,1
677,35.498132153095284,1,45,14,14.338342672410041,0
678,34.54505555138978,1,36,13,13.595063374093316,0
679,39.68109707241054,1,52,15,21.70748363355316,0
680,36.000686407401425,1,45,15,22.809019801927555,1
681,32.256970063773714,1,28,14,17.24142125757748,1
682,26.68546984979665,1,40,10,13.669171598160798,0
683,34.8677386595053,1,50,12,19.79618988614575,0
684,34.99283842263299,1,49,14,16.050244000299877,0
685,37.14029898886141,1,53,13,21.54612789163771,0
686,31.140006360449306,1,25,12,13.794990297905125,1
687,31.876197966486515,1,45,13,13.951361890966567,0
688,37.96331932577395,1,22,14,24.195859948615453,0
689,30.491110637507006,1,28,13,17.334254306107145,0
690,34.68388606613803,1,41,14,16.075751839106182,1
691,40.1878995321335,1,50,13,22.99155329599295,0
692,34.27673284787581,1,38,15,18.382183756062112,0
693,27.851792388813944,0,52,12,17.152999684457296,0
694,33.72134903273013,1,26,12,19.818159189779212,0
695,41.54196433109022,1,46,16,20.816107064727692,0
696,37.71513468513713,1,48,14,17.167002243077786,1
697,37.649842227803,1,51,13,16.8318641801234,1
698,47.22534345598237,1,49,17,22.350680304627264,0
699,30.867861985839653,1,35,14,15.585311212093249,0
700,36.4792198410014,1,32,15,16.901451885098396,1
701,36.494303179605225,1,36,15,17.21462868563475,0
702,32.964558429094936,1,36,14,20.05979002228708,0
703,29.415119159920117,1,42,13,13.592051474228793,0
704,35.09384476133097,1,55,13,17.769390517017666,1
705,29.230071571264823,1,35,11,15.71570945149747,1
706,37.030856371590154,1,51,14,16.84229075404282,0
707,26.169621997657572,1,31,10,13.877898916795408,1
708,40.76898833520341,1,51,13,18.910983844199052,1
709,25.88893042864276,0,25,11,15.944385691977326,0
710,31.248137108885057,1,28,13,16.865042715304,0
711,31.679313668237228,1,26,13,19.144592339083786,0
712,19.562686698066443,0,35,11,13.452977567214651,1
713,34.933678818370375,1,44,13,16.468411482784774,1
714,32.02699563509292,1,31,13,16.658431491387436,1
715,18.17133618704407,0,30,10,10.832019949174189,0
716,33.82232386774353,1,25,16,20.224164254850344,0
717,29.400652598619057,0,41,13,15.860949181986049,1
718,24.306743585468496,0,52,10,11.712282320749647,0
719,35.53423822566301,1,47,16,20.436745918052054,1
720,35.283274613972274,1,33,13,17.346919152394822,0
721,24.02798396858877,0,38,9,16.90227991796953,1
722,35.22315114645696,1,25,15,17.089832642678203,1
723,35.238836748513904,1,27,14,22.055795271216873,0
724,24.911236919948635,0,48,11,11.748816720936174,1
725,33.54369812556696,1,30,12,17.25582776162374,1
726,32.37890741906151,1,41,12,16.08419948029853,0
727,38.73471214806135,1,27,15,24.958832597705513,1
728,34.828981058681656,1,46,13,17.441988607981447,0
729,31.838350463382326,1,44,12,13.69409956133649,1
730,32.5279689515179,1,56,12,19.01510661024305,1
731,31.95873196747602,1,50,12,16.446575173470574,1
732,31.247646470541707,0,55,9,13.77585454617171,0
733,37.782694883578685,1,22,15,17.232814426870338,1
734,22.690967457288416,1,32,11,12.717561836110075,0
735,33.478944426563494,1,36,13,17.089944695660485,0
736,31.26780019999371,1,22,13,18.06449030431695,1
737,26.50861993903341,1,26,11,14.463127863978475,0
738,42.887760069918244,1,47,16,22.802592510979068,1
739,24.01138132941368,1,53,10,12.899303043340902,0
740,38.29341936311864,1,49,15,20.77810435473573,1
741,31.104180178839854,1,29,10,15.073337086417308,1
742,26.23186641920817,0,49,8,12.56919806416033,0
743,37.60613478122102,1,50,13,16.87734638775252,0
744,36.80702363481099,1,42,15,20.05514446426483,0
745,29.95125903331101,1,44,9,15.40677367925723,0
746,41.829860708079536,1,56,17,19.838814256355825,1
747,28.85803916894386,1,57,13,13.449705833759818,1
748,26.540965033027007,0,55,10,16.25703541944767,1
749,35.0624769558559,0,33,14,20.19425512900831,0
750,28.292056624656265,1,55,10,10.990937886369657,1
751,27.592346300345234,0,34,11,15.104044557894934,0
752,35.63637051805609,1,37,13,18.660239797134672,1
753,30.217703293385433,1,47,12,16.219755221753314,0
754,29.52179705884951,1,22,9,14.247620111628462,0
755,32.037603599261544,0,43,12,16.874004743297732,1
756,33.80523093835402,1,46,13,15.358686066583848,0
757,28.297791148444684,1,45,14,12.214369497060344,1
758,30.363031572776254,0,29,12,19.578078899875194,1
759,25.892687408396483,1,49,10,15.185022415552059,1
760,45.613892393365916,1,56,18,25.384858632884875,1
761,39.986979234475996,1,42,15,18.291022706008754,1
762,31.094520443292634,1,35,11,13.763635987987856,0
763,36.87630302799707,1,46,17,20.992441785641834,1
764,42.546364982711275,1,42,16,23.30347379292031,0
765,39.064373644047556,1,31,12,17.77805984803561,0
766,30.040741026113672,1,32,12,15.831285363595189,1
767,27.206297460453204,1,42,10,13.84112506315319,0
768,24.03944701682929,1,29,13,15.400951991664039,1
769,28.381797152299264,1,38,13,15.90795740924221,1
770,22.6190421708172,1,23,11,14.791339640117265,1
771,38.85285494479937,1,36,14,15.83627904041034,0
772,37.55494846884467,1,43,14,19.190009320816873,1
773,39.95304436284525,1,29,16,24.317426853558363,1
774,27.946778356835253,0,56,10,18.619793802059622,1
775,31.89139903690558,1,30,14,15.680911145089901,1
776,27.784912629530222,1,39,11,16.272762779065147,0
777,44.17528936415189,1,54,16,19.89921907782233,1
778,30.463682328418756,1,46,12,16.873996791834536,1
779,38.51963859108036,1,49,14,21.553339021343458,1
780,28.423204747355133,1,24,10,14.650901780640867,0
781,38.427185515755134,1,40,14,19.13277810306329,1
782,38.82096734669314,1,39,15,22.97471663884391,1
783,38.08571369643804,0,51,15,21.938654022508995,0
784,17.569889186214194,0,50,9,11.325242610091873,0
785,35.53792783593328,1,57,12,16.766982680122908,1
786,38.95240148800278,1,48,16,22.20296615715831,0
787,39.31048132985332,1,30,15,18.5435725811733,1
788,46.85116312672866,1,35,16,24.504719652491556,0
789,40.553226063783775,1,36,17,22.313429895134878,0
790,17.513017570140576,0,28,8,12.185965753652642,1
791,25.713721353729394,0,30,11,14.842934114379023,0
792,31.297081186255266,1,40,14,15.879790701938347,0
793,39.51846952291422,1,38,15,17.41568926681583,1
794,39.07824518564584,1,29,16,22.450425491884864,1
795,34.97058836127326,1,37,12,15.646918149790066,0
796,34.13696141624289,1,47,11,16.5195764921151,0
797,35.36203136148665,1,34,13,16.311367545312635,1
798,24.779760249005662,1,23,10,10.158384294797406,1
799,27.290515185140613,1,51,11,13.212105689728984,1
800,28.683160719235445,0,43,12,16.087696350863705,0
801,32.04002575213247,0,32,14,14.957054350398817,0
802,29.90347116906353,1,54,10,15.488176449012231,0
803,21.20519776875689,1,24,10,10.332931845943289,0
804,37.637978440156104,1,36,15,24.351524145693386,0
805,35.59924606337773,1,51,14,14.128668284577115,0
806,16.369529886080088,1,32,10,8.833464208441317,1
807,22.382805400854146,1,37,11,14.129079213890362,0
808,34.00182743530828,1,38,14,18.168625912919683,1
809,33.26323483927728,1,37,14,19.9957789982298,0
810,31.788757900205773,1,36,15,20.83310666625611,1
811,36.45097185453123,1,22,15,18.279906051567323,1
812,25.324110156777728,1,49,12,11.454838106349804,1
813,37.30271643939628,1,55,15,19.686480268878462,0
814,37.81651630642875,1,22,15,18.37339594192601,1
815,33.97139661193595,1,47,14,16.438156799834406,1
816,33.25692709061808,1,22,13,18.279936083393505,1
817,40.29718840308894,1,27,18,21.33455968783694,0
818,36.31640749527597,1,44,14,18.571436039446954,1
819,40.354850929746384,1,30,14,22.943323913499867,0
820,36.844906381907286,1,56,12,22.206464211511257,0
821,39.55488974390454,1,42,15,21.472145372296144,0
822,27.96686627799158,1,46,12,16.046799584314346,0
823,29.921717195570036,1,23,12,15.157919611672952,0
824,40.02513144945527,1,35,17,19.63358695605759,1
825,24.806818643738183,1,48,12,11.162601911964082,1
826,26.4084999435456,1,46,12,14.682037897592432,1
827,39.24825999419387,1,57,16,17.993501912353526,0
828,43.71835546945858,1,32,16,24.489641444107676,0
829,31.67920085992446,0,53,12,20.169756391903256,0
830,39.87827703897067,1,28,16,18.10891653806797,1
831,33.40739462996813,1,31,14,23.171010241299268,1
832,25.495038264188143,0,51,10,10.849291240984854,0
833,41.82264445582684,1,32,15,21.48518518833203,1
834,36.289626863038656,1,55,17,22.16937609658438,1
835,32.96765761754296,1,28,14,16.22913826398405,1
836,24.583682578028466,1,23,11,8.99148240300782,1
837,39.81105436276649,1,34,13,16.942273186176624,1
838,32.53048621494052,1,35,13,19.56292235284652,1
839,32.38057218207976,1,43,13,19.152286274580547,0
840,29.013909810869208,1,36,12,17.036019827608836,1
841,28.445437604107184,0,55,10,14.97027947676057,1
842,46.87339507131159,1,43,16,26.377071208501064,0
843,34.61667376945137,1,27,14,13.920588445109715,1
844,25.812486854714475,1,41,10,13.573877233094734,0
845,23.743214797333355,1,29,12,15.817915967135228,0
846,30.607676889516476,1,28,12,13.699232579125473,0
847,27.609303820012197,1,46,11,15.499716101322374,1
848,35.187240252697116,1,54,14,15.657282665631811,1
849,37.775855710787724,1,51,12,17.85590295837951,1
850,39.373323207613105,1,34,15,23.484417009567903,0
851,26.299413836515136,1,45,9,12.544416839146583,1
852,25.445921579317083,1,29,11,15.48780729518416,0
853,35.072580157419715,1,55,12,16.71496428822453,0
854,28.189460752599192,0,49,13,18.22841574440639,0
855,34.59862568223928,0,38,15,16.915584245786143,0
856,35.56869314292879,1,35,11,20.914081716898092,0
857,38.763644074337385,1,38,14,21.321266883832653,0
858,40.922359120905114,1,39,17,19.29462288172222,0
859,31.717983404277525,1,35,14,16.10240087002426,1
860,30.340380136289582,1,33,13,16.897198145346128,0
861,33.86695784789475,1,44,13,18.852636799488593,0
862,36.947597458477745,1,53,13,22.542585922854602,1
863,39.485602427555676,1,56,14,19.112441402095108,0
864,40.479211883505634,1,35,13,20.745357609160315,0
865,35.369376959103704,1,42,15,16.369600763077106,1
866,41.80465025103026,1,54,14,21.877168815838512,0
867,46.82375807215994,1,43,16,22.593535100466855,0
868,38.05964092033677,1,24,15,27.811941399906004,0
869,32.710070971480434,1,57,13,17.752431267416576,0
870,26.723711391058345,1,25,12,12.325844791215287,1
871,34.6685363906131,1,30,14,14.39345818150216,1
872,39.05545094380882,1,41,16,19.124902147980656,0
873,40.608730010543,1,51,15,19.611572349815727,0
874,31.48457870030955,1,32,13,18.504971126695175,0
875,25.515370398284368,0,38,14,13.89502391040865,1
876,34.11984970912502,1,30,14,19.637262741648193,1
877,42.478315149333504,1,44,17,22.160093195027653,1
878,32.90955810999196,1,29,14,13.975237872667906,0
879,34.54546324783015,1,22,13,13.0874759450138,0
880,25.786532606728382,1,34,11,13.32329346546641,1
881,30.817508735465818,1,29,12,14.352050165276216,0
882,25.184842336125023,0,50,11,12.316438457525079,0
883,29.287846613589945,1,26,14,18.04190891187308,0
884,28.808187700327544,1,26,12,15.467675165031773,0
885,29.407733418508986,1,30,11,15.09337815818416,1
886,22.63293296060039,0,32,10,10.386396797108258,1
887,42.32712399038156,1,49,15,21.022557137273868,0
888,35.76763472256466,1,23,15,21.15370145564681,1
889,31.141245721898983,1,30,11,15.763715400965102,1
890,25.648045699655857,1,34,10,12.865717126800735,1
891,19.055114134897593,0,37,10,10.902367453201336,1
892,21.553108049972707,0,42,9,13.90051015617345,0
893,29.359468418278436,1,40,12,15.969745568730875,0
894,49.81783267512662,1,53,18,25.704527701021544,1
895,21.698311496771655,0,39,10,8.91199692513101,1
896,29.04828314297381,1,41,14,14.516857930626438,0
897,34.89766892562387,1,57,15,15.087406189173933,0
898,33.18103423902718,1,30,13,16.52618775156694,1
899,30.765064200013445,1,22,14,14.705120617362969,1
900,26.321288178099596,1,24,12,15.393299368696686,0
901,36.16649142204203,1,48,14,19.05878589807145,1
902,34.12472097990421,1,24,16,19.03159908087537,0
903,22.441307150849088,1,38,10,9.330574158101584,1
904,30.775832668790613,0,57,10,16.868244980376964,0
905,30.797436678863804,1,27,13,17.585874612623464,1
906,19.40464769190448,1,22,10,15.652250553737337,0
907,52.09766835318403,1,54,19,27.96573631351987,1
908,34.56651013246039,1,32,15,21.394246528700624,1
909,27.90365950399294,1,31,11,16.69811609187248,0
910,37.631193720959786,1,52,15,18.37120310124509,0
911,46.24574634676673,1,55,17,21.55222000085097,1
912,29.949084585062582,1,26,12,16.68367723517017,0
913,35.541856404133966,1,39,14,16.473204686055137,1
914,49.3631256140132,1,36,18,25.409523433387918,0
915,37.45677222245058,1,23,13,20.238033283506944,0
916,39.89668635812437,1,53,14,17.576002808579744,0
917,28.05902826419587,0,55,11,13.20415359419391,0
918,28.29948393981437,1,56,12,14.801598401314747,0
919,43.764187343749626,1,49,16,23.143446341124804,1
920,30.109782396330747,1,42,11,18.524596493420894,0
921,44.086102579344384,1,56,18,22.81701505089203,1
922,23.6866502670273,1,49,11,14.512761420840592,1
923,24.343804752863985,1,32,10,14.911890766177477,1
924,31.446788634938034,1,38,13,18.4065471963123,1
925,23.128911924884854,1,36,9,14.798772217866667,1
926,28.939488116156607,1,57,10,11.723481954612616,1
927,37.816202112081314,1,23,16,18.818952950323023,0
928,36.99922598599283,1,42,13,13.785289468865448,0
929,27.745252449310875,1,44,10,15.813881293090798,0
930,36.48449924518821,1,29,14,20.95402319887537,0
931,34.021041607818184,1,40,14,17.107122252274817,1
932,39.23063413946876,1,22,17,24.411833956805395,0
933,30.056037828219438,1,48,10,14.913500962724124,0
934,27.13693716886,1,49,11,13.61540176989634,1
935,31.073469189474597,1,37,11,11.616966817137161,1
936,16.872934487651435,1,40,8,9.400421000920437,1
937,45.48107276057378,1,30,18,22.91579922995757,0
938,23.857509359296337,1,35,11,8.575862128002875,1
939,38.60592102130421,1,45,15,23.878270193042326,0
940,43.367697711635735,1,40,18,19.44477996166381,0
941,27.527811722404593,1,36,10,15.154279826090923,0
942,40.22170710125371,1,38,15,22.86666856174658,0
943,34.338424031142566,1,29,13,18.051528658179496,1
944,31.400926831311576,1,42,10,19.594389842845985,1
945,40.51098259360114,1,25,17,21.35941334338371,0
946,33.4330460847251,0,49,13,15.283534053317357,1
947,33.072515593248454,1,48,12,17.49572337529977,0
948,31.144413453482244,0,30,11,14.15986182448571,0
949,29.023842222343124,1,42,11,16.22456226744464,0
950,45.924242344816776,1,36,16,25.91814103784797,1
951,30.26853358791513,1,31,13,14.769181904740675,0
952,30.704458142146443,1,22,12,16.828270996820514,0
953,33.670744146618574,1,36,13,18.246274418102022,0
954,42.260611114763506,1,33,16,19.4890357704375,0
955,39.30741649949801,1,44,15,20.378872760025125,0
956,25.121792737488338,1,34,11,10.775209895130528,1
957,27.19878852275741,1,26,9,13.27518521257497,0
958,33.576424889179314,1,51,14,19.37505455368716,1
959,41.17879607639283,1,54,16,22.875575670807276,0
960,28.781949021475516,1,27,13,13.506517874074815,1
961,39.33500725203068,1,54,13,18.37374697341095,0
962,43.280056545849554,1,26,16,19.814042856771103,0
963,39.08570106372448,1,40,14,17.176682385299525,1
964,33.06337513721331,1,29,13,15.334023873527935,1
965,29.3408056508578,0,44,12,21.49154875744893,0
966,37.26348308707022,1,56,15,20.666751928866542,1
967,44.34534819378905,1,56,17,23.82470329182531,0
968,31.687263610795924,1,28,14,17.13612939255052,0
969,34.51184854771202,1,40,13,15.043042573476535,0
970,32.387604759270104,1,34,13,16.365779441914484,0
971,26.201040361036902,1,51,9,12.96098140020282,0
972,32.224680243897,1,50,11,16.972611619451897,1
973,40.20072517676156,1,41,17,22.043469817157018,0
974,29.63179731760341,1,32,13,17.889839250594918,1
975,29.610119984392327,0,46,11,10.706041329567562,1
976,34.24113848886855,1,45,15,18.09358063292688,1
977,29.16972460741614,1,22,14,16.36963512705032,0
978,39.31962249951347,1,47,14,19.382901147320414,0
979,35.59920454922653,1,28,12,18.62636688278226,0
980,42.01618731373423,1,48,15,19.48663338309406,1
981,42.333528771253306,1,43,15,22.551099999753895,0
982,23.90590108051474,0,35,11,12.434003090793272,1
983,42.019416835587506,1,33,18,22.346181139680162,1
984,22.389040030044917,1,47,11,12.611723189289396,1
985,26.325383352812292,1,29,11,12.078045034801711,1
986,32.59155996867034,1,27,13,16.603090021340115,1
987,43.431696406602086,1,43,18,22.68673656816501,0
988,34.84451768483489,1,42,15,16.337868866464454,1
989,32.22355673452697,1,30,14,16.644110100151487,1
990,31.962590529442373,1,28,14,18.497936097884992,1
991,45.47626856851924,1,39,16,22.75425121599627,1
992,26.565081879031883,1,25,13,12.003234355373264,0
993,39.46699466875468,1,40,15,23.417582352415778,0
994,25.45683768798285,1,43,8,13.93913287091256,0
995,36.35454588315064,1,37,15,23.012990301096924,0
996,29.904419845813432,1,25,15,16.589648360932394,0
997,34.01450436513032,1,24,16,19.057363504849246,1
998,28.638528410118614,0,57,12,17.843848052104697,0
999,38.446988314742285,1,47,13,20.4165709270134,1
1000,18.486757442290696,0,56,8,13.055051512070982,0
1001,35.64843211048795,1,27,13,17.92087612413648,0
1002,37.134542785576926,1,26,16,18.461965128748552,1
1003,25.46608042279693,1,36,11,12.610077816060679,1
1004,31.772614652021403,1,50,13,18.48012323655312,0
1005,34.627187273189975,1,50,13,15.630630978480976,1
1006,30.671349501897094,1,53,13,13.982621292813773,1
1007,20.66179798872156,0,30,9,10.531084093362832,1
1008,32.31512170406358,1,23,13,18.89585274069779,1
1009,40.453048534696634,1,46,14,21.461055864661677,1
1010,26.812999304195646,0,51,10,18.375491096869734,0
1011,36.0282347365534,1,45,14,22.325280390207453,0
1012,31.96852346265059,1,34,12,16.254276131973374,0
1013,37.262455260767865,1,45,14,18.144208862851823,1
1014,37.37766648558699,1,54,13,19.217397491773454,1
1015,28.122297781913897,1,22,12,12.681754853811249,0
1016,28.871016525037405,1,57,11,15.810617658297138,1
1017,28.639367976500836,1,33,13,12.745834597559599,1
1018,30.7916685242934,1,28,13,20.49136706244885,0
1019,25.651035601652136,1,27,11,12.28010211461294,1
1020,31.99869360346965,1,42,14,20.864378915097127,0
1021,40.69067074148964,1,40,16,22.295825503503323,0
1022,36.9546981246729,1,41,14,19.27806340741178,0
1023,35.64504565937407,1,34,13,15.977230208778938,0
1024,32.955937255120055,1,56,12,16.115744941613595,1
1025,28.008576302517803,0,33,11,14.686073772764948,1
1026,46.35687718534301,1,35,19,22.31372093416479,0
1027,39.41135445140614,1,25,15,18.712827121266162,1
1028,22.0115039772099,1,27,10,11.385966354683763,1
1029,37.53246748006846,1,34,15,20.965153948608883,0
1030,35.72245051961714,1,35,15,17.947602678964884,1
1031,32.56954749733578,1,37,12,17.342963101459205,0
1032,25.12964157505478,0,41,9,15.177383424077565,1
1033,31.299564949750067,1,32,14,19.365591221327644,1
1034,34.00888077883889,1,49,14,21.034337348905115,0
1035,19.578606223646528,1,42,11,14.368636155306856,0
1036,40.405837210248166,1,52,15,21.945767721203524,0
1037,31.603287350932895,1,51,12,18.541665875020378,1
1038,40.461483958220114,1,43,15,25.28613587589474,1
1039,22.886754182939736,1,32,9,15.817790811995867,0
1040,32.234225055369855,1,33,13,14.151289096362751,0
1041,35.69114405992,1,23,13,17.431122006558827,0
1042,24.716262967054476,1,38,12,19.743523208591515,1
1043,36.09867423926573,1,51,15,20.212854804698487,1
1044,29.215516187878688,1,32,11,17.46318628313496,1
1045,32.824631641244565,1,33,15,15.97641638579595,0
1046,23.56058006914892,1,39,9,11.714102414662152,1
1047,24.51323263670463,0,51,11,12.955856354739476,0
1048,35.166192595596456,1,44,15,22.060885578153126,1
1049,38.711661667642176,1,52,18,20.220272638988135,1
1050,36.51385143426819,1,56,12,18.164954598701268,1
1051,28.493819579968093,0,38,12,13.456021355405788,0
1052,22.876451725194386,0,43,10,11.220313594609237,0
1053,33.256458070371096,1,43,15,19.475303215794796,0
1054,26.366505903804075,1,48,14,16.418956367925453,0
1055,38.148316221524105,1,34,14,23.469351636917615,0
1056,27.057834373234567,0,51,12,14.59236766878067,1
1057,43.437314399846294,1,48,17,24.538863519325275,0
1058,38.42042921263437,1,41,17,20.448249489523107,1
1059,35.9211655270079,1,22,17,17.323565607099788,1
1060,34.4502071266508,1,28,14,20.215325697295444,0
1061,34.312499213769605,1,39,14,18.3276326398822,1
1062,32.005456547652514,1,22,13,15.906723352297432,0
1063,36.759448952017195,1,33,13,18.664915299906678,0
1064,40.8370858624471,1,42,14,17.710664222230395,1
1065,29.175700866652775,0,42,11,14.47610715695902,1
1066,33.352691353095175,1,24,14,19.249008569658248,1
1067,37.535397211573645,1,43,15,19.367356558436757,0
1068,31.203025890441815,0,42,12,13.559105140105565,0
1069,32.04150181308057,1,46,14,16.794872344806873,1
1070,39.91423356000831,1,50,17,20.591084510469916,0
1071,30.09063775227663,1,34,10,12.905921862918431,0
1072,23.742909626511086,1,29,10,11.079377936943922,1
1073,36.85593038821513,1,29,13,20.221822657927984,0
1074,21.289811187580927,1,24,9,12.369702286329876,1
1075,43.42328870940466,1,57,16,22.051733261306005,0
1076,34.98389915284218,1,44,13,19.582023664728318,1
1077,39.02167500343804,1,46,14,17.865281486375583,1
1078,34.09108512260373,1,56,14,19.37845848558738,0
1079,28.520702104828832,1,45,13,15.044501986624184,1
1080,33.57183938329462,0,42,12,15.702092111495563,1
1081,30.190904462692693,1,27,12,14.268200474990376,1
1082,28.903089841728264,1,40,13,10.944765557456462,1
1083,29.84343741192449,1,34,11,14.454817510167686,1
1084,23.827403233321327,0,26,9,14.277854123295736,0
1085,35.27340003473849,1,38,11,13.940681387975024,1
1086,33.014289788132146,1,39,15,17.76420002189778,1
1087,28.033266213355866,1,44,10,14.8864515345723,0
1088,47.03086715477595,1,52,18,26.16903347515492,1
1089,36.94228976282887,1,50,17,20.20028350812279,1
1090,30.27238806920608,1,35,13,16.747196282996853,1
1091,33.81869807676469,1,40,12,18.341759636024225,0
1092,36.84921757904899,1,26,16,18.119217235968804,1
1093,18.882249130609402,1,33,9,8.247946435436107,1
1094,34.4119576168909,1,53,13,16.018513799656482,0
1095,29.201156277200198,1,28,10,15.265401984549847,1
1096,31.01584015801325,1,27,11,12.638237168819735,0
1097,35.23788257265785,1,48,12,16.69978441580728,1
1098,36.00562367327794,1,25,12,15.88672432979429,1
1099,34.47278877231399,1,38,14,20.313127387427198,0
1100,36.00823821867435,1,54,14,16.973444557164985,0
1101,36.638146361781075,1,53,13,19.413498012595518,0
1102,36.36601043182329,1,24,15,19.67916609170866,0
1103,37.54839044526666,1,44,14,21.26340094271276,1
1104,34.243248064404696,1,28,15,20.91297810686809,0
1105,39.66818606633565,1,51,13,20.339537253457266,1
1106,24.58834629231743,1,24,11,13.452271708887222,1
1107,31.982391830376784,1,29,12,17.605548762684258,1
1108,35.12330534502626,1,48,13,18.704778519393113,1
1109,21.02407697430166,1,27,10,11.53007640313572,1
1110,36.17814707411017,1,48,15,15.592646917346721,1
1111,33.10792665874737,1,41,13,14.331647833008102,0
1112,29.213550988937175,1,56,11,12.543776529073433,0
1113,24.77589665226485,1,45,11,12.565721729105713,0
1114,37.26569806690807,1,56,14,19.288454080775292,1
1115,33.9577880865294,1,49,13,13.141770667669741,0
1116,30.76394901985972,1,23,11,17.6933683041245,0
1117,35.441697640598676,1,53,15,20.705887908667542,1
1118,38.54114485940662,1,24,17,19.224161198085156,0
1119,33.68538254351163,1,53,14,17.9651137966712,0
1120,24.728802960217436,1,52,11,15.030594342968323,1
1121,26.597592312854157,1,23,8,14.124761629383245,0
1122,26.36706185113479,0,27,12,13.085951969503466,0
1123,32.15481158382034,1,47,16,17.825339860736054,0
1124,28.654506843807948,1,24,14,14.857382320931102,0
1125,31.161267225662268,1,40,15,14.402710823194825,0
1126,37.234263650110364,1,35,14,19.684048153123427,0
1127,32.91625111110905,1,40,12,22.662214349942843,0
1128,32.22384578805522,1,47,13,18.79078884311082,1
1129,32.272680824550626,1,40,13,16.315207952456387,0
1130,32.50622750120657,1,36,13,18.74167774818538,1
1131,29.58059392560343,1,22,14,15.239205253162545,0
1132,31.763846945138145,1,29,14,21.75994467985071,0
1133,28.27521447407775,1,35,12,11.796876169131114,1
1134,31.557811445238393,1,56,14,16.68494839332002,1
1135,26.444337851868568,1,39,11,15.101956976224276,0
1136,22.98085944216894,1,46,10,8.021926838069065,1
1137,33.19099711820659,1,46,12,17.789923314598546,1
1138,38.850695900213736,1,33,15,15.710548156067087,0
1139,34.62817064918285,1,30,14,18.88186831421006,1
1140,35.40228162261656,1,23,13,19.814948128626654,1
1141,38.423842009166535,1,48,14,21.142074005436577,0
1142,45.28720543546776,1,44,18,26.840726545838894,1
1143,36.45993015741758,1,50,14,17.67839205921196,1
1144,28.216788478062956,1,31,10,16.868667659900694,0
1145,20.99855282316105,0,28,8,12.115005416798935,0
1146,30.469328333832188,1,43,12,16.332180098842695,0
1147,38.890422152008234,1,30,17,20.83063941918624,1
1148,29.879628914446226,1,32,13,11.965954808673981,1
1149,33.62761658953616,1,45,13,17.064427605396812,1
1150,32.517521057489226,1,52,14,16.51205992164144,1
1151,45.55477448049995,1,30,16,23.514752350229777,0
1152,29.565351465262502,1,50,12,15.729255553767791,1
1153,34.54760276278322,1,35,14,16.461372020523974,0
1154,28.053276483923142,1,34,11,17.044438124057365,0
1155,36.79082654618648,1,30,13,20.205835720582655,0
1156,39.88639637636696,1,51,15,20.441997698015026,1
1157,25.73965083970107,1,34,13,12.608856361132238,0
1158,27.831078003231937,1,24,14,16.423426727586072,0
1159,25.69706145506142,0,51,12,15.50039040013457,0
1160,41.23122092263237,1,22,17,22.535923380229903,0
1161,38.766686947438686,1,27,12,21.70699315648793,0
1162,39.725136125634464,1,50,14,20.091301146248625,0
1163,33.87547327682545,1,41,12,15.961460321559159,1
1164,33.074248055504796,1,52,13,17.961381552964998,0
1165,23.662809548934586,1,33,10,11.14081567101724,1
1166,36.20387940448545,1,28,15,16.941056436249166,0
1167,37.27957559992805,1,24,14,17.302595331987106,0
1168,37.977891459969506,1,55,15,18.307698414051934,0
1169,30.457360384260234,1,34,12,12.589392835119819,1
1170,31.73718395278334,1,23,12,16.428599161228288,1
1171,33.60059412923838,1,23,13,14.853210452469469,0
1172,27.53022733852619,1,37,9,14.913080990805057,0
1173,29.0182379536082,1,27,12,20.576735436929987,0
1174,25.15983337401857,1,24,10,14.265860633493425,1
1175,34.614653971991665,1,55,13,18.336206936990063,0
1176,37.84247804024086,1,26,16,18.65182352982234,1
1177,30.382456332298442,1,44,11,15.201678573065037,1
1178,28.922376556089706,1,23,13,19.015334157118023,1
1179,31.85524136925262,0,43,12,14.40082999258132,1
1180,29.690315902905567,1,31,15,13.802465806884383,0
1181,26.035423993804528,1,52,11,16.84829010166915,0
1182,36.5731286559812,1,35,13,18.89242919218878,0
1183,33.678948167001664,1,32,13,17.581743667797944,1
1184,40.288030298738896,1,52,13,18.656724095816116,0
1185,33.707118579954745,0,52,16,18.784884270228932,0
1186,40.91131111500468,1,37,15,21.72187280674298,0
1187,24.028935508316177,1,30,10,10.77567794678268,0
1188,41.46666562342412,1,51,13,22.587974981836915,1
1189,28.54330971992163,1,22,13,15.609098565191106,1
1190,30.74457437399662,1,29,12,11.856151409772039,1
1191,36.82998477960356,1,40,15,21.86004118428398,0
1192,43.26978579391039,1,29,16,24.52731650270681,1
1193,38.81658104090436,1,49,15,19.109132713075002,1
1194,28.06554085491815,0,33,11,13.49018659374043,1
1195,23.159477040625504,1,33,13,15.034891332544756,1
1196,29.222244750354324,0,55,11,17.11847816311441,1
1197,24.401000112870904,1,31,10,12.837413857866405,1
1198,20.416164456368808,1,30,9,7.235524777886438,1
1199,32.72767522829943,1,35,13,15.07194937146736,1
1200,25.38046854729025,1,23,12,12.294978565980307,0
1201,33.72635587906136,1,51,13,17.382855278470654,1
1202,38.18367976084653,1,28,14,19.017761472194255,0
1203,39.770197182324544,1,30,15,19.96859208695009,0
1204,31.276285345942448,1,51,12,15.762826610161138,0
1205,32.897596063519806,1,49,12,11.571646593541619,1
1206,32.62477953933504,1,40,14,16.993309929204894,0
1207,40.11460171581607,1,49,15,21.878313595013882,0
1208,40.159771709049586,1,29,18,19.100092773649767,1
1209,29.930412487431905,0,44,12,15.629920086274394,0
1210,31.442770488345808,1,30,14,20.772392157339706,0
1211,21.553202475488337,1,26,8,11.730458450026063,0
1212,30.749186198789285,1,56,12,17.85167012562064,0
1213,30.922779220879608,1,42,12,16.711109102285057,0
1214,38.73065884447382,1,54,13,19.403458776540763,1
1215,24.348004738239815,0,34,12,16.863449906033274,1
1216,28.714689276376976,1,49,9,15.461220117978858,0
1217,38.90196573686904,1,35,13,22.810115571316594,0
1218,31.98817976410873,0,50,10,13.860295277523186,0
1219,35.74942467363179,1,30,14,19.39393109938723,0
1220,31.679698287208694,1,23,12,16.906908428061655,0
1221,30.265657697095307,0,30,13,16.287253155959597,1
1222,37.58703702231769,1,25,15,18.85229810078493,0
1223,30.64445762276441,0,52,10,18.28253698498953,1
1224,32.162066580176784,1,36,14,21.488494022793265,1
1225,34.304223285185344,1,47,12,16.168982596868158,0
1226,24.58645499679091,1,34,10,13.424762994088972,1
1227,30.874039409200144,1,43,13,14.244889296671678,0
1228,23.929324179361508,1,44,9,13.694168933711042,1
1229,26.63313932278259,1,51,11,14.447818545947829,1
1230,36.19998209811398,1,52,14,16.97032437752121,1
1231,26.39156984607438,1,52,11,13.977868243094903,1
1232,40.735465366853006,1,26,15,19.298548034809723,1
1233,38.21872432217632,1,40,14,20.825389869581517,0
1234,29.890978689457416,1,25,14,17.89174420478905,0
1235,18.62275089574347,1,35,8,8.02551279576008,1
1236,38.03223390718849,1,45,15,20.288518443454407,1
1237,38.38448740113288,1,23,15,18.03374851862216,0
1238,38.753639654820105,1,41,16,18.656517603675454,1
1239,30.77872401122394,1,34,12,14.753078097898651,0
1240,30.814118694519983,1,49,12,14.91630749480077,0
1241,23.476451608459485,0,46,9,11.313343993953833,1
1242,53.79990589290598,1,45,19,29.463516168562638,0
1243,24.73438035813082,1,30,8,16.02826644556677,0
1244,48.302234882288225,1,54,16,27.662626324160158,0
1245,38.84963920052663,1,39,14,19.050844248830963,1
1246,34.17332794266607,1,48,14,17.260371479641012,1
1247,32.782299281689525,1,36,12,21.363489784961274,0
1248,40.12268001408993,1,44,17,22.676973204242046,1
1249,30.899987524097508,1,30,13,17.492886748349157,1
1250,37.28513101669423,1,54,13,20.287067026473615,0
1251,32.93886122060529,1,54,13,21.289876362850677,0
1252,29.036561809060043,1,48,11,15.45367368685882,1
1253,30.449360027777022,1,42,13,13.267563198254239,0
1254,33.35438584327314,1,23,14,19.824080415032032,0
1255,34.0126559172017,1,38,12,24.06144387463494,0
1256,36.99800534317832,1,52,15,20.176591330767003,0
1257,22.883180040502,0,37,13,12.858778723090984,0
1258,32.98941378648382,1,26,14,16.303432022506954,0
1259,21.358994951414722,0,43,9,8.206858642416872,1
1260,36.17133114694576,1,43,15,17.322524731446194,1
1261,34.34796584699383,1,51,13,16.010917294072822,1
1262,31.72584413467021,1,44,11,18.466647228828514,0
1263,25.928956489655995,1,53,11,12.468205086936441,0
1264,39.380392465094616,1,53,14,14.974867409893118,0
1265,31.43350116865145,1,46,13,16.334546865097323,1
1266,25.53174341188697,1,52,12,17.829293104007473,0
1267,40.375823966632645,1,47,15,19.996160365358186,0
1268,37.988726702948185,1,43,15,19.038047535566523,0
1269,29.213071037154016,1,36,12,16.464002595689987,1
1270,28.558500585204573,1,27,11,11.207626134537433,1
1271,26.264006649240088,1,33,12,16.517141950763072,0
1272,38.147673924101646,1,53,12,18.202080694576427,1
1273,43.27363953886665,1,34,17,29.909575843292405,0
1274,35.285207191910374,1,37,14,14.261385069083566,1
1275,41.51297859344785,1,53,15,19.242640598643153,1
1276,27.192239575304374,1,40,12,17.694268382306014,0
1277,23.090556592589728,0,34,13,12.952341950876606,1
1278,31.52524980751725,1,51,12,16.7357003900417,1
1279,34.62614006334037,1,55,14,15.601586471398207,1
1280,25.15258478623309,0,48,9,11.048927844360332,0
1281,42.03191746313939,1,52,17,25.022826421771533,0
1282,42.8259574640871,1,33,18,21.9917315348292,1
1283,33.136210941983904,1,32,13,15.86728336709811,0
1284,41.945985141373534,1,48,16,21.678423915613415,1
1285,24.24086360702175,1,22,11,11.951204221151707,1
1286,38.53314317392904,1,27,14,19.456194058545005,1
1287,38.35280796544476,1,23,16,20.078704799416407,1
1288,24.49267283685787,1,47,11,8.830914316928878,0
1289,29.21262373795643,1,26,13,12.662924093975782,1
1290,33.323741181870744,1,42,13,15.802937937239223,0
1291,33.7395958611303,1,25,14,14.282392699079047,1
1292,27.51870293820633,1,38,13,14.802972774229728,1
1293,36.16931618523477,1,38,15,19.289215462269578,1
1294,31.399539426333135,0,22,14,19.398962176319557,1
1295,25.302927693165923,1,22,10,13.961715757154177,0
1296,36.86798880112733,1,57,11,17.338908609261335,1
1297,37.631029608638386,1,28,14,21.820611991395463,0
1298,33.87251383817974,1,22,14,15.03008225419651,1
1299,35.36996901833205,0,51,13,23.488024189185566,0
1300,37.60913590578078,1,56,13,19.999341686993546,0
1301,30.017549002592883,1,52,14,17.01813592484399,1
1302,34.85865933029108,1,53,12,17.14466538995221,1
1303,26.629215836979757,1,29,9,16.306071225757172,0
1304,37.61165574986139,1,27,16,21.750476630474754,1
1305,29.579944103552695,1,28,11,15.366870457824232,0
1306,28.370200675939603,1,48,12,16.038595745512623,0
1307,26.843703110675325,1,35,10,11.283251925671342,1
1308,39.23172376937929,1,22,17,23.0064077359974,0
1309,33.69811968826784,1,32,14,19.797201938534535,0
1310,34.23813601200832,0,55,11,19.27958722612804,0
1311,38.50561068438363,1,26,15,20.952272681288733,1
1312,36.983642134815604,1,29,14,20.318591765760186,1
1313,36.4811822959309,1,56,13,17.36476540359833,1
1314,37.43037147156056,1,54,14,22.762623630367703,0
1315,38.30413087953763,1,54,15,20.706176512235174,1
1316,41.286800925338795,1,48,17,23.58964419618626,1
1317,34.05686644211855,1,28,13,23.049618844379005,1
1318,47.98798997778456,1,56,16,23.316248524190204,0
1319,47.96121869804744,1,49,16,20.800163882885247,0
1320,26.582877328615844,1,37,9,13.241836079891364,0
1321,35.20451452144475,1,37,15,24.56928427365735,1
1322,21.059931568801623,1,29,10,10.02629295879661,1
1323,35.2260224645062,1,53,13,20.58298268877992,1
1324,35.32550104530366,1,50,15,16.06499967666741,0
1325,34.71560423113346,1,25,16,20.717918414157356,1
1326,29.965202933812563,1,49,11,18.408646195625295,0
1327,39.24788779691323,1,56,11,20.804092057776334,0
1328,30.91940405064039,1,48,13,11.098652563324247,0
1329,28.669087567654376,1,27,12,19.597589176343682,0
1330,39.24191296660235,1,33,14,18.118903259636728,0
1331,35.454624058955446,1,47,15,21.54614688509391,1
1332,48.25521228473077,1,31,19,25.546607425809032,1
1333,44.84395248741673,1,52,17,23.138679222990437,1
1334,40.75552563944992,1,38,15,22.787715941174838,0
1335,30.164168914122058,1,27,12,15.452087247414262,0
1336,39.554086631725895,1,43,15,21.90362820569669,1
1337,29.467976703232395,1,48,13,13.252548541054448,1
1338,37.02008533899275,1,56,14,19.90919380915805,1
1339,29.465564284852615,0,51,13,18.537142046727283,0
1340,40.128006644731336,1,24,15,17.5428469927722,0
1341,24.077579618705563,1,23,10,11.412691769493431,1
1342,30.818009195855076,1,40,13,14.25973406640674,1
1343,40.497554674113495,1,32,14,19.925389351476277,1
1344,44.67919520895718,1,54,17,24.099423286833044,0
1345,31.086814803211727,1,38,10,19.257745648271218,0
1346,26.095488782708777,1,22,10,14.317146542874973,1
1347,28.10385134844137,1,37,13,15.268533850256958,1
1348,31.88613389041666,1,39,12,15.607910277504603,0
1349,36.4459628886382,1,23,14,17.62282575213142,0
1350,38.11394603357853,1,47,16,21.16300267465418,0
1351,41.828282356087506,1,51,17,21.329466694889664,1
1352,29.04054089035726,1,29,11,18.697573997753167,0
1353,30.900302927139055,1,29,14,15.99583201239924,1
1354,34.98614443039787,1,33,13,17.59815594608723,1
1355,49.43287290633836,1,53,19,24.57473621656989,0
1356,36.677292697333506,1,33,15,18.745420171703532,0
1357,33.05668989312524,1,42,13,18.23924413833078,1
1358,28.05772406140407,1,57,11,14.445013918753713,1
1359,30.675435585777013,1,34,13,15.083991047128778,1
1360,34.54007349234545,1,55,12,18.89383753399436,0
1361,31.845873298117212,1,28,14,14.826193103892765,0
1362,34.692414942555914,0,35,13,16.44695170147927,1
1363,20.713255976731404,0,41,9,7.5034569837918195,0
1364,29.471023277702148,1,38,11,15.313577853754275,1
1365,33.84312197129457,1,41,15,14.292871106784842,0
1366,29.10412433914434,0,50,14,15.559968956131822,1
1367,34.738324665303146,1,34,14,19.925522542078536,1
1368,29.58518379025452,1,37,12,12.522270487920405,1
1369,25.104127590740003,1,28,10,10.632423997103688,1
1370,38.83781952040673,1,28,15,21.419316740072926,1
1371,30.32888525755872,1,26,11,16.872436950467808,0
1372,36.77838257967733,1,28,15,11.01155710125948,1
1373,34.47220314474666,1,37,13,18.07310133198337,0
1374,29.310641243499532,1,32,14,12.68347593534801,0
1375,30.36604605146924,1,54,12,14.403549342393609,1
1376,33.475617202272446,1,27,15,16.949621366898164,1
1377,29.56071533389012,1,50,12,20.37027538850778,0
1378,27.772662018223357,0,40,12,13.044670684061602,0
1379,24.63019172137014,1,25,11,17.45862193068353,1
1380,30.619929594174685,1,47,10,13.0339538655944,0
1381,27.38542130696073,1,54,11,13.29806571381442,0
1382,29.26239024914601,0,55,11,17.174807687919124,1
1383,34.91702450904957,1,37,13,16.563332232779732,1
1384,30.883741287032386,1,33,12,13.718725371566478,0
1385,38.01814772695724,1,54,13,20.503940990198643,0
1386,22.73693964816839,0,35,9,11.42284501881929,0
1387,45.77408074444391,1,44,18,23.78235248936904,0
1388,26.101260588083687,1,46,9,16.112706957486907,0
1389,32.07754922510356,1,38,11,14.470011040777948,0
1390,39.628124670298504,1,48,16,17.9425237876582,0
1391,37.56586394651887,1,55,15,20.141962923594456,1
1392,28.937073018380623,1,51,8,14.89270387201067,0
1393,33.12821422109328,1,47,14,13.592557546732825,1
1394,31.56452887476472,0,50,10,16.849830224471756,0
1395,32.482154195889024,1,28,14,19.00875782365228,1
1396,25.99925657763122,1,31,11,15.680810997405093,0
1397,45.8245570411558,1,52,17,23.336943749815028,1
1398,31.889577260439424,1,24,12,15.672058209213821,0
1399,27.25051964343833,1,55,12,19.091803398233996,1
1400,28.478885565517274,0,57,12,13.582982708300774,1
1401,24.43999649790202,0,53,9,16.72069706328633,1
1402,20.568014720994785,1,32,9,12.170038383771121,0
1403,46.09826727674496,1,53,17,23.406830662830963,0
1404,28.99428351219033,1,42,13,12.656908757717586,0
1405,32.169132666952954,1,25,14,17.799458304100586,0
1406,38.57428927192993,1,22,15,19.89711084092224,0
1407,33.14257108759196,1,49,13,17.086197087943354,0
1408,26.73301708968588,1,22,13,17.37619781808543,1
1409,40.72495647325152,1,45,15,22.732119512304514,0
1410,30.754244124778136,0,43,14,18.53197255666918,1
1411,35.75111639710551,1,50,13,18.662792115690124,1
1412,31.658733659088693,1,26,13,19.893030085914663,0
1413,31.09741105465905,1,35,9,13.386561038736994,0
1414,36.56182519013784,1,43,13,20.87344221008953,0
1415,30.307393754240195,1,40,11,12.593420341068393,1
1416,31.832832629510257,1,39,13,16.855378218759746,1
1417,22.02292107424934,1,45,9,13.977974583774524,1
1418,30.903988618768178,1,32,13,15.390414075157878,1
1419,38.364086260266866,1,57,14,22.67589178941893,1
1420,33.99760637893314,1,46,12,19.844345820218944,0
1421,32.864652797092006,0,47,15,20.74773079645845,1
1422,28.99839263433355,1,24,11,12.466763877953278,1
1423,47.1499139803885,1,32,17,23.85693139519976,0
1424,36.57074244267014,1,57,12,20.67783374125092,0
1425,37.70191584975638,1,29,14,19.85391541189209,0
1426,25.736946305518682,1,46,12,11.79631433027085,0
1427,35.79749769251293,1,45,14,17.80877641957487,1
1428,31.285885497724657,1,26,15,17.361265968010677,0
1429,30.186851608804698,1,49,14,16.12662508103098,0
1430,22.695610221357605,1,57,11,13.596542336311172,1
1431,31.09856675131965,1,39,13,15.189827526124896,1
1432,26.244920985146557,1,44,9,11.18506489205529,1
1433,36.21194275871697,1,45,13,18.02427595489659,0
1434,31.78956560156338,1,38,13,14.358781949324541,0
1435,35.38574478158435,1,57,13,17.018168646950063,1
1436,29.00812302086507,1,31,13,17.970781460392235,1
1437,40.2686499143872,1,36,14,17.78092030176628,1
1438,30.531505475368565,1,24,13,16.128484585930288,1
1439,37.96724165491427,1,51,15,22.53435893455938,0
1440,23.0914455942919,1,23,12,16.646538577083668,0
1441,33.8119985521822,1,56,13,17.671901374959425,0
1442,43.05127063531222,1,57,15,18.18811675546004,1
1443,39.370442611086055,1,49,15,21.00476194514797,1
1444,41.80114787058849,1,35,16,21.527085958883298,0
1445,32.21096440055193,1,23,13,17.98271542874782,0
1446,37.96380142940665,1,56,16,17.955308975231112,0
1447,34.4908034572627,1,27,15,20.670621026631707,0
1448,30.598828346442975,1,22,13,14.072030368741395,0
1449,37.083988050949415,1,25,15,20.41337274942893,1
1450,40.39457100205044,1,56,15,23.56685046579817,0
1451,34.513951339432204,1,46,16,19.204861928257813,1
1452,36.66211550121318,1,27,15,19.104109592233286,0
1453,39.10186837702025,1,49,13,21.128380598024048,0
1454,33.16429603106167,1,33,14,14.651960325841559,1
1455,37.147846365211265,1,22,14,19.09922594386334,0
1456,30.849912099201937,1,37,13,13.09158299397263,1
1457,26.858538428808814,1,42,11,15.703871148295011,0
1458,34.909992605278006,1,52,14,14.364523227258907,0
1459,19.678586030159238,1,30,10,11.933595569674365,1
1460,22.96813350201373,1,38,11,12.649256853852576,1
1461,32.4532604626601,1,24,14,16.385814695154817,1
1462,24.391786234468842,1,25,12,15.560423842091765,0
1463,26.482054687840325,0,43,10,14.2943667623858,0
1464,28.124119766486835,0,54,10,19.760558146680744,0
1465,38.25162837008039,1,30,15,19.25821672055282,0
1466,37.51870295847832,1,27,15,17.679069221810295,1
1467,27.916232267106835,1,33,11,9.406506478467747,1
1468,32.45525090714654,1,38,13,15.467664733441282,1
1469,28.447028482347477,1,43,10,15.316147625088,1
1470,28.362013988394004,1,39,12,14.040332341555679,0
1471,37.41127519758836,1,28,14,18.812727909617376,0
1472,35.21519252800237,1,52,15,17.174377031687886,1
1473,35.87931490846331,1,44,13,20.600805510655068,1
1474,23.04288277888136,1,27,11,12.823320983381425,0
1475,20.703684214372842,1,40,10,12.651075602902464,1
1476,31.41952796459246,1,35,12,16.89710180303291,0
1477,25.08701355061107,1,24,12,11.088569115953732,1
1478,39.96407683815011,1,52,14,20.35566143711304,1
1479,39.379023630396276,1,38,15,19.29539464967812,0
1480,43.374177367007455,1,22,17,21.66870344772144,1
1481,37.60080246641503,1,25,16,19.53027215476363,1
1482,42.87922711308816,1,48,18,24.130284740701807,1
1483,34.35331883824525,1,29,14,14.686078523928744,1
1484,28.071068509406828,1,34,12,13.130502646950818,1
1485,42.16284016161281,1,30,17,21.991587710754725,1
1486,37.442146277191775,1,31,14,20.948965628929606,0
1487,30.69465911834264,1,33,13,12.715979957899481,1
1488,31.24918964200046,1,24,15,16.910233124243252,1
1489,29.80071637367141,1,26,14,17.835792384475265,0
1490,34.54034283107912,1,37,12,15.525131895301495,0
1491,25.836837544127235,1,34,11,13.365126847128217,0
1492,25.885839705203757,1,32,9,10.497855517506466,1
1493,40.924120338453065,1,23,18,18.93141081180073,1
1494,24.77418398899693,1,22,10,7.426700499621106,0
1495,40.680201033056896,1,47,14,19.536859442971558,0
1496,28.39950125552619,1,39,13,15.346385729004435,1
1497,28.80580976449363,1,37,12,14.185189918112,1
1498,20.297117446151567,0,55,8,9.239226351883275,0
1499,21.6835071963491,0,35,10,12.473727167959238,0
1500,19.81697795395146,1,30,9,11.468176312575276,0
1501,32.43597135446516,1,37,14,15.963688812103591,1
1502,24.975945202670975,1,33,10,10.68436872709799,1
1503,33.7360872864537,1,53,13,11.773136848760194,0
1504,40.01728047041653,1,55,17,17.010804713502914,1
1505,30.969197305784274,1,34,12,16.09030830888738,0
1506,37.11058559725748,1,33,14,17.774759725134462,1
1507,37.62219078097967,1,32,14,16.1733552550154,0
1508,35.97996140850588,1,41,13,19.102126339685594,0
1509,28.042215673826277,1,55,11,17.35489228668294,0
1510,29.015627271695294,1,47,12,14.310159338434346,0
1511,37.14617652984718,1,41,14,17.11580692862391,1
1512,34.15546102804204,1,41,13,14.884255439473772,0
1513,36.42935710645256,1,43,14,19.051586668527232,0
1514,31.2098927568269,1,22,12,17.912807101808372,0
1515,29.486488162272256,0,34,10,11.70879205281351,0
1516,32.30392547592649,1,46,12,18.657286046567503,0
1517,36.8061522190398,1,54,13,16.429182773916835,1
1518,25.88451498809021,1,52,11,14.979403345656412,0
1519,34.506134530921734,1,41,12,19.35174458609189,1
1520,27.057714235270236,1,40,12,16.901534576457937,0
1521,23.252618985229912,1,23,10,13.003717818489154,1
1522,44.37621714006888,1,31,15,25.18017194094919,0
1523,35.64375445110075,1,38,16,20.446709384008276,0
1524,32.25609696504754,1,56,11,19.17435241528345,0
1525,32.468514703528264,1,27,15,14.331345480200714,0
1526,33.00578277852309,1,47,14,16.586684488756124,0
1527,26.56290870314705,1,39,10,14.810819553453477,1
1528,39.86114156895359,1,22,15,21.087142487947634,0
1529,31.001868638266966,1,27,12,15.528123929316099,0
1530,27.75072408324026,1,45,12,18.574323107266366,0
1531,33.01531371503839,0,41,12,18.741776219483732,0
1532,37.64034458017933,1,57,14,23.98442541942482,0
1533,36.09459007900315,1,49,14,19.5027801920415,0
1534,18.401554454523705,1,31,10,11.342743272092802,0
1535,38.16596225879168,1,27,16,21.669838492134975,0
1536,26.517705078460654,1,37,11,11.035646831506162,0
1537,34.971202471219975,1,33,15,22.42888824906379,0
1538,38.490216129065416,1,51,14,20.627791248526854,0
1539,40.73286429703736,1,46,14,20.756650793239167,0
1540,36.16921473275556,1,37,14,17.583622620736584,0
1541,31.983137041781035,0,37,12,16.499332280152384,0
1542,34.52545487555868,1,36,13,17.142311159408962,0
1543,37.33388565920663,1,45,15,18.275402034849307,0
1544,32.143049040990974,1,46,13,19.432739486850142,1
1545,29.498732964662302,1,44,12,14.464344898846946,1
1546,47.69472426380406,1,36,17,24.92308212898592,0
1547,28.682403084905573,1,35,12,13.569485150044326,1
1548,25.41171148668042,0,54,9,14.512218876171907,1
1549,31.61232658347023,1,44,13,15.397885371398937,1
1550,26.138294522733954,1,22,10,13.15421178175285,1
1551,33.81806598980283,1,56,11,18.096499665227384,1
1552,29.41564333055901,1,40,13,21.032782970594912,1
1553,26.237890349885724,1,41,12,14.813562345798989,0
1554,31.510264975089292,1,24,12,12.030936235456629,0
1555,39.57294682125866,1,46,15,19.13696590872978,0
1556,39.721440048090564,1,39,14,19.787095266929914,1
1557,33.55615566853077,1,36,14,18.111900816139343,0
1558,18.44022303605416,0,40,9,8.992656516971062,1
1559,27.732723403752722,1,32,13,12.727902658285007,1
1560,45.80721100040881,1,51,18,24.39953692642295,0
1561,21.64443964672683,0,47,9,11.10059007738507,0
1562,25.057118152294827,1,36,11,13.684507466145751,0
1563,34.34209038480479,1,23,14,17.90696061490777,1
1564,37.712096194143385,1,37,13,17.404308338622766,1
1565,37.719803386922436,1,28,15,21.081748598151613,0
1566,27.875592560952192,1,29,11,13.806289404564533,0
1567,20.062855563918408,0,51,8,14.584718330613764,0
1568,35.56165464506108,1,27,15,19.989786287995265,0
1569,31.774206619945932,1,28,13,15.302852137003898,1
1570,39.455602561534086,1,32,16,21.130176813233415,0
1571,27.198287492598585,1,46,11,11.724796186355787,1
1572,32.22437950690754,0,52,11,19.748983141966043,0
1573,33.02545178124771,1,55,11,17.904014887017635,0
1574,26.84479148676949,1,33,10,9.150648590078731,1
1575,46.83935693003929,1,49,17,21.670472632366902,1
1576,37.58711698302381,1,51,13,18.605933420642845,0
1577,28.80604279627432,0,29,13,22.51441856061713,1
1578,25.43186374144232,0,26,9,10.782950575312173,0
1579,27.295314510371604,0,52,9,16.409257963158804,1
1580,29.238441948181542,0,25,12,14.452504235065167,1
1581,22.991474280185436,1,23,12,10.62899337439074,1
1582,34.401694592241824,1,41,15,21.5075049109914,1
1583,31.24070281134895,1,52,13,17.25001929346228,1
1584,29.76967679130699,1,23,13,15.402897986980616,0
1585,30.00321224293647,0,57,13,14.174666189418906,1
1586,23.664923760620667,1,51,10,16.600721528875276,1
1587,43.259708316343996,1,42,14,21.17911121495029,0
1588,24.23853756672265,1,47,11,14.47062596592134,1
1589,39.42290894775168,1,41,14,20.132900436845773,0
1590,28.873188279323145,1,39,12,12.235456272541198,1
1591,47.51449959954169,1,49,19,24.60335720069515,1
1592,29.046411047575347,1,47,12,15.016134262701469,1
1593,25.54789769803333,1,30,11,14.58852189470229,1
1594,24.11210026316508,1,34,11,12.057472780182396,1
1595,36.613408776996046,1,28,16,18.30851033724127,1
1596,31.03514312422988,1,41,13,15.91133826868152,1
1597,32.78109459143211,1,27,14,18.07557866806171,1
1598,32.86863781448185,1,54,13,17.81555709092248,0
1599,19.193886415528024,1,22,9,12.128794303178537,1
1600,36.490848394384344,1,50,13,18.8149350777068,1
1601,33.909689687248786,1,48,14,15.153232484960498,1
1602,35.727048995156025,1,51,14,19.612152948677952,1
1603,26.808744184473426,1,50,9,12.3740081372375,1
1604,40.662229225105506,1,47,14,20.185461663569736,1
1605,36.32772069561015,1,56,12,19.05572143186062,0
1606,33.6129761386243,1,57,13,19.496195305354895,1
1607,27.528080691145774,1,34,12,14.117718299081893,0
1608,33.24259735944416,1,48,14,20.049053612517117,0
1609,38.25057608757455,1,43,13,17.992701595183743,0
1610,38.65984367232329,1,50,14,17.98810301537103,1
1611,36.696824495082005,1,48,14,22.03360016131611,1
1612,45.709286018826155,1,53,16,21.129798301597752,1
1613,26.618168819264756,1,30,13,12.180912754154843,0
1614,27.744117612926075,1,56,12,14.676411199682514,1
1615,28.540458759402647,1,26,13,11.072573174552227,0
1616,38.100961917236646,1,47,14,19.140612681790426,1
1617,46.22703822131358,1,56,16,26.619380182186138,1
1618,38.132932473314995,1,47,16,18.790080249851922,0
1619,23.698647722615664,0,55,8,18.18079323377579,0
1620,28.712528599824566,1,53,12,15.684228370623716,1
1621,23.10466113226439,0,45,12,13.810679569204073,1
1622,32.26748649658632,1,53,11,17.560611315815606,0
1623,33.876439537257546,1,39,13,20.56662834857612,0
1624,31.064921147585654,1,28,13,17.36045334391392,0
1625,43.18184852673485,1,52,17,22.94211470319671,0
1626,37.73661951964895,1,35,15,16.666618878065357,0
1627,39.44018188626638,1,55,13,20.77831312488211,1
1628,34.934853817504056,1,49,14,21.05680145422664,0
1629,38.07350912587553,1,37,15,20.763056892583275,1
1630,39.40143187589656,1,32,14,19.05928326040452,1
1631,31.673720416124993,1,48,12,15.442423073925763,1
1632,28.447873334976013,0,37,11,18.113688419064985,1
1633,36.9832100649852,1,43,16,19.992794628517544,1
1634,22.315224866479902,1,28,9,11.987799401713568,0
1635,30.001914742356142,1,51,14,18.057335860733254,0
1636,37.76353372545191,1,44,14,20.02338516230808,0
1637,27.029183654561677,1,26,12,14.307610758268082,1
1638,38.30163618320212,1,51,16,21.012986964773848,1
1639,35.67870313251962,1,39,14,20.43859983364872,0
1640,29.523995846978533,1,26,13,12.833879120008262,1
1641,30.763721950422042,1,47,12,18.815225238344535,0
1642,22.146821794187815,1,45,10,13.53962666552888,1
1643,22.00566143714107,0,56,8,6.7178912668644895,0
1644,34.832748421921316,1,40,12,19.17956190057254,0
1645,31.80654129152144,1,31,12,17.926195913428987,0
1646,22.578237937669815,1,50,11,13.774474854517694,0
1647,33.72204995568891,1,49,14,17.96750530396602,1
1648,23.60361135430857,0,37,12,11.269799028934344,1
1649,29.522374522599456,1,28,14,19.39330314525533,1
1650,24.557567610679758,1,39,10,9.749318224833498,1
1651,34.935513798305344,1,28,15,18.75508166633533,1
1652,35.011442901854714,1,24,14,17.59318866483262,1
1653,32.58408381762667,1,49,14,15.019835799509993,0
1654,32.38893474112728,1,34,13,17.135822040727035,0
1655,39.95758849691783,1,54,15,20.806701907542237,1
1656,34.02321866139798,1,27,14,15.150337657153361,1
1657,22.650942401311948,1,38,10,8.811133721365671,1
1658,38.00390555032937,1,34,15,17.909946761268287,0
1659,36.66364553289236,1,30,15,20.502942002473585,0
1660,37.648267417588265,1,39,13,17.853021773472054,0
1661,18.810365878517757,1,23,12,13.735004623730976,1
1662,29.073167484179997,1,29,14,16.59288560383044,1
1663,29.17070810423916,1,29,12,19.088323248701776,1
1664,44.83716707895987,1,48,16,25.705819716181782,1
1665,34.51831500897253,1,43,15,19.79877130889882,1
1666,27.858532014853633,0,39,11,15.114178733365792,1
1667,32.78916590184758,1,24,13,12.255770768301392,0
1668,40.76336204559769,1,55,15,20.066679767437222,1
1669,33.2448650274578,1,33,13,14.43345260103641,1
1670,34.93525405569923,1,40,15,15.572701745403924,0
1671,30.995585668592916,1,33,11,15.16611215805147,0
1672,39.465589693093754,1,55,14,21.07513219923724,0
1673,35.772944674324904,1,38,14,19.062880899902563,0
1674,23.106602178494427,1,43,11,14.690316527636732,1
1675,27.314414726138597,1,26,11,13.834237634001745,0
1676,39.069755821648265,1,28,14,19.0328892919343,0
1677,24.170294158885458,0,29,12,12.781150641700785,1
1678,28.375288290823516,1,30,11,13.418316688704115,1
1679,32.85847708068612,1,36,15,19.024265836830892,0
1680,33.76046440457416,1,28,16,17.823031599922274,1
1681,31.94248978552294,1,27,12,15.793534716882965,0
1682,32.53614555694945,0,26,12,19.757570492029533,0
1683,37.93284972558335,1,40,15,21.812409300258814,0
1684,40.40403781255426,1,49,15,19.03498813447302,1
1685,36.92886919560977,1,31,13,20.1253705402315,1
1686,40.03847825525227,1,28,16,18.840036952421382,0
1687,43.31534069370345,1,53,16,23.135008563407823,0
1688,28.03491880435572,1,26,13,13.21110408445865,1
1689,28.24478304541881,1,36,11,15.164741692366995,1
1690,34.661294128356516,1,24,13,17.105927998101713,0
1691,27.245345803866158,0,44,10,14.1103524640662,1
1692,28.03857620040224,1,38,13,14.450237094370875,1
1693,39.661098202886684,1,50,13,20.609946097356094,1
1694,29.80642917375934,1,45,14,15.511813417687874,0
1695,21.848431593699015,1,54,8,11.961324409813093,1
1696,33.95299361557231,1,42,13,19.858408930358756,0
1697,22.246224855125732,1,41,8,9.644725008105457,0
1698,28.34899347460171,1,47,11,14.009352726982664,0
1699,36.44816613063199,1,50,14,24.058288804782357,0
1700,24.358802150514904,1,30,12,14.972456895471401,1
1701,34.94421238360089,1,54,13,17.829597392877126,0
1702,34.070111343562765,1,24,13,17.646415243933422,1
1703,34.77453806560872,1,38,15,16.057952093674196,0
1704,31.919619560208268,1,48,14,13.08761751445823,0
1705,19.532875390131238,1,23,8,9.989015172934208,0
1706,31.46553050272808,1,41,14,17.725292854581213,1
1707,40.59552555596529,1,57,15,22.172798661596463,0
1708,27.50499803639544,1,37,11,13.365329341445578,1
1709,39.07002519948949,1,49,14,21.47090534412982,0
1710,28.596047850403544,1,29,14,16.70598727425823,1
1711,34.59609933614957,1,26,10,18.828760077006944,0
1712,36.56113916802999,1,45,15,17.97401604535515,0
1713,41.473626604535134,1,38,16,22.622862006344047,0
1714,36.83324118910965,1,52,11,18.847732292029505,1
1715,33.3258388053914,1,22,12,14.646703310846043,0
1716,17.03347851497457,0,48,8,7.796103380766931,1
1717,36.66099368552379,1,42,14,20.291809338686633,0
1718,46.32827801442382,1,39,19,25.940400430590607,1
1719,37.99306003090941,1,40,15,18.506651978372336,0
1720,31.85412487612125,1,23,14,20.310775744799724,0
1721,34.10147821391715,1,31,13,15.026494676473847,0
1722,28.91914355029236,1,36,13,16.61135925794133,0
1723,37.89552179522687,1,52,13,19.337747437417924,1
1724,32.771879903295655,1,22,13,19.620226764001128,0
1725,36.031390237695405,1,51,13,19.67198738097705,0
1726,34.2605804542106,1,38,11,17.591868579992905,1
1727,26.920182271565604,1,45,13,10.624853407521101,1
1728,42.86126459918614,1,27,15,17.918350950840377,0
1729,28.06284564691182,1,32,14,16.163662903727488,0
1730,27.355735967494873,1,22,11,14.312144943280526,1
1731,28.260233117114645,0,24,10,13.966428401246155,1
1732,28.928985488207584,1,47,12,12.294465014278853,0
1733,32.232776736225155,1,37,14,15.984932196883445,1
1734,29.334139092002786,1,57,10,11.623605097198448,1
1735,31.4626332657258,1,34,12,17.103639941704134,1
1736,33.86888852098109,1,23,13,18.300003007034697,1
1737,41.75700356421143,1,35,16,20.305527337061207,1
1738,33.30337309448194,1,40,14,13.869410340179048,0
1739,37.805173064481195,1,57,13,18.669758915045946,0
1740,32.28830379357166,1,34,13,12.882843818506709,1
1741,33.09757953408347,1,42,11,14.14016532128064,1
1742,31.49055799237791,1,44,13,14.180223977613522,0
1743,36.49071354086793,1,30,13,20.126543439592645,0
1744,36.96701915813171,1,34,13,19.779418407820145,0
1745,28.328961140739725,1,25,13,16.90908562690964,1
1746,28.251116938301774,0,38,12,14.624123983704068,0
1747,35.42064104737515,1,40,14,20.745601028929862,0
1748,31.621738085271133,0,32,14,19.751141449754385,0
1749,30.991632781320426,1,57,10,15.837312716597262,0
1750,30.377023357482795,1,43,13,13.210455512640191,0
1751,36.56621189757657,1,27,17,19.64582776448629,0
1752,35.66875661838566,1,48,15,16.2077364474084,0
1753,35.34115858992489,1,51,13,19.74833086976524,1
1754,29.22228494798081,1,35,12,14.099708490420706,1
1755,37.15366766244694,1,54,13,19.061557789615545,0
1756,26.675527553429433,1,57,12,14.54900772416059,1
1757,42.06456827454236,1,44,16,21.186332495959576,1
1758,24.183387433395826,1,25,13,14.630390809930887,0
1759,31.61748828544018,1,37,12,13.697413018047127,1
1760,29.98452640267213,1,48,12,12.483850354085622,0
1761,37.20872087339577,1,37,15,19.07357860056183,1
1762,15.955298697270853,1,29,9,10.969362663977725,1
1763,33.89598737995583,0,43,12,17.22556024806368,0
1764,36.59312851998942,1,41,14,18.38378707970789,0
1765,35.96074926486171,1,49,13,17.537996383191054,1
1766,12.810729542837171,1,25,8,6.897109793415548,0
1767,28.35944289232328,1,34,12,11.921881896178457,1
1768,32.11375190118104,1,25,12,18.04481390168345,0
1769,27.21219543574828,1,22,10,15.402425098840578,1
1770,25.698020128420325,1,29,11,11.86951855281486,0
1771,32.82447538933778,0,46,13,14.768068556099205,0
1772,34.310576599049554,1,30,13,18.31505878574405,0
1773,26.782039924639058,1,41,12,11.318700125676187,1
1774,31.97830850004109,1,52,11,10.975169219222904,1
1775,30.635982548123142,1,57,9,16.201582120830317,0
1776,27.91636630671379,1,35,11,14.524434346984666,1
1777,22.579085216224147,0,37,11,9.44130244855163,1
1778,35.81791686901737,1,51,16,17.35522218709542,1
1779,31.312395662427985,1,22,12,15.061153024078834,0
1780,33.07421729664687,1,30,14,18.047979812398175,1
1781,40.04311514575702,1,55,14,21.56559681606727,0
1782,37.255154998961565,1,40,15,20.743738312691132,1
1783,37.1766046110052,1,41,14,17.23957879122075,1
1784,30.084757933365836,1,23,14,16.757870293404757,1
1785,33.788153383401436,1,49,12,19.890775582421092,1
1786,38.154028461416004,1,31,16,19.229201624272132,0
1787,37.1608997687994,1,24,16,16.671527026308738,0
1788,37.538865897591215,1,53,12,18.807738599230483,0
1789,30.905221108821138,1,50,11,17.595967916071917,0
1790,33.62125481942813,1,41,11,17.006325542717676,0
1791,39.156990334659,1,55,14,23.02079788380326,1
1792,29.238555424486247,1,53,11,13.816061887774715,0
1793,33.082409551753116,1,26,12,12.725469432311334,1
1794,27.453145653909758,1,31,12,13.15496695790442,0
1795,21.22000625521762,0,39,11,11.33655745252042,0
1796,31.558845111561318,1,22,13,18.794570903919137,1
1797,26.225133540444443,1,52,13,15.392973519655563,1
1798,28.984948276971952,1,47,13,13.434720654767911,1
1799,33.34017123984331,1,33,15,17.00944103715383,0
1800,30.101858882024732,1,48,12,15.548610769149224,0
