unit,year,treated_group,post,treated_post,event_time,outcome
1,2016,0,0,0,-999,19.570014503595118
1,2017,0,0,0,-999,22.17051997907828
1,2018,0,0,0,-999,21.562285563722433
1,2019,0,0,0,-999,20.888004226613997
1,2020,0,1,0,-999,24.727478482630534
1,2021,0,1,0,-999,22.300599825561896
1,2022,0,1,0,-999,23.312750270455687
1,2023,0,1,0,-999,24.43521380472556
2,2016,0,0,0,-999,19.47940000825437
2,2017,0,0,0,-999,21.813369157156007
2,2018,0,0,0,-999,23.523963921506024
2,2019,0,0,0,-999,22.321336496977402
2,2020,0,1,0,-999,21.546130761996938
2,2021,0,1,0,-999,23.439840490574852
2,2022,0,1,0,-999,23.4116255502957
2,2023,0,1,0,-999,25.166385680814372
3,2016,0,0,0,-999,21.78945030590755
3,2017,0,0,0,-999,22.098308770110368
3,2018,0,0,0,-999,21.913437567237807
3,2019,0,0,0,-999,22.874435796423942
3,2020,0,1,0,-999,23.729918680927433
3,2021,0,1,0,-999,23.846638487209617
3,2022,0,1,0,-999,25.2222849413103
3,2023,0,1,0,-999,24.977005759076214
4,2016,0,0,0,-999,21.501784219125405
4,2017,0,0,0,-999,24.39888174496858
4,2018,0,0,0,-999,26.804559996377
4,2019,0,0,0,-999,24.259059553258478
4,2020,0,1,0,-999,23.718192537596195
4,2021,0,1,0,-999,25.101603373031992
4,2022,0,1,0,-999,26.222762353997226
4,2023,0,1,0,-999,27.678614772782552
5,2016,0,0,0,-999,16.945883304466065
5,2017,0,0,0,-999,19.85284100820231
5,2018,0,0,0,-999,18.502895460448585
5,2019,0,0,0,-999,18.884099913658687
5,2020,0,1,0,-999,17.85332257340559
5,2021,0,1,0,-999,21.703902532679855
5,2022,0,1,0,-999,20.60164401527753
5,2023,0,1,0,-999,21.56702790283247
6,2016,0,0,0,-999,20.303959891836374
6,2017,0,0,0,-999,21.515389796749307
6,2018,0,0,0,-999,18.06377013177835
6,2019,0,0,0,-999,20.257589884978906
6,2020,0,1,0,-999,22.58092867682845
6,2021,0,1,0,-999,22.076016381762642
6,2022,0,1,0,-999,20.870668300342476
6,2023,0,1,0,-999,22.56514314255022
7,2016,0,0,0,-999,21.105426499346013
7,2017,0,0,0,-999,21.705440780127436
7,2018,0,0,0,-999,24.523659760140603
7,2019,0,0,0,-999,23.40174829407632
7,2020,0,1,0,-999,23.300310927094564
7,2021,0,1,0,-999,23.972296204682515
7,2022,0,1,0,-999,23.52470679723534
7,2023,0,1,0,-999,24.838156232626496
8,2016,0,0,0,-999,23.194381576030548
8,2017,0,0,0,-999,25.94170505787931
8,2018,0,0,0,-999,24.202916743043204
8,2019,0,0,0,-999,24.583193464696333
8,2020,0,1,0,-999,28.372195990052695
8,2021,0,1,0,-999,25.726664145673734
8,2022,0,1,0,-999,26.809656411302058
8,2023,0,1,0,-999,27.119953889007277
9,2016,0,0,0,-999,20.34933429534088
9,2017,0,0,0,-999,23.16915186196262
9,2018,0,0,0,-999,22.085943885729733
9,2019,0,0,0,-999,21.868107934782202
9,2020,0,1,0,-999,23.425598463091376
9,2021,0,1,0,-999,23.740960443799516
9,2022,0,1,0,-999,24.446981190009232
9,2023,0,1,0,-999,27.159678402275098
10,2016,0,0,0,-999,20.44122812197856
10,2017,0,0,0,-999,21.312447075261638
10,2018,0,0,0,-999,21.588220848244735
10,2019,0,0,0,-999,21.839538152369094
10,2020,0,1,0,-999,22.67956461894156
10,2021,0,1,0,-999,23.771871964594926
10,2022,0,1,0,-999,21.856790579524635
10,2023,0,1,0,-999,23.129478497573164
11,2016,0,0,0,-999,21.319366997480188
11,2017,0,0,0,-999,23.095978523035402
11,2018,0,0,0,-999,21.79555550282258
11,2019,0,0,0,-999,23.403835374861266
11,2020,0,1,0,-999,24.44023818642421
11,2021,0,1,0,-999,23.098071967046153
11,2022,0,1,0,-999,22.022463750348123
11,2023,0,1,0,-999,24.799353114905053
12,2016,0,0,0,-999,17.70654153183622
12,2017,0,0,0,-999,18.722762160954286
12,2018,0,0,0,-999,21.206013963571547
12,2019,0,0,0,-999,19.29902684479534
12,2020,0,1,0,-999,21.943682331892365
12,2021,0,1,0,-999,21.18656099565822
12,2022,0,1,0,-999,22.130408520269214
12,2023,0,1,0,-999,23.193820584514942
13,2016,0,0,0,-999,19.692574930691208
13,2017,0,0,0,-999,19.76889832701632
13,2018,0,0,0,-999,21.602295321491507
13,2019,0,0,0,-999,21.696772737038255
13,2020,0,1,0,-999,22.23164804978405
13,2021,0,1,0,-999,22.655277173922663
13,2022,0,1,0,-999,21.42322760343834
13,2023,0,1,0,-999,23.51512422677623
14,2016,0,0,0,-999,24.24394281089922
14,2017,0,0,0,-999,24.532847811814086
14,2018,0,0,0,-999,23.95892126737509
14,2019,0,0,0,-999,25.356927717722172
14,2020,0,1,0,-999,24.730516454753307
14,2021,0,1,0,-999,24.00885570741155
14,2022,0,1,0,-999,23.487107424327803
14,2023,0,1,0,-999,26.616409493084916
15,2016,0,0,0,-999,19.799287183484566
15,2017,0,0,0,-999,19.052110463581055
15,2018,0,0,0,-999,20.11218898565517
15,2019,0,0,0,-999,19.841521667601825
15,2020,0,1,0,-999,20.612621083549598
15,2021,0,1,0,-999,22.60348457569265
15,2022,0,1,0,-999,24.577539371068607
15,2023,0,1,0,-999,22.705757501143562
16,2016,0,0,0,-999,14.58440544959555
16,2017,0,0,0,-999,15.786564941126151
16,2018,0,0,0,-999,16.932744560902428
16,2019,0,0,0,-999,19.269989280805003
16,2020,0,1,0,-999,19.67313974760203
16,2021,0,1,0,-999,19.140732432811905
16,2022,0,1,0,-999,18.715759943862444
16,2023,0,1,0,-999,21.435285335192017
17,2016,0,0,0,-999,18.07110726927043
17,2017,0,0,0,-999,18.00451733523647
17,2018,0,0,0,-999,18.92901161622406
17,2019,0,0,0,-999,18.829907595564624
17,2020,0,1,0,-999,18.502867997660715
17,2021,0,1,0,-999,17.306784938895373
17,2022,0,1,0,-999,20.30410247848378
17,2023,0,1,0,-999,21.258382877319494
18,2016,0,0,0,-999,17.83453321986114
18,2017,0,0,0,-999,20.17765018562208
18,2018,0,0,0,-999,19.714909621552145
18,2019,0,0,0,-999,20.360681793126304
18,2020,0,1,0,-999,19.841197485272566
18,2021,0,1,0,-999,21.716968776810827
18,2022,0,1,0,-999,20.884154983842244
18,2023,0,1,0,-999,22.84271450610279
19,2016,0,0,0,-999,20.282296940428527
19,2017,0,0,0,-999,22.24829230112394
19,2018,0,0,0,-999,21.586391023873986
19,2019,0,0,0,-999,20.622952520328695
19,2020,0,1,0,-999,21.125942397285367
19,2021,0,1,0,-999,24.067340230765762
19,2022,0,1,0,-999,22.734917968601252
19,2023,0,1,0,-999,25.260392678253837
20,2016,0,0,0,-999,15.218629116153036
20,2017,0,0,0,-999,19.608673395804118
20,2018,0,0,0,-999,19.73119021315606
20,2019,0,0,0,-999,19.509969719388415
20,2020,0,1,0,-999,20.588543230516795
20,2021,0,1,0,-999,22.12340016063824
20,2022,0,1,0,-999,22.652772737928498
20,2023,0,1,0,-999,22.60166144271755
21,2016,0,0,0,-999,22.74586006939676
21,2017,0,0,0,-999,20.6197033626963
21,2018,0,0,0,-999,25.067840608568673
21,2019,0,0,0,-999,24.52390457429729
21,2020,0,1,0,-999,23.674279247355543
21,2021,0,1,0,-999,22.527711937093
21,2022,0,1,0,-999,25.904152793250827
21,2023,0,1,0,-999,24.500763888269873
22,2016,0,0,0,-999,21.735235019717436
22,2017,0,0,0,-999,22.668429831334638
22,2018,0,0,0,-999,22.925838894615755
22,2019,0,0,0,-999,24.13331105362917
22,2020,0,1,0,-999,23.57134741231185
22,2021,0,1,0,-999,20.94016021661718
22,2022,0,1,0,-999,26.67431315413991
22,2023,0,1,0,-999,25.912613357292134
23,2016,0,0,0,-999,19.214304274418833
23,2017,0,0,0,-999,21.1623770549982
23,2018,0,0,0,-999,21.013549273055286
23,2019,0,0,0,-999,23.406010340992847
23,2020,0,1,0,-999,22.1987118422642
23,2021,0,1,0,-999,22.396372995575685
23,2022,0,1,0,-999,23.3292832709033
23,2023,0,1,0,-999,24.412485490543162
24,2016,0,0,0,-999,20.395225879703908
24,2017,0,0,0,-999,21.524996136850415
24,2018,0,0,0,-999,21.5588475464425
24,2019,0,0,0,-999,21.448182293960258
24,2020,0,1,0,-999,21.459672401864097
24,2021,0,1,0,-999,22.495044512867327
24,2022,0,1,0,-999,23.22340514905854
24,2023,0,1,0,-999,23.803241029555146
25,2016,0,0,0,-999,21.590870346769208
25,2017,0,0,0,-999,19.46850862538285
25,2018,0,0,0,-999,20.04240291711581
25,2019,0,0,0,-999,20.992769163810614
25,2020,0,1,0,-999,23.328692163524718
25,2021,0,1,0,-999,22.896949132382566
25,2022,0,1,0,-999,23.61825728987137
25,2023,0,1,0,-999,23.249484616742585
26,2016,0,0,0,-999,20.164311483355913
26,2017,0,0,0,-999,19.695176972223518
26,2018,0,0,0,-999,20.653363758740298
26,2019,0,0,0,-999,23.530323300225316
26,2020,0,1,0,-999,24.050477996542753
26,2021,0,1,0,-999,25.637062772780627
26,2022,0,1,0,-999,23.617304017432044
26,2023,0,1,0,-999,23.489339150123136
27,2016,0,0,0,-999,21.33791326829783
27,2017,0,0,0,-999,24.008032570381125
27,2018,0,0,0,-999,25.910360285111114
27,2019,0,0,0,-999,24.748125499809056
27,2020,0,1,0,-999,25.75959831296621
27,2021,0,1,0,-999,24.21721372701113
27,2022,0,1,0,-999,25.535757776359922
27,2023,0,1,0,-999,27.401456582616206
28,2016,0,0,0,-999,21.513058524061503
28,2017,0,0,0,-999,21.979058349178388
28,2018,0,0,0,-999,21.74430841708773
28,2019,0,0,0,-999,22.848917149473433
28,2020,0,1,0,-999,23.509275480964057
28,2021,0,1,0,-999,25.450383798712295
28,2022,0,1,0,-999,24.90104782637056
28,2023,0,1,0,-999,24.12411839738117
29,2016,0,0,0,-999,15.303827554796941
29,2017,0,0,0,-999,17.220847516208863
29,2018,0,0,0,-999,18.45786592864251
29,2019,0,0,0,-999,18.406908906245327
29,2020,0,1,0,-999,20.102380088124416
29,2021,0,1,0,-999,19.390521240800236
29,2022,0,1,0,-999,19.500228033699816
29,2023,0,1,0,-999,22.57641116945895
30,2016,0,0,0,-999,20.90549528335297
30,2017,0,0,0,-999,22.61652756772162
30,2018,0,0,0,-999,22.33679013129628
30,2019,0,0,0,-999,24.36089763367981
30,2020,0,1,0,-999,22.86048452052564
30,2021,0,1,0,-999,23.275578008544173
30,2022,0,1,0,-999,25.315261487385882
30,2023,0,1,0,-999,27.214715187183227
31,2016,0,0,0,-999,22.12003093219603
31,2017,0,0,0,-999,20.255534893262844
31,2018,0,0,0,-999,19.034705009614804
31,2019,0,0,0,-999,21.993176358430766
31,2020,0,1,0,-999,22.43827393600285
31,2021,0,1,0,-999,22.050435664840258
31,2022,0,1,0,-999,21.554387550239213
31,2023,0,1,0,-999,25.07452059054539
32,2016,0,0,0,-999,20.576315391346185
32,2017,0,0,0,-999,22.904675811300695
32,2018,0,0,0,-999,21.39630714126405
32,2019,0,0,0,-999,20.35925343978601
32,2020,0,1,0,-999,23.574862548187994
32,2021,0,1,0,-999,23.38303773574787
32,2022,0,1,0,-999,24.119012573851972
32,2023,0,1,0,-999,24.52088924274133
33,2016,0,0,0,-999,20.982814589393875
33,2017,0,0,0,-999,23.497082361661768
33,2018,0,0,0,-999,23.127019207166402
33,2019,0,0,0,-999,24.052113928536905
33,2020,0,1,0,-999,26.432986146690208
33,2021,0,1,0,-999,25.64854909185309
33,2022,0,1,0,-999,24.488452032971296
33,2023,0,1,0,-999,25.526835392690007
34,2016,0,0,0,-999,22.795598954909096
34,2017,0,0,0,-999,22.539107575249165
34,2018,0,0,0,-999,22.739792141400443
34,2019,0,0,0,-999,25.505395601190322
34,2020,0,1,0,-999,25.180484479341445
34,2021,0,1,0,-999,24.453670427949334
34,2022,0,1,0,-999,25.633650199877092
34,2023,0,1,0,-999,25.091643798041996
35,2016,0,0,0,-999,22.93285506150082
35,2017,0,0,0,-999,23.34471213800804
35,2018,0,0,0,-999,24.148349801641096
35,2019,0,0,0,-999,23.51269750271363
35,2020,0,1,0,-999,26.94174564454432
35,2021,0,1,0,-999,25.564075793497157
35,2022,0,1,0,-999,29.13836666434768
35,2023,0,1,0,-999,25.68920275449831
36,2016,0,0,0,-999,21.7546627006543
36,2017,0,0,0,-999,20.040560999875062
36,2018,0,0,0,-999,23.38689810363465
36,2019,0,0,0,-999,20.942037104285582
36,2020,0,1,0,-999,22.1773953089345
36,2021,0,1,0,-999,22.912103607998635
36,2022,0,1,0,-999,24.055091979708514
36,2023,0,1,0,-999,22.735656717962158
37,2016,0,0,0,-999,24.314873918114127
37,2017,0,0,0,-999,22.679526761398023
37,2018,0,0,0,-999,21.928517432702833
37,2019,0,0,0,-999,23.724020157756097
37,2020,0,1,0,-999,23.97674175664621
37,2021,0,1,0,-999,24.11558364419238
37,2022,0,1,0,-999,24.420607216010623
37,2023,0,1,0,-999,27.71550753282857
38,2016,0,0,0,-999,19.846434817200066
38,2017,0,0,0,-999,21.392025985397886
38,2018,0,0,0,-999,22.839550819047624
38,2019,0,0,0,-999,21.36339432856284
38,2020,0,1,0,-999,22.61714569134101
38,2021,0,1,0,-999,23.440049736722344
38,2022,0,1,0,-999,21.454371493907313
38,2023,0,1,0,-999,22.906296824917703
39,2016,0,0,0,-999,19.939986181621208
39,2017,0,0,0,-999,19.4130282064884
39,2018,0,0,0,-999,20.814756103804363
39,2019,0,0,0,-999,24.524566405463954
39,2020,0,1,0,-999,23.06368260631963
39,2021,0,1,0,-999,23.48249830640816
39,2022,0,1,0,-999,24.54154184258136
39,2023,0,1,0,-999,23.88488809791323
40,2016,0,0,0,-999,22.149375870139373
40,2017,0,0,0,-999,20.84904537419371
40,2018,0,0,0,-999,21.040764121070115
40,2019,0,0,0,-999,23.452051346621175
40,2020,0,1,0,-999,25.34461523568009
40,2021,0,1,0,-999,22.804557158548295
40,2022,0,1,0,-999,25.018299866869473
40,2023,0,1,0,-999,23.47504112105347
41,2016,0,0,0,-999,20.108601794126827
41,2017,0,0,0,-999,22.272120827596122
41,2018,0,0,0,-999,21.600785154744166
41,2019,0,0,0,-999,21.374424250045582
41,2020,0,1,0,-999,20.34658027598263
41,2021,0,1,0,-999,22.836004787152774
41,2022,0,1,0,-999,23.43794958957592
41,2023,0,1,0,-999,22.136028010993456
42,2016,0,0,0,-999,19.245593604953815
42,2017,0,0,0,-999,22.69339820917813
42,2018,0,0,0,-999,20.589272869068804
42,2019,0,0,0,-999,22.067158291650205
42,2020,0,1,0,-999,20.259718111849462
42,2021,0,1,0,-999,24.240756728684506
42,2022,0,1,0,-999,22.649811125200088
42,2023,0,1,0,-999,24.868204569127727
43,2016,0,0,0,-999,16.98508980777067
43,2017,0,0,0,-999,21.351895495057924
43,2018,0,0,0,-999,21.608664088464177
43,2019,0,0,0,-999,22.012881265666994
43,2020,0,1,0,-999,22.69983608878392
43,2021,0,1,0,-999,19.649560226138583
43,2022,0,1,0,-999,20.84895758048033
43,2023,0,1,0,-999,22.790883956369782
44,2016,0,0,0,-999,20.03355421058806
44,2017,0,0,0,-999,22.374913966106615
44,2018,0,0,0,-999,20.068911362506217
44,2019,0,0,0,-999,20.68215047191381
44,2020,0,1,0,-999,24.61323727260714
44,2021,0,1,0,-999,20.87950483698721
44,2022,0,1,0,-999,24.588814176381447
44,2023,0,1,0,-999,23.475741367117394
45,2016,0,0,0,-999,19.006574933577262
45,2017,0,0,0,-999,20.328891826732544
45,2018,0,0,0,-999,23.68001939030692
45,2019,0,0,0,-999,21.729654672287637
45,2020,0,1,0,-999,21.25130667026946
45,2021,0,1,0,-999,25.00789593092079
45,2022,0,1,0,-999,22.30532667318654
45,2023,0,1,0,-999,22.860927799501464
46,2016,0,0,0,-999,20.672273904386177
46,2017,0,0,0,-999,21.930927540952155
46,2018,0,0,0,-999,20.44551563971464
46,2019,0,0,0,-999,23.78582320408027
46,2020,0,1,0,-999,22.700098387740248
46,2021,0,1,0,-999,25.18215675056368
46,2022,0,1,0,-999,24.975038757988106
46,2023,0,1,0,-999,23.03591838298521
47,2016,0,0,0,-999,18.92136129828646
47,2017,0,0,0,-999,19.617450388480098
47,2018,0,0,0,-999,19.78573056973325
47,2019,0,0,0,-999,21.33430421850924
47,2020,0,1,0,-999,22.065309528101672
47,2021,0,1,0,-999,23.71061716378077
47,2022,0,1,0,-999,25.835886131631156
47,2023,0,1,0,-999,20.662179413291444
48,2016,0,0,0,-999,25.123480612147016
48,2017,0,0,0,-999,26.454595644946174
48,2018,0,0,0,-999,24.838993960230066
48,2019,0,0,0,-999,28.40645421626413
48,2020,0,1,0,-999,27.053980447395137
48,2021,0,1,0,-999,27.133401676949283
48,2022,0,1,0,-999,27.974748909682837
48,2023,0,1,0,-999,27.174359218100033
49,2016,0,0,0,-999,18.017409144492927
49,2017,0,0,0,-999,19.34917529638864
49,2018,0,0,0,-999,18.426343528939633
49,2019,0,0,0,-999,20.776177210593648
49,2020,0,1,0,-999,20.343284098208557
49,2021,0,1,0,-999,20.816786263238004
49,2022,0,1,0,-999,21.852627415238704
49,2023,0,1,0,-999,23.082961315792303
50,2016,0,0,0,-999,22.23359326144406
50,2017,0,0,0,-999,24.52409611920201
50,2018,0,0,0,-999,23.38224493251827
50,2019,0,0,0,-999,24.24041807154533
50,2020,0,1,0,-999,23.605583371333083
50,2021,0,1,0,-999,26.60285872190545
50,2022,0,1,0,-999,24.620579547762443
50,2023,0,1,0,-999,25.818616160801483
51,2016,0,0,0,-999,22.293080224074266
51,2017,0,0,0,-999,21.71973843719081
51,2018,0,0,0,-999,24.980758536772328
51,2019,0,0,0,-999,23.58480402089969
51,2020,0,1,0,-999,22.426227589604466
51,2021,0,1,0,-999,22.863819771046042
51,2022,0,1,0,-999,23.302794294302473
51,2023,0,1,0,-999,25.962510774976597
52,2016,0,0,0,-999,20.67822316288853
52,2017,0,0,0,-999,21.88410973444479
52,2018,0,0,0,-999,22.148767287341883
52,2019,0,0,0,-999,23.12445402675206
52,2020,0,1,0,-999,23.132330040128657
52,2021,0,1,0,-999,24.043897346094482
52,2022,0,1,0,-999,24.18655827117888
52,2023,0,1,0,-999,23.56837114195394
53,2016,0,0,0,-999,19.782032250966974
53,2017,0,0,0,-999,18.46606566160823
53,2018,0,0,0,-999,20.880083321563674
53,2019,0,0,0,-999,20.588485820832304
53,2020,0,1,0,-999,22.849286172867295
53,2021,0,1,0,-999,23.466774474172645
53,2022,0,1,0,-999,21.95980866163798
53,2023,0,1,0,-999,23.10392024327689
54,2016,0,0,0,-999,20.447262277690506
54,2017,0,0,0,-999,20.694401630053687
54,2018,0,0,0,-999,21.735384191948757
54,2019,0,0,0,-999,20.7864372678364
54,2020,0,1,0,-999,21.029794952028492
54,2021,0,1,0,-999,23.402035958341962
54,2022,0,1,0,-999,23.907140147307114
54,2023,0,1,0,-999,24.53658750919789
55,2016,0,0,0,-999,20.388694184426498
55,2017,0,0,0,-999,22.18506376980372
55,2018,0,0,0,-999,22.48229784100859
55,2019,0,0,0,-999,22.780159850073876
55,2020,0,1,0,-999,22.018665852161774
55,2021,0,1,0,-999,23.561925620115623
55,2022,0,1,0,-999,22.72295265304833
55,2023,0,1,0,-999,23.852821070073997
56,2016,0,0,0,-999,20.65242771290657
56,2017,0,0,0,-999,19.728031164743715
56,2018,0,0,0,-999,20.086846806218468
56,2019,0,0,0,-999,22.491962935226216
56,2020,0,1,0,-999,22.10176356181078
56,2021,0,1,0,-999,19.85110893283653
56,2022,0,1,0,-999,21.41999521789598
56,2023,0,1,0,-999,21.010977183877372
57,2016,0,0,0,-999,16.02512779965878
57,2017,0,0,0,-999,16.823673320351297
57,2018,0,0,0,-999,18.35207149491308
57,2019,0,0,0,-999,19.857642004217848
57,2020,0,1,0,-999,20.532090543085637
57,2021,0,1,0,-999,19.301431606141183
57,2022,0,1,0,-999,20.470136216949083
57,2023,0,1,0,-999,18.73779535594299
58,2016,0,0,0,-999,20.573919112389998
58,2017,0,0,0,-999,21.128396594849203
58,2018,0,0,0,-999,19.714593839878724
58,2019,0,0,0,-999,22.4856409111894
58,2020,0,1,0,-999,21.584562885482324
58,2021,0,1,0,-999,20.990506275023833
58,2022,0,1,0,-999,24.083871864270073
58,2023,0,1,0,-999,23.552489765080114
59,2016,0,0,0,-999,20.061772450387537
59,2017,0,0,0,-999,20.398800428275695
59,2018,0,0,0,-999,22.296739317979235
59,2019,0,0,0,-999,17.94636430922704
59,2020,0,1,0,-999,22.881733152863482
59,2021,0,1,0,-999,22.726668265287884
59,2022,0,1,0,-999,23.590999414132764
59,2023,0,1,0,-999,22.917708396274637
60,2016,0,0,0,-999,21.040586090352853
60,2017,0,0,0,-999,19.442239989582287
60,2018,0,0,0,-999,20.36604723547903
60,2019,0,0,0,-999,23.139264333012072
60,2020,0,1,0,-999,24.294129937007273
60,2021,0,1,0,-999,21.9649210611609
60,2022,0,1,0,-999,24.973525184440646
60,2023,0,1,0,-999,23.341550738809367
61,2016,0,0,0,-999,18.069717178776664
61,2017,0,0,0,-999,17.503284764287898
61,2018,0,0,0,-999,17.58186617609206
61,2019,0,0,0,-999,16.55238147014776
61,2020,0,1,0,-999,18.94950856695392
61,2021,0,1,0,-999,18.629685278879144
61,2022,0,1,0,-999,21.056102816742523
61,2023,0,1,0,-999,19.45804173399397
62,2016,0,0,0,-999,20.17356441514027
62,2017,0,0,0,-999,21.811112564412234
62,2018,0,0,0,-999,20.958232255142118
62,2019,0,0,0,-999,23.084344314007392
62,2020,0,1,0,-999,22.857139745252223
62,2021,0,1,0,-999,23.49503306136149
62,2022,0,1,0,-999,25.375220796972886
62,2023,0,1,0,-999,26.624179676562747
63,2016,0,0,0,-999,20.69666185507895
63,2017,0,0,0,-999,23.19141516831014
63,2018,0,0,0,-999,22.11287963176
63,2019,0,0,0,-999,21.340558312320915
63,2020,0,1,0,-999,22.91170615311964
63,2021,0,1,0,-999,26.16028588587315
63,2022,0,1,0,-999,24.33803438926456
63,2023,0,1,0,-999,24.662375005359433
64,2016,0,0,0,-999,22.773476014725613
64,2017,0,0,0,-999,23.148316018937333
64,2018,0,0,0,-999,22.968334494091614
64,2019,0,0,0,-999,21.646627260991348
64,2020,0,1,0,-999,23.11173466805761
64,2021,0,1,0,-999,24.755234107061025
64,2022,0,1,0,-999,24.9734757886909
64,2023,0,1,0,-999,26.67852506577549
65,2016,0,0,0,-999,19.60672142943288
65,2017,0,0,0,-999,19.492582611286956
65,2018,0,0,0,-999,19.48659539798186
65,2019,0,0,0,-999,22.170370742254992
65,2020,0,1,0,-999,23.09210757535214
65,2021,0,1,0,-999,22.853255473169124
65,2022,0,1,0,-999,22.20084996215525
65,2023,0,1,0,-999,22.729417332071634
66,2016,0,0,0,-999,20.947220118755546
66,2017,0,0,0,-999,22.734842155358614
66,2018,0,0,0,-999,19.603822101987554
66,2019,0,0,0,-999,22.380528317167684
66,2020,0,1,0,-999,23.10862036913707
66,2021,0,1,0,-999,23.762762954400607
66,2022,0,1,0,-999,23.686284997696774
66,2023,0,1,0,-999,24.600066381309908
67,2016,0,0,0,-999,22.338409623725187
67,2017,0,0,0,-999,23.434852352600007
67,2018,0,0,0,-999,23.712751014035273
67,2019,0,0,0,-999,25.0279706869568
67,2020,0,1,0,-999,23.12291160924331
67,2021,0,1,0,-999,24.882176055700494
67,2022,0,1,0,-999,23.221857335451194
67,2023,0,1,0,-999,23.481248577966337
68,2016,0,0,0,-999,23.17769143717731
68,2017,0,0,0,-999,22.447972111304416
68,2018,0,0,0,-999,25.7252600713709
68,2019,0,0,0,-999,24.728828484003284
68,2020,0,1,0,-999,24.994901892421975
68,2021,0,1,0,-999,27.081199469463236
68,2022,0,1,0,-999,26.94243696162925
68,2023,0,1,0,-999,25.467847052727635
69,2016,0,0,0,-999,20.1397132298727
69,2017,0,0,0,-999,20.76509951518645
69,2018,0,0,0,-999,20.918917975678205
69,2019,0,0,0,-999,21.75205233872646
69,2020,0,1,0,-999,22.048320958592704
69,2021,0,1,0,-999,23.24151408634965
69,2022,0,1,0,-999,24.01472665268994
69,2023,0,1,0,-999,23.84743156793571
70,2016,0,0,0,-999,20.481123638236305
70,2017,0,0,0,-999,22.554737850893122
70,2018,0,0,0,-999,20.81355490825039
70,2019,0,0,0,-999,23.477984399360256
70,2020,0,1,0,-999,20.577569825302184
70,2021,0,1,0,-999,21.47894580787173
70,2022,0,1,0,-999,21.24160133424264
70,2023,0,1,0,-999,26.109083920243243
71,2016,0,0,0,-999,20.815191300158133
71,2017,0,0,0,-999,19.30644762713406
71,2018,0,0,0,-999,21.800549006334524
71,2019,0,0,0,-999,21.963568385744217
71,2020,0,1,0,-999,22.04261906323145
71,2021,0,1,0,-999,22.08997967290304
71,2022,0,1,0,-999,21.52007162716147
71,2023,0,1,0,-999,25.324406981757775
72,2016,0,0,0,-999,20.495918452401906
72,2017,0,0,0,-999,21.632901852709633
72,2018,0,0,0,-999,21.9999203710317
72,2019,0,0,0,-999,20.961794905893736
72,2020,0,1,0,-999,23.48511722757094
72,2021,0,1,0,-999,22.546322462541195
72,2022,0,1,0,-999,23.20228065217707
72,2023,0,1,0,-999,22.778311029750633
73,2016,0,0,0,-999,22.074161255269516
73,2017,0,0,0,-999,25.26930328817704
73,2018,0,0,0,-999,22.853803459869482
73,2019,0,0,0,-999,26.841593230040733
73,2020,0,1,0,-999,24.41349352593252
73,2021,0,1,0,-999,24.818874350400755
73,2022,0,1,0,-999,25.83719376648659
73,2023,0,1,0,-999,26.03563949338514
74,2016,0,0,0,-999,20.69756512071698
74,2017,0,0,0,-999,23.497698454437383
74,2018,0,0,0,-999,23.08381124807127
74,2019,0,0,0,-999,24.65620821696429
74,2020,0,1,0,-999,23.970099963979713
74,2021,0,1,0,-999,25.754620437247038
74,2022,0,1,0,-999,24.49010299608399
74,2023,0,1,0,-999,25.723277775599673
75,2016,0,0,0,-999,23.351428598986846
75,2017,0,0,0,-999,22.04770330864176
75,2018,0,0,0,-999,24.227585257302962
75,2019,0,0,0,-999,24.36706190316199
75,2020,0,1,0,-999,24.804682255658115
75,2021,0,1,0,-999,25.430471772881013
75,2022,0,1,0,-999,26.47377015531124
75,2023,0,1,0,-999,26.651510208519916
76,2016,0,0,0,-999,20.68151315926133
76,2017,0,0,0,-999,23.759364512011853
76,2018,0,0,0,-999,22.225087930686055
76,2019,0,0,0,-999,24.08697054612131
76,2020,0,1,0,-999,24.61450151591705
76,2021,0,1,0,-999,25.16011809160796
76,2022,0,1,0,-999,26.83204041653883
76,2023,0,1,0,-999,26.14686679206907
77,2016,0,0,0,-999,20.147756494269036
77,2017,0,0,0,-999,18.660545586611125
77,2018,0,0,0,-999,19.076429587940687
77,2019,0,0,0,-999,20.221712650126257
77,2020,0,1,0,-999,21.101856161025776
77,2021,0,1,0,-999,19.94980811830069
77,2022,0,1,0,-999,21.232153760463376
77,2023,0,1,0,-999,22.46606939070929
78,2016,0,0,0,-999,16.987678893683935
78,2017,0,0,0,-999,19.014567716131964
78,2018,0,0,0,-999,20.03114681594351
78,2019,0,0,0,-999,18.37376831235611
78,2020,0,1,0,-999,21.077574245346053
78,2021,0,1,0,-999,21.14043098799585
78,2022,0,1,0,-999,20.12384485322014
78,2023,0,1,0,-999,22.359758988536445
79,2016,0,0,0,-999,18.471792623152105
79,2017,0,0,0,-999,20.84125211664434
79,2018,0,0,0,-999,20.226684267305238
79,2019,0,0,0,-999,19.554086473636552
79,2020,0,1,0,-999,20.437432128197834
79,2021,0,1,0,-999,23.041484433886982
79,2022,0,1,0,-999,23.783716690162887
79,2023,0,1,0,-999,22.374104523802465
80,2016,0,0,0,-999,19.02452919625284
80,2017,0,0,0,-999,17.576171264291368
80,2018,0,0,0,-999,17.675402860475778
80,2019,0,0,0,-999,19.07092079335748
80,2020,0,1,0,-999,18.31004754548806
80,2021,0,1,0,-999,21.17646831576434
80,2022,0,1,0,-999,19.678299244040296
80,2023,0,1,0,-999,21.279989914253775
81,2016,0,0,0,-999,16.04631795523753
81,2017,0,0,0,-999,15.279808590100096
81,2018,0,0,0,-999,18.63788708188858
81,2019,0,0,0,-999,15.7333019429499
81,2020,0,1,0,-999,17.55408841500421
81,2021,0,1,0,-999,20.009216401253514
81,2022,0,1,0,-999,18.119367133449973
81,2023,0,1,0,-999,19.279940074942104
82,2016,0,0,0,-999,19.983082808008415
82,2017,0,0,0,-999,20.418187922005952
82,2018,0,0,0,-999,22.119456779324505
82,2019,0,0,0,-999,22.063336413959615
82,2020,0,1,0,-999,23.203943361664006
82,2021,0,1,0,-999,22.886316381596135
82,2022,0,1,0,-999,24.391622786711295
82,2023,0,1,0,-999,21.56114465956711
83,2016,0,0,0,-999,20.7968516334209
83,2017,0,0,0,-999,20.972448218456893
83,2018,0,0,0,-999,18.40148246521063
83,2019,0,0,0,-999,21.376659360047217
83,2020,0,1,0,-999,22.271812943793698
83,2021,0,1,0,-999,21.594816150351264
83,2022,0,1,0,-999,23.35354945002609
83,2023,0,1,0,-999,25.61060959014426
84,2016,0,0,0,-999,18.632142882434007
84,2017,0,0,0,-999,18.87475340188186
84,2018,0,0,0,-999,20.168108007491263
84,2019,0,0,0,-999,19.052114640303213
84,2020,0,1,0,-999,21.212227019737643
84,2021,0,1,0,-999,22.74297930978507
84,2022,0,1,0,-999,21.19089583286299
84,2023,0,1,0,-999,22.255806879555614
85,2016,0,0,0,-999,17.833234066097937
85,2017,0,0,0,-999,19.419353868450266
85,2018,0,0,0,-999,18.223979338805137
85,2019,0,0,0,-999,20.109624624921178
85,2020,0,1,0,-999,19.590575000917617
85,2021,0,1,0,-999,19.314511788511712
85,2022,0,1,0,-999,21.949636003576217
85,2023,0,1,0,-999,21.57901231706192
86,2016,0,0,0,-999,15.210098978368668
86,2017,0,0,0,-999,17.26855742170534
86,2018,0,0,0,-999,18.854000654243496
86,2019,0,0,0,-999,20.4716591636829
86,2020,0,1,0,-999,20.34698218012025
86,2021,0,1,0,-999,20.925711714555096
86,2022,0,1,0,-999,22.711266638325128
86,2023,0,1,0,-999,21.60702498245325
87,2016,0,0,0,-999,19.95354533080175
87,2017,0,0,0,-999,18.612739787636926
87,2018,0,0,0,-999,19.81121796575222
87,2019,0,0,0,-999,19.935960088136106
87,2020,0,1,0,-999,20.517933281061133
87,2021,0,1,0,-999,23.6168883881634
87,2022,0,1,0,-999,22.02852471164486
87,2023,0,1,0,-999,21.090055394461587
88,2016,0,0,0,-999,18.007167624990306
88,2017,0,0,0,-999,18.25149323718069
88,2018,0,0,0,-999,19.177891477678017
88,2019,0,0,0,-999,17.944068727569476
88,2020,0,1,0,-999,17.717914870837753
88,2021,0,1,0,-999,20.668533369274382
88,2022,0,1,0,-999,19.858513021012694
88,2023,0,1,0,-999,22.390528985933575
89,2016,0,0,0,-999,18.923595971847835
89,2017,0,0,0,-999,20.15855190850366
89,2018,0,0,0,-999,21.79130381004217
89,2019,0,0,0,-999,23.546690802465374
89,2020,0,1,0,-999,24.26806639860944
89,2021,0,1,0,-999,22.953838672260442
89,2022,0,1,0,-999,22.933581513887624
89,2023,0,1,0,-999,24.17229366534776
90,2016,0,0,0,-999,19.993350528262386
90,2017,0,0,0,-999,23.124754350349992
90,2018,0,0,0,-999,24.71825132247896
90,2019,0,0,0,-999,22.656935010046997
90,2020,0,1,0,-999,20.78564158417543
90,2021,0,1,0,-999,25.67939156058163
90,2022,0,1,0,-999,23.061630073916806
90,2023,0,1,0,-999,24.927484550774636
91,2016,0,0,0,-999,17.57954090927654
91,2017,0,0,0,-999,19.792225022945495
91,2018,0,0,0,-999,18.744305471155865
91,2019,0,0,0,-999,20.148712167767613
91,2020,0,1,0,-999,21.7348287094312
91,2021,0,1,0,-999,19.36402975378838
91,2022,0,1,0,-999,19.87626263878893
91,2023,0,1,0,-999,21.88968813645637
92,2016,0,0,0,-999,19.690575185701004
92,2017,0,0,0,-999,20.82647107092836
92,2018,0,0,0,-999,19.691527881494547
92,2019,0,0,0,-999,21.29205268143334
92,2020,0,1,0,-999,22.177409334687912
92,2021,0,1,0,-999,24.037365777708594
92,2022,0,1,0,-999,24.04087152060839
92,2023,0,1,0,-999,24.06661896694141
93,2016,0,0,0,-999,21.212858312660217
93,2017,0,0,0,-999,18.138649019903184
93,2018,0,0,0,-999,22.078374370880148
93,2019,0,0,0,-999,20.578508820223036
93,2020,0,1,0,-999,22.138402785591182
93,2021,0,1,0,-999,22.750306915534846
93,2022,0,1,0,-999,22.687796057146656
93,2023,0,1,0,-999,25.682491475202895
94,2016,0,0,0,-999,19.655070399566622
94,2017,0,0,0,-999,19.722788106522497
94,2018,0,0,0,-999,21.096620326037705
94,2019,0,0,0,-999,23.50904003997127
94,2020,0,1,0,-999,21.383612661714988
94,2021,0,1,0,-999,22.34400330970196
94,2022,0,1,0,-999,23.831536206645207
94,2023,0,1,0,-999,23.968714496504163
95,2016,0,0,0,-999,19.191405710142437
95,2017,0,0,0,-999,20.61989761039771
95,2018,0,0,0,-999,21.457115116307595
95,2019,0,0,0,-999,22.764097000536044
95,2020,0,1,0,-999,22.77376868526659
95,2021,0,1,0,-999,21.277268628374475
95,2022,0,1,0,-999,25.158775954334036
95,2023,0,1,0,-999,24.26500320552287
96,2016,0,0,0,-999,20.06716445337978
96,2017,0,0,0,-999,23.163544161433414
96,2018,0,0,0,-999,20.67188448365772
96,2019,0,0,0,-999,23.19419149267341
96,2020,0,1,0,-999,21.590422757510606
96,2021,0,1,0,-999,22.232979799165978
96,2022,0,1,0,-999,26.370128265930504
96,2023,0,1,0,-999,27.520900760339067
97,2016,0,0,0,-999,18.928301429276473
97,2017,0,0,0,-999,22.303221074465494
97,2018,0,0,0,-999,24.86619388519955
97,2019,0,0,0,-999,20.285710801888232
97,2020,0,1,0,-999,25.142010452449995
97,2021,0,1,0,-999,25.770599889888082
97,2022,0,1,0,-999,24.293915448430862
97,2023,0,1,0,-999,24.867018435558116
98,2016,0,0,0,-999,19.756206840535945
98,2017,0,0,0,-999,20.418011821744386
98,2018,0,0,0,-999,21.358528650795215
98,2019,0,0,0,-999,22.78346618219888
98,2020,0,1,0,-999,22.352728650979223
98,2021,0,1,0,-999,21.731412768883256
98,2022,0,1,0,-999,20.024850531246024
98,2023,0,1,0,-999,21.908959760545574
99,2016,0,0,0,-999,20.135224377873033
99,2017,0,0,0,-999,19.354532980296124
99,2018,0,0,0,-999,22.299973295765525
99,2019,0,0,0,-999,21.502845230243615
99,2020,0,1,0,-999,19.55933212440715
99,2021,0,1,0,-999,20.194640655198825
99,2022,0,1,0,-999,21.101606254101476
99,2023,0,1,0,-999,25.82686022581337
100,2016,0,0,0,-999,19.057449849525455
100,2017,0,0,0,-999,22.841276722672774
100,2018,0,0,0,-999,19.57945141083239
100,2019,0,0,0,-999,22.80977794931678
100,2020,0,1,0,-999,20.86273999726389
100,2021,0,1,0,-999,21.90806343676396
100,2022,0,1,0,-999,21.983522779451977
100,2023,0,1,0,-999,22.862999359634486
101,2016,0,0,0,-999,22.44235419199753
101,2017,0,0,0,-999,21.72435933215446
101,2018,0,0,0,-999,24.580349179368312
101,2019,0,0,0,-999,23.96341269361331
101,2020,0,1,0,-999,22.479646061359723
101,2021,0,1,0,-999,24.322323723339082
101,2022,0,1,0,-999,24.265982524414888
101,2023,0,1,0,-999,23.13307845635986
102,2016,0,0,0,-999,16.02157703586556
102,2017,0,0,0,-999,16.162330885827306
102,2018,0,0,0,-999,17.17840714946506
102,2019,0,0,0,-999,16.777404030114873
102,2020,0,1,0,-999,18.532749929614326
102,2021,0,1,0,-999,18.373150899935297
102,2022,0,1,0,-999,19.815144145011296
102,2023,0,1,0,-999,19.447751740219605
103,2016,0,0,0,-999,16.21531321389322
103,2017,0,0,0,-999,16.787112129342038
103,2018,0,0,0,-999,18.850846813075847
103,2019,0,0,0,-999,19.989065715276105
103,2020,0,1,0,-999,19.096149082660602
103,2021,0,1,0,-999,19.01210272631452
103,2022,0,1,0,-999,18.206216131453818
103,2023,0,1,0,-999,20.23119520941332
104,2016,0,0,0,-999,25.901353626766248
104,2017,0,0,0,-999,26.14242190267634
104,2018,0,0,0,-999,27.920703828877095
104,2019,0,0,0,-999,26.37815737995964
104,2020,0,1,0,-999,28.942050834064737
104,2021,0,1,0,-999,26.653664585093367
104,2022,0,1,0,-999,28.12836645538662
104,2023,0,1,0,-999,28.995515892847376
105,2016,0,0,0,-999,15.378907057981493
105,2017,0,0,0,-999,19.275427052974205
105,2018,0,0,0,-999,17.48490358742841
105,2019,0,0,0,-999,17.81783293823346
105,2020,0,1,0,-999,20.32404962604155
105,2021,0,1,0,-999,20.947636961831332
105,2022,0,1,0,-999,20.155813327665417
105,2023,0,1,0,-999,21.348180792951435
106,2016,0,0,0,-999,19.026229312882453
106,2017,0,0,0,-999,21.68566571864159
106,2018,0,0,0,-999,22.791446500087957
106,2019,0,0,0,-999,22.855895948183807
106,2020,0,1,0,-999,21.41126245038108
106,2021,0,1,0,-999,23.494405111559974
106,2022,0,1,0,-999,23.284318261948624
106,2023,0,1,0,-999,24.771025802527912
107,2016,0,0,0,-999,19.169874642922085
107,2017,0,0,0,-999,21.49248110958557
107,2018,0,0,0,-999,21.2378520904645
107,2019,0,0,0,-999,21.72359118680688
107,2020,0,1,0,-999,21.07381965829169
107,2021,0,1,0,-999,20.49319068025101
107,2022,0,1,0,-999,22.655650386391915
107,2023,0,1,0,-999,21.828922232409138
108,2016,0,0,0,-999,22.177063603013494
108,2017,0,0,0,-999,20.21500232721511
108,2018,0,0,0,-999,22.499481471426364
108,2019,0,0,0,-999,23.378149110873586
108,2020,0,1,0,-999,22.734977912572813
108,2021,0,1,0,-999,22.96041597898371
108,2022,0,1,0,-999,24.768674787334827
108,2023,0,1,0,-999,23.866969791454746
109,2016,0,0,0,-999,19.616753379877068
109,2017,0,0,0,-999,22.477063353529743
109,2018,0,0,0,-999,20.425507097084814
109,2019,0,0,0,-999,21.33203565980876
109,2020,0,1,0,-999,22.40313386114073
109,2021,0,1,0,-999,24.08126143024184
109,2022,0,1,0,-999,23.060836320486978
109,2023,0,1,0,-999,23.27339360283384
110,2016,0,0,0,-999,17.116880557998456
110,2017,0,0,0,-999,17.978757118578805
110,2018,0,0,0,-999,18.83429322769247
110,2019,0,0,0,-999,19.638550319904354
110,2020,0,1,0,-999,23.4238113790195
110,2021,0,1,0,-999,20.82007553531023
110,2022,0,1,0,-999,21.747658136843604
110,2023,0,1,0,-999,23.568457252101926
111,2016,0,0,0,-999,18.692521292145234
111,2017,0,0,0,-999,20.324257265629676
111,2018,0,0,0,-999,21.94549577753064
111,2019,0,0,0,-999,21.13195335464594
111,2020,0,1,0,-999,22.9643408947006
111,2021,0,1,0,-999,22.10079657581008
111,2022,0,1,0,-999,24.887609570874947
111,2023,0,1,0,-999,22.825145940298693
112,2016,0,0,0,-999,18.01031417873903
112,2017,0,0,0,-999,21.50892460465537
112,2018,0,0,0,-999,21.856161413218036
112,2019,0,0,0,-999,23.732797477521224
112,2020,0,1,0,-999,22.530234024073795
112,2021,0,1,0,-999,23.136265319216864
112,2022,0,1,0,-999,24.724507368357983
112,2023,0,1,0,-999,24.165963153489187
113,2016,0,0,0,-999,19.681171204487647
113,2017,0,0,0,-999,16.606478023893857
113,2018,0,0,0,-999,16.219871986805835
113,2019,0,0,0,-999,18.34912316425876
113,2020,0,1,0,-999,16.133525658379373
113,2021,0,1,0,-999,19.02169088849289
113,2022,0,1,0,-999,21.06328152072359
113,2023,0,1,0,-999,22.46320103085597
114,2016,0,0,0,-999,21.466745245008667
114,2017,0,0,0,-999,23.410757699416568
114,2018,0,0,0,-999,23.967010601629568
114,2019,0,0,0,-999,22.334983753943902
114,2020,0,1,0,-999,23.054633356814197
114,2021,0,1,0,-999,23.590081921673697
114,2022,0,1,0,-999,24.58279164883402
114,2023,0,1,0,-999,24.06384243577329
115,2016,0,0,0,-999,21.35308996854751
115,2017,0,0,0,-999,21.240758315778738
115,2018,0,0,0,-999,21.83061414370243
115,2019,0,0,0,-999,23.26622079247795
115,2020,0,1,0,-999,25.359571444105455
115,2021,0,1,0,-999,26.371599636137727
115,2022,0,1,0,-999,25.092026060093787
115,2023,0,1,0,-999,26.46223269686564
116,2016,0,0,0,-999,21.227121663433746
116,2017,0,0,0,-999,20.719767591705494
116,2018,0,0,0,-999,23.244027514119782
116,2019,0,0,0,-999,21.725339775680112
116,2020,0,1,0,-999,23.241007992945534
116,2021,0,1,0,-999,23.34291519044257
116,2022,0,1,0,-999,22.97011045449184
116,2023,0,1,0,-999,23.79369925976238
117,2016,0,0,0,-999,16.486946171057077
117,2017,0,0,0,-999,17.448876764217022
117,2018,0,0,0,-999,15.991458007120581
117,2019,0,0,0,-999,17.834132498713753
117,2020,0,1,0,-999,15.886663853507201
117,2021,0,1,0,-999,17.745107165667324
117,2022,0,1,0,-999,17.259734142216967
117,2023,0,1,0,-999,18.367223673995042
118,2016,0,0,0,-999,17.56197095310076
118,2017,0,0,0,-999,19.595752610348157
118,2018,0,0,0,-999,18.522932720473122
118,2019,0,0,0,-999,20.474506956601846
118,2020,0,1,0,-999,20.47123853102787
118,2021,0,1,0,-999,22.37331371277433
118,2022,0,1,0,-999,19.139019464676355
118,2023,0,1,0,-999,24.067640899807348
119,2016,0,0,0,-999,21.011548852707676
119,2017,0,0,0,-999,22.641000955543188
119,2018,0,0,0,-999,20.756880554971886
119,2019,0,0,0,-999,21.570334663267865
119,2020,0,1,0,-999,22.924023053607886
119,2021,0,1,0,-999,24.34967332368446
119,2022,0,1,0,-999,22.756850845911913
119,2023,0,1,0,-999,26.01029012753038
120,2016,0,0,0,-999,15.640892088265337
120,2017,0,0,0,-999,15.662375708528838
120,2018,0,0,0,-999,17.482971995155133
120,2019,0,0,0,-999,18.07026244111241
120,2020,0,1,0,-999,19.026667287099826
120,2021,0,1,0,-999,20.082921039613836
120,2022,0,1,0,-999,20.725345462675936
120,2023,0,1,0,-999,20.703585998713372
121,2016,1,0,0,-4,26.311946814044767
121,2017,1,0,0,-3,26.0727020612856
121,2018,1,0,0,-2,26.613860781842547
121,2019,1,0,0,-1,26.612210882715203
121,2020,1,1,1,0,31.061373072628257
121,2021,1,1,1,1,31.995821298835892
121,2022,1,1,1,2,31.70598256141691
121,2023,1,1,1,3,33.05966262040255
122,2016,1,0,0,-4,21.731912914687133
122,2017,1,0,0,-3,22.1206113156149
122,2018,1,0,0,-2,24.690721751002304
122,2019,1,0,0,-1,24.9726555080199
122,2020,1,1,1,0,30.593269019453686
122,2021,1,1,1,1,27.567530914490543
122,2022,1,1,1,2,32.17928046016249
122,2023,1,1,1,3,30.735855638566974
123,2016,1,0,0,-4,22.99148569609949
123,2017,1,0,0,-3,25.92325632041145
123,2018,1,0,0,-2,25.37187707099709
123,2019,1,0,0,-1,26.620914881173142
123,2020,1,1,1,0,32.048628770206605
123,2021,1,1,1,1,28.353291712578333
123,2022,1,1,1,2,29.59425753845483
123,2023,1,1,1,3,32.53451123344483
124,2016,1,0,0,-4,20.08022884676515
124,2017,1,0,0,-3,23.228805177089143
124,2018,1,0,0,-2,25.296035571873052
124,2019,1,0,0,-1,23.892344817783393
124,2020,1,1,1,0,27.13625425673396
124,2021,1,1,1,1,30.871820809105998
124,2022,1,1,1,2,32.36062692839171
124,2023,1,1,1,3,33.28464597103055
125,2016,1,0,0,-4,25.127871462915774
125,2017,1,0,0,-3,23.260587776103606
125,2018,1,0,0,-2,27.69049490825112
125,2019,1,0,0,-1,26.423072424764065
125,2020,1,1,1,0,30.263840781974658
125,2021,1,1,1,1,31.892216884614264
125,2022,1,1,1,2,32.59071867823921
125,2023,1,1,1,3,32.488942582401435
126,2016,1,0,0,-4,21.65431978482276
126,2017,1,0,0,-3,24.799460606273374
126,2018,1,0,0,-2,25.311128553949533
126,2019,1,0,0,-1,27.450488046637258
126,2020,1,1,1,0,30.258328434963506
126,2021,1,1,1,1,31.588361285861023
126,2022,1,1,1,2,31.09990524859439
126,2023,1,1,1,3,32.716483618525515
127,2016,1,0,0,-4,22.169720394108808
127,2017,1,0,0,-3,22.73109942855705
127,2018,1,0,0,-2,24.327003330860183
127,2019,1,0,0,-1,25.362203759261874
127,2020,1,1,1,0,28.97990118265718
127,2021,1,1,1,1,29.20091153817152
127,2022,1,1,1,2,28.426626504739193
127,2023,1,1,1,3,30.636388429540407
128,2016,1,0,0,-4,23.13325456200971
128,2017,1,0,0,-3,23.479588524363393
128,2018,1,0,0,-2,25.91765534330804
128,2019,1,0,0,-1,25.483883717428352
128,2020,1,1,1,0,32.39380590174575
128,2021,1,1,1,1,29.203378112468773
128,2022,1,1,1,2,31.2845086404067
128,2023,1,1,1,3,36.199648417029756
129,2016,1,0,0,-4,21.303671646264696
129,2017,1,0,0,-3,20.999173252026843
129,2018,1,0,0,-2,24.781083558639843
129,2019,1,0,0,-1,23.306410234648677
129,2020,1,1,1,0,28.02062576875931
129,2021,1,1,1,1,29.425391679455487
129,2022,1,1,1,2,27.635309814751494
129,2023,1,1,1,3,31.065527413928546
130,2016,1,0,0,-4,20.280123755729665
130,2017,1,0,0,-3,22.728835285025365
130,2018,1,0,0,-2,23.112647081640763
130,2019,1,0,0,-1,24.728268898388478
130,2020,1,1,1,0,28.918698506890472
130,2021,1,1,1,1,30.58589852340278
130,2022,1,1,1,2,29.917366278845293
130,2023,1,1,1,3,31.627887692211555
131,2016,1,0,0,-4,22.37128655963687
131,2017,1,0,0,-3,24.45179878490161
131,2018,1,0,0,-2,24.834505010484847
131,2019,1,0,0,-1,25.513757553479092
131,2020,1,1,1,0,29.615947980336475
131,2021,1,1,1,1,28.396932117531556
131,2022,1,1,1,2,29.893618536179805
131,2023,1,1,1,3,32.76158197040499
132,2016,1,0,0,-4,16.880875073923665
132,2017,1,0,0,-3,19.531919414619935
132,2018,1,0,0,-2,20.64872775438136
132,2019,1,0,0,-1,22.044312109549587
132,2020,1,1,1,0,25.156482762141884
132,2021,1,1,1,1,25.573682699874485
132,2022,1,1,1,2,27.36853462539929
132,2023,1,1,1,3,27.453408877403696
133,2016,1,0,0,-4,24.74297539883424
133,2017,1,0,0,-3,25.867051935419298
133,2018,1,0,0,-2,28.580001449525355
133,2019,1,0,0,-1,25.08098364101407
133,2020,1,1,1,0,33.18380075253518
133,2021,1,1,1,1,31.450498169525325
133,2022,1,1,1,2,30.633074425198828
133,2023,1,1,1,3,33.30927127200674
134,2016,1,0,0,-4,22.814377772802807
134,2017,1,0,0,-3,22.50627782720983
134,2018,1,0,0,-2,24.81377391137626
134,2019,1,0,0,-1,27.354132977905415
134,2020,1,1,1,0,30.903931050576688
134,2021,1,1,1,1,31.242157666654336
134,2022,1,1,1,2,30.206446866536137
134,2023,1,1,1,3,33.06065129858718
135,2016,1,0,0,-4,19.34909928301305
135,2017,1,0,0,-3,20.978867524987322
135,2018,1,0,0,-2,22.296335332272562
135,2019,1,0,0,-1,25.819698385698715
135,2020,1,1,1,0,25.94517178427947
135,2021,1,1,1,1,26.42466597461465
135,2022,1,1,1,2,26.84597380523848
135,2023,1,1,1,3,31.911590049675873
136,2016,1,0,0,-4,20.233889158324477
136,2017,1,0,0,-3,19.76523153616889
136,2018,1,0,0,-2,22.723286854716413
136,2019,1,0,0,-1,24.34501143155319
136,2020,1,1,1,0,28.85155024004631
136,2021,1,1,1,1,27.979813002662393
136,2022,1,1,1,2,29.85941972418488
136,2023,1,1,1,3,30.89605889844913
137,2016,1,0,0,-4,23.06064384583599
137,2017,1,0,0,-3,24.825448326568292
137,2018,1,0,0,-2,25.242687277525942
137,2019,1,0,0,-1,27.84394680740679
137,2020,1,1,1,0,30.570619680965702
137,2021,1,1,1,1,32.99707921882296
137,2022,1,1,1,2,32.788845428235625
137,2023,1,1,1,3,31.556613154029446
138,2016,1,0,0,-4,20.696096601999223
138,2017,1,0,0,-3,22.164002546137166
138,2018,1,0,0,-2,24.445530396977954
138,2019,1,0,0,-1,23.690772787020084
138,2020,1,1,1,0,28.150496969151202
138,2021,1,1,1,1,30.702099571903066
138,2022,1,1,1,2,31.708562361925292
138,2023,1,1,1,3,30.529934460186706
139,2016,1,0,0,-4,17.046762231387483
139,2017,1,0,0,-3,19.643236813925885
139,2018,1,0,0,-2,20.96808954986394
139,2019,1,0,0,-1,24.320432210257053
139,2020,1,1,1,0,24.116381825829567
139,2021,1,1,1,1,24.69386348138726
139,2022,1,1,1,2,25.50388636435383
139,2023,1,1,1,3,27.00291252039551
140,2016,1,0,0,-4,20.54909182172836
140,2017,1,0,0,-3,23.704997951791576
140,2018,1,0,0,-2,24.742091639748345
140,2019,1,0,0,-1,23.674364039698748
140,2020,1,1,1,0,28.032489947772806
140,2021,1,1,1,1,28.998022046434205
140,2022,1,1,1,2,29.933592721941523
140,2023,1,1,1,3,30.759407673369783
141,2016,1,0,0,-4,25.865157026149305
141,2017,1,0,0,-3,26.250861733980845
141,2018,1,0,0,-2,26.529979759707413
141,2019,1,0,0,-1,27.441124054701564
141,2020,1,1,1,0,31.22980445512189
141,2021,1,1,1,1,30.879417345069825
141,2022,1,1,1,2,34.329978469459306
141,2023,1,1,1,3,33.7451843132064
142,2016,1,0,0,-4,21.775468155859997
142,2017,1,0,0,-3,22.695298165348934
142,2018,1,0,0,-2,22.581036768736443
142,2019,1,0,0,-1,23.076796189942474
142,2020,1,1,1,0,28.929426741533863
142,2021,1,1,1,1,28.944427915362574
142,2022,1,1,1,2,29.690891843704367
142,2023,1,1,1,3,31.42427773554712
143,2016,1,0,0,-4,25.080593030368814
143,2017,1,0,0,-3,25.49610873464846
143,2018,1,0,0,-2,29.491263675835533
143,2019,1,0,0,-1,28.299772375122934
143,2020,1,1,1,0,31.18986360964449
143,2021,1,1,1,1,31.59010768227054
143,2022,1,1,1,2,34.917443236345335
143,2023,1,1,1,3,33.21971955365649
144,2016,1,0,0,-4,19.8116567604577
144,2017,1,0,0,-3,21.211602305671363
144,2018,1,0,0,-2,22.117666243688724
144,2019,1,0,0,-1,24.194727230366546
144,2020,1,1,1,0,28.059416697261295
144,2021,1,1,1,1,25.768004525994048
144,2022,1,1,1,2,28.909430112650014
144,2023,1,1,1,3,31.02231362621678
145,2016,1,0,0,-4,22.032177005217346
145,2017,1,0,0,-3,23.057556341813708
145,2018,1,0,0,-2,24.969249807333444
145,2019,1,0,0,-1,25.318560644654646
145,2020,1,1,1,0,29.431253610287005
145,2021,1,1,1,1,28.301205202113962
145,2022,1,1,1,2,31.56168192921552
145,2023,1,1,1,3,31.25776006386195
146,2016,1,0,0,-4,25.76806975415598
146,2017,1,0,0,-3,26.220011076386267
146,2018,1,0,0,-2,27.608689200765106
146,2019,1,0,0,-1,28.70245404651525
146,2020,1,1,1,0,32.133392536366884
146,2021,1,1,1,1,30.891291471111934
146,2022,1,1,1,2,34.77239276582042
146,2023,1,1,1,3,33.86654701729098
147,2016,1,0,0,-4,24.080327915609075
147,2017,1,0,0,-3,27.086451529608787
147,2018,1,0,0,-2,26.02385419258613
147,2019,1,0,0,-1,26.99476938451249
147,2020,1,1,1,0,32.77644911480859
147,2021,1,1,1,1,31.093843525858276
147,2022,1,1,1,2,33.12209124638938
147,2023,1,1,1,3,34.484735678608544
148,2016,1,0,0,-4,26.561189813427927
148,2017,1,0,0,-3,25.537202990852094
148,2018,1,0,0,-2,27.29084854147856
148,2019,1,0,0,-1,27.009628664923778
148,2020,1,1,1,0,31.420390121302916
148,2021,1,1,1,1,31.467709583960303
148,2022,1,1,1,2,33.26659057661072
148,2023,1,1,1,3,32.339117563071596
149,2016,1,0,0,-4,20.00391322590522
149,2017,1,0,0,-3,20.204504411488795
149,2018,1,0,0,-2,21.524040040941795
149,2019,1,0,0,-1,21.233112117713294
149,2020,1,1,1,0,25.854977975360924
149,2021,1,1,1,1,24.55909224660698
149,2022,1,1,1,2,27.951407606463295
149,2023,1,1,1,3,28.660369272476693
150,2016,1,0,0,-4,22.25010182723494
150,2017,1,0,0,-3,21.361724497233837
150,2018,1,0,0,-2,22.286995479536365
150,2019,1,0,0,-1,22.33463017462299
150,2020,1,1,1,0,25.43643451901218
150,2021,1,1,1,1,27.071711118932473
150,2022,1,1,1,2,26.554315244210564
150,2023,1,1,1,3,28.583710947451294
151,2016,1,0,0,-4,20.63027924151147
151,2017,1,0,0,-3,25.369303913934505
151,2018,1,0,0,-2,23.702369000117077
151,2019,1,0,0,-1,26.81173777463651
151,2020,1,1,1,0,28.102928316476667
151,2021,1,1,1,1,29.640085159995262
151,2022,1,1,1,2,28.893462234374997
151,2023,1,1,1,3,29.865309202907348
152,2016,1,0,0,-4,26.78622346687593
152,2017,1,0,0,-3,28.01296265835707
152,2018,1,0,0,-2,30.901572924787555
152,2019,1,0,0,-1,30.56237024096888
152,2020,1,1,1,0,33.198537307599054
152,2021,1,1,1,1,34.820353728912345
152,2022,1,1,1,2,33.39086790139164
152,2023,1,1,1,3,34.019291857119
153,2016,1,0,0,-4,26.714523789918466
153,2017,1,0,0,-3,30.295067689144012
153,2018,1,0,0,-2,29.93738106369128
153,2019,1,0,0,-1,29.730632861153346
153,2020,1,1,1,0,33.488442548579414
153,2021,1,1,1,1,32.373855515266825
153,2022,1,1,1,2,36.16086116420916
153,2023,1,1,1,3,36.111428604913016
154,2016,1,0,0,-4,23.167413411586207
154,2017,1,0,0,-3,26.863101408963548
154,2018,1,0,0,-2,26.87983631421667
154,2019,1,0,0,-1,30.01943051306608
154,2020,1,1,1,0,31.67755966497221
154,2021,1,1,1,1,31.51274935956747
154,2022,1,1,1,2,34.806187821996744
154,2023,1,1,1,3,34.22396714241582
155,2016,1,0,0,-4,21.304095388511467
155,2017,1,0,0,-3,25.56144806924303
155,2018,1,0,0,-2,25.746200431317476
155,2019,1,0,0,-1,26.516809133210177
155,2020,1,1,1,0,32.9347185273696
155,2021,1,1,1,1,31.188465822763906
155,2022,1,1,1,2,33.070936092145146
155,2023,1,1,1,3,31.503671229320656
156,2016,1,0,0,-4,26.91499834691933
156,2017,1,0,0,-3,28.66119321660589
156,2018,1,0,0,-2,25.871586023596716
156,2019,1,0,0,-1,27.415265018666634
156,2020,1,1,1,0,33.88534624374423
156,2021,1,1,1,1,33.898658307054
156,2022,1,1,1,2,36.00500341801427
156,2023,1,1,1,3,36.833156124859904
157,2016,1,0,0,-4,25.573573073869742
157,2017,1,0,0,-3,24.281178349840385
157,2018,1,0,0,-2,28.817602732761806
157,2019,1,0,0,-1,28.086063939798038
157,2020,1,1,1,0,31.618579860778105
157,2021,1,1,1,1,32.47858092748737
157,2022,1,1,1,2,35.13375169446404
157,2023,1,1,1,3,34.25731354896972
158,2016,1,0,0,-4,21.237542983317887
158,2017,1,0,0,-3,23.24894754076796
158,2018,1,0,0,-2,25.80793208596719
158,2019,1,0,0,-1,24.16202376115549
158,2020,1,1,1,0,29.383325117901503
158,2021,1,1,1,1,29.018209015135554
158,2022,1,1,1,2,28.723463290877085
158,2023,1,1,1,3,29.99126665826371
159,2016,1,0,0,-4,23.70796788633032
159,2017,1,0,0,-3,23.820075455811374
159,2018,1,0,0,-2,24.35452422331988
159,2019,1,0,0,-1,24.578116960841292
159,2020,1,1,1,0,31.146844592724698
159,2021,1,1,1,1,28.26076152144237
159,2022,1,1,1,2,32.113227049190954
159,2023,1,1,1,3,34.266270417602286
160,2016,1,0,0,-4,23.49559164024933
160,2017,1,0,0,-3,21.733723025647805
160,2018,1,0,0,-2,22.63447665926547
160,2019,1,0,0,-1,22.105679225700296
160,2020,1,1,1,0,27.327468996977014
160,2021,1,1,1,1,27.91327711854671
160,2022,1,1,1,2,29.03093941782697
160,2023,1,1,1,3,31.441643375521927
161,2016,1,0,0,-4,23.086061317045218
161,2017,1,0,0,-3,24.319652470957706
161,2018,1,0,0,-2,23.823440691989834
161,2019,1,0,0,-1,24.94108256426111
161,2020,1,1,1,0,28.028796988978293
161,2021,1,1,1,1,30.381300710876303
161,2022,1,1,1,2,31.78375906169853
161,2023,1,1,1,3,30.67143104446288
162,2016,1,0,0,-4,21.577623957926274
162,2017,1,0,0,-3,25.498919378219068
162,2018,1,0,0,-2,24.9412399225866
162,2019,1,0,0,-1,25.537552554144007
162,2020,1,1,1,0,27.100553116199315
162,2021,1,1,1,1,31.22546782111831
162,2022,1,1,1,2,29.575406483009484
162,2023,1,1,1,3,33.1899755634921
163,2016,1,0,0,-4,21.044972695004592
163,2017,1,0,0,-3,19.567275577890932
163,2018,1,0,0,-2,23.33709788765413
163,2019,1,0,0,-1,23.374572978665253
163,2020,1,1,1,0,27.136618738327147
163,2021,1,1,1,1,30.001141372680507
163,2022,1,1,1,2,29.470314701952695
163,2023,1,1,1,3,30.021170249820425
164,2016,1,0,0,-4,24.230057035997774
164,2017,1,0,0,-3,23.724917152093614
164,2018,1,0,0,-2,28.079723280005897
164,2019,1,0,0,-1,24.52075737930281
164,2020,1,1,1,0,31.632889674873567
164,2021,1,1,1,1,31.14015368529195
164,2022,1,1,1,2,30.382385199193564
164,2023,1,1,1,3,32.18686816240405
165,2016,1,0,0,-4,24.164481480550876
165,2017,1,0,0,-3,22.893011537776346
165,2018,1,0,0,-2,23.711994303165937
165,2019,1,0,0,-1,28.86880510305889
165,2020,1,1,1,0,30.762339969831054
165,2021,1,1,1,1,29.546084558280228
165,2022,1,1,1,2,29.81622720089115
165,2023,1,1,1,3,29.22556451470784
166,2016,1,0,0,-4,21.26526635015037
166,2017,1,0,0,-3,26.24588303486679
166,2018,1,0,0,-2,22.711728791971936
166,2019,1,0,0,-1,25.653804534803367
166,2020,1,1,1,0,31.341778086580103
166,2021,1,1,1,1,29.24658154331528
166,2022,1,1,1,2,29.866632661427822
166,2023,1,1,1,3,33.525935586344715
167,2016,1,0,0,-4,22.083179819131026
167,2017,1,0,0,-3,20.737061693253718
167,2018,1,0,0,-2,23.86099728171357
167,2019,1,0,0,-1,24.681973545082727
167,2020,1,1,1,0,28.789652825332084
167,2021,1,1,1,1,30.57700305163271
167,2022,1,1,1,2,28.368818574508467
167,2023,1,1,1,3,28.39807631150866
168,2016,1,0,0,-4,25.258379249715407
168,2017,1,0,0,-3,23.723509022024526
168,2018,1,0,0,-2,25.054138624709715
168,2019,1,0,0,-1,23.692122767562072
168,2020,1,1,1,0,27.787904404412206
168,2021,1,1,1,1,29.5832155097144
168,2022,1,1,1,2,29.02732021493256
168,2023,1,1,1,3,31.90181280932077
169,2016,1,0,0,-4,20.615910718210703
169,2017,1,0,0,-3,22.380471923255577
169,2018,1,0,0,-2,21.866876167261324
169,2019,1,0,0,-1,26.751965293025492
169,2020,1,1,1,0,30.93856827198001
169,2021,1,1,1,1,27.18604696113927
169,2022,1,1,1,2,31.89883001404513
169,2023,1,1,1,3,29.922428598836394
170,2016,1,0,0,-4,20.816345139145877
170,2017,1,0,0,-3,21.991720768541942
170,2018,1,0,0,-2,24.797059985484303
170,2019,1,0,0,-1,25.46085395366911
170,2020,1,1,1,0,26.672410884095285
170,2021,1,1,1,1,28.632338769164214
170,2022,1,1,1,2,31.54255522997056
170,2023,1,1,1,3,31.053735804737283
171,2016,1,0,0,-4,22.304477327523628
171,2017,1,0,0,-3,22.871345290151233
171,2018,1,0,0,-2,24.897701458571078
171,2019,1,0,0,-1,23.343892179734627
171,2020,1,1,1,0,28.19374286195397
171,2021,1,1,1,1,28.36423121369636
171,2022,1,1,1,2,30.076076820497285
171,2023,1,1,1,3,29.05910337453817
172,2016,1,0,0,-4,23.177543797918517
172,2017,1,0,0,-3,24.76041598657857
172,2018,1,0,0,-2,26.672921031072505
172,2019,1,0,0,-1,27.58233780630301
172,2020,1,1,1,0,28.57390294582437
172,2021,1,1,1,1,32.41356979967865
172,2022,1,1,1,2,31.25123769888604
172,2023,1,1,1,3,33.63344685706626
173,2016,1,0,0,-4,22.414458349605248
173,2017,1,0,0,-3,21.711715347961498
173,2018,1,0,0,-2,23.022346790026308
173,2019,1,0,0,-1,23.23256345973954
173,2020,1,1,1,0,25.42991443970455
173,2021,1,1,1,1,27.30002623408593
173,2022,1,1,1,2,28.053624691678127
173,2023,1,1,1,3,29.432640140111236
174,2016,1,0,0,-4,22.068150610092317
174,2017,1,0,0,-3,21.62296629199973
174,2018,1,0,0,-2,25.79171068878287
174,2019,1,0,0,-1,25.71439288157481
174,2020,1,1,1,0,29.0311324543602
174,2021,1,1,1,1,31.006247365958828
174,2022,1,1,1,2,29.236372920750462
174,2023,1,1,1,3,31.88973924159502
175,2016,1,0,0,-4,24.190858461235347
175,2017,1,0,0,-3,27.229119030357566
175,2018,1,0,0,-2,24.87335041737119
175,2019,1,0,0,-1,29.09648405799665
175,2020,1,1,1,0,31.474936108011313
175,2021,1,1,1,1,33.51065418143044
175,2022,1,1,1,2,34.504175084270685
175,2023,1,1,1,3,33.540454557328694
176,2016,1,0,0,-4,17.583438160669093
176,2017,1,0,0,-3,19.988360717078574
176,2018,1,0,0,-2,22.788470907941594
176,2019,1,0,0,-1,23.769225895213285
176,2020,1,1,1,0,26.557911379774424
176,2021,1,1,1,1,28.643728557781806
176,2022,1,1,1,2,27.59646725415155
176,2023,1,1,1,3,28.17758813881481
177,2016,1,0,0,-4,20.00968080297319
177,2017,1,0,0,-3,21.55563955274921
177,2018,1,0,0,-2,25.622116121151482
177,2019,1,0,0,-1,24.354740093255028
177,2020,1,1,1,0,28.224833547760472
177,2021,1,1,1,1,30.282223349216316
177,2022,1,1,1,2,30.9515369175531
177,2023,1,1,1,3,29.75162538521361
178,2016,1,0,0,-4,24.716096949906877
178,2017,1,0,0,-3,24.322910331314507
178,2018,1,0,0,-2,28.031917555442142
178,2019,1,0,0,-1,28.939525669795508
178,2020,1,1,1,0,28.501672383420594
178,2021,1,1,1,1,33.24832328524798
178,2022,1,1,1,2,32.6064876721077
178,2023,1,1,1,3,34.35443157579557
179,2016,1,0,0,-4,22.645397952612345
179,2017,1,0,0,-3,24.75213308742396
179,2018,1,0,0,-2,26.953184349256237
179,2019,1,0,0,-1,28.063745064248494
179,2020,1,1,1,0,31.03759715686599
179,2021,1,1,1,1,31.286466918507088
179,2022,1,1,1,2,33.69200093208295
179,2023,1,1,1,3,34.04274441067514
180,2016,1,0,0,-4,22.232284105182107
180,2017,1,0,0,-3,24.22173998396729
180,2018,1,0,0,-2,24.816779218179477
180,2019,1,0,0,-1,25.826892137684954
180,2020,1,1,1,0,30.34734916058317
180,2021,1,1,1,1,31.419158554002223
180,2022,1,1,1,2,34.38355478035251
180,2023,1,1,1,3,31.824199676378974
181,2016,1,0,0,-4,23.686660974474663
181,2017,1,0,0,-3,25.90001526062671
181,2018,1,0,0,-2,28.086470038110214
181,2019,1,0,0,-1,27.225855925190732
181,2020,1,1,1,0,31.42706933818661
181,2021,1,1,1,1,34.15269691209657
181,2022,1,1,1,2,33.823001996137236
181,2023,1,1,1,3,35.210236858309294
182,2016,1,0,0,-4,20.29368412188302
182,2017,1,0,0,-3,19.670163036663457
182,2018,1,0,0,-2,20.51021984146236
182,2019,1,0,0,-1,20.59879713765455
182,2020,1,1,1,0,24.637662759389933
182,2021,1,1,1,1,22.851333929293155
182,2022,1,1,1,2,26.61994363497921
182,2023,1,1,1,3,26.952724040374665
183,2016,1,0,0,-4,23.382946862401013
183,2017,1,0,0,-3,26.50656512005028
183,2018,1,0,0,-2,26.362289089571902
183,2019,1,0,0,-1,25.349380892285193
183,2020,1,1,1,0,30.405716011324905
183,2021,1,1,1,1,31.484493723074916
183,2022,1,1,1,2,33.387656968878375
183,2023,1,1,1,3,32.72014391497182
184,2016,1,0,0,-4,23.204349529474563
184,2017,1,0,0,-3,26.88235391282985
184,2018,1,0,0,-2,26.080185067755618
184,2019,1,0,0,-1,29.251503366028135
184,2020,1,1,1,0,31.98991194019934
184,2021,1,1,1,1,32.46795894877404
184,2022,1,1,1,2,34.41274561423471
184,2023,1,1,1,3,34.151046323236784
185,2016,1,0,0,-4,23.438880696740785
185,2017,1,0,0,-3,25.98673366224725
185,2018,1,0,0,-2,25.899679272088584
185,2019,1,0,0,-1,29.079852501669684
185,2020,1,1,1,0,31.61978174492309
185,2021,1,1,1,1,34.17337739023472
185,2022,1,1,1,2,33.06823553228428
185,2023,1,1,1,3,36.1015392809218
186,2016,1,0,0,-4,21.502511379702852
186,2017,1,0,0,-3,24.48019046519184
186,2018,1,0,0,-2,25.11040330570441
186,2019,1,0,0,-1,25.893977232631414
186,2020,1,1,1,0,30.053318760111775
186,2021,1,1,1,1,30.071241420198895
186,2022,1,1,1,2,31.574019053462322
186,2023,1,1,1,3,32.819534990852695
187,2016,1,0,0,-4,21.58399562633183
187,2017,1,0,0,-3,23.484571883291835
187,2018,1,0,0,-2,22.972799494233076
187,2019,1,0,0,-1,22.627577271211337
187,2020,1,1,1,0,27.813539258815148
187,2021,1,1,1,1,28.52606726223108
187,2022,1,1,1,2,29.16116427551154
187,2023,1,1,1,3,29.063555876542864
188,2016,1,0,0,-4,21.05828653226971
188,2017,1,0,0,-3,20.27944945899995
188,2018,1,0,0,-2,25.52013440878528
188,2019,1,0,0,-1,25.477555426255478
188,2020,1,1,1,0,28.032832484742862
188,2021,1,1,1,1,30.201125060283506
188,2022,1,1,1,2,30.308806337758824
188,2023,1,1,1,3,32.6937192601856
189,2016,1,0,0,-4,21.664732892126516
189,2017,1,0,0,-3,23.869560056095523
189,2018,1,0,0,-2,24.424205084363354
189,2019,1,0,0,-1,24.181761457229054
189,2020,1,1,1,0,28.401870060902326
189,2021,1,1,1,1,29.192563312283657
189,2022,1,1,1,2,28.514134953928057
189,2023,1,1,1,3,29.655598961002806
190,2016,1,0,0,-4,22.76247961209594
190,2017,1,0,0,-3,23.254796901997334
190,2018,1,0,0,-2,27.05761013825784
190,2019,1,0,0,-1,25.992057533016744
190,2020,1,1,1,0,30.09065667852815
190,2021,1,1,1,1,30.493521030829147
190,2022,1,1,1,2,31.730232315022686
190,2023,1,1,1,3,32.255091361657456
191,2016,1,0,0,-4,22.571373823551305
191,2017,1,0,0,-3,21.551330320215907
191,2018,1,0,0,-2,23.696291444508393
191,2019,1,0,0,-1,25.536737615863494
191,2020,1,1,1,0,26.92458196565772
191,2021,1,1,1,1,31.55123903344623
191,2022,1,1,1,2,29.947088371977046
191,2023,1,1,1,3,33.22268734989477
192,2016,1,0,0,-4,24.33001834567439
192,2017,1,0,0,-3,23.787570126489232
192,2018,1,0,0,-2,24.69350256877335
192,2019,1,0,0,-1,25.00971465544777
192,2020,1,1,1,0,30.07591062659302
192,2021,1,1,1,1,30.97493713065791
192,2022,1,1,1,2,27.73972402186388
192,2023,1,1,1,3,32.800544880113605
193,2016,1,0,0,-4,22.28293260883612
193,2017,1,0,0,-3,20.81672889119441
193,2018,1,0,0,-2,23.965675735174994
193,2019,1,0,0,-1,24.944815252998048
193,2020,1,1,1,0,27.02414117496576
193,2021,1,1,1,1,25.98193239068799
193,2022,1,1,1,2,28.289169684362296
193,2023,1,1,1,3,32.523045303436604
194,2016,1,0,0,-4,21.06365085315711
194,2017,1,0,0,-3,23.781250119305238
194,2018,1,0,0,-2,23.770753528710113
194,2019,1,0,0,-1,24.328404499504295
194,2020,1,1,1,0,27.381329646004353
194,2021,1,1,1,1,29.02248772451585
194,2022,1,1,1,2,28.054924534493964
194,2023,1,1,1,3,32.17888089937508
195,2016,1,0,0,-4,24.844112129072027
195,2017,1,0,0,-3,26.2844276986783
195,2018,1,0,0,-2,26.530080645334703
195,2019,1,0,0,-1,27.474350172500014
195,2020,1,1,1,0,30.307307867797583
195,2021,1,1,1,1,29.4116783299019
195,2022,1,1,1,2,31.662101123593185
195,2023,1,1,1,3,33.47383380775086
196,2016,1,0,0,-4,22.717419606819572
196,2017,1,0,0,-3,22.84516393331798
196,2018,1,0,0,-2,22.667926477497083
196,2019,1,0,0,-1,25.09281135627079
196,2020,1,1,1,0,29.68508860893176
196,2021,1,1,1,1,29.808184596608978
196,2022,1,1,1,2,28.971254256573925
196,2023,1,1,1,3,30.256425486849388
197,2016,1,0,0,-4,24.390024825240356
197,2017,1,0,0,-3,21.93367069986926
197,2018,1,0,0,-2,25.192807912175176
197,2019,1,0,0,-1,26.99334062243654
197,2020,1,1,1,0,29.33935146734369
197,2021,1,1,1,1,29.773141118712495
197,2022,1,1,1,2,30.891224413049503
197,2023,1,1,1,3,31.196020373828954
198,2016,1,0,0,-4,26.5384797683422
198,2017,1,0,0,-3,24.708982681878478
198,2018,1,0,0,-2,26.313657344991586
198,2019,1,0,0,-1,26.619815891350246
198,2020,1,1,1,0,30.546567036611027
198,2021,1,1,1,1,31.10942244311735
198,2022,1,1,1,2,33.92570252796844
198,2023,1,1,1,3,32.216031127937185
199,2016,1,0,0,-4,22.261975100432586
199,2017,1,0,0,-3,23.421596840063334
199,2018,1,0,0,-2,23.27694222659298
199,2019,1,0,0,-1,26.00854979129627
199,2020,1,1,1,0,28.026655284481063
199,2021,1,1,1,1,29.725326573650236
199,2022,1,1,1,2,30.73105167701196
199,2023,1,1,1,3,34.810337113591586
200,2016,1,0,0,-4,23.80121101912252
200,2017,1,0,0,-3,23.97840556551083
200,2018,1,0,0,-2,25.53158774433799
200,2019,1,0,0,-1,28.426339564383216
200,2020,1,1,1,0,31.31192962619213
200,2021,1,1,1,1,33.13289190117452
200,2022,1,1,1,2,32.00403535560286
200,2023,1,1,1,3,33.01143314822575
201,2016,1,0,0,-4,22.8656506923525
201,2017,1,0,0,-3,23.5118668785654
201,2018,1,0,0,-2,23.32840186957702
201,2019,1,0,0,-1,24.73328256704964
201,2020,1,1,1,0,28.578201268156707
201,2021,1,1,1,1,31.452833140801733
201,2022,1,1,1,2,31.051193717341043
201,2023,1,1,1,3,32.795079919125385
202,2016,1,0,0,-4,24.647682202825877
202,2017,1,0,0,-3,27.157059454903493
202,2018,1,0,0,-2,29.03255674855617
202,2019,1,0,0,-1,26.943734621260784
202,2020,1,1,1,0,30.040849086722297
202,2021,1,1,1,1,29.127011886934504
202,2022,1,1,1,2,31.480888234854746
202,2023,1,1,1,3,33.58188239297819
203,2016,1,0,0,-4,23.410597966038882
203,2017,1,0,0,-3,21.903098557451756
203,2018,1,0,0,-2,23.828262290493747
203,2019,1,0,0,-1,24.368961248939506
203,2020,1,1,1,0,28.71283678066959
203,2021,1,1,1,1,30.76946679318993
203,2022,1,1,1,2,29.258467757892237
203,2023,1,1,1,3,34.870787039224865
204,2016,1,0,0,-4,20.30690687267481
204,2017,1,0,0,-3,21.522706846468413
204,2018,1,0,0,-2,23.722342032424926
204,2019,1,0,0,-1,25.846103135442444
204,2020,1,1,1,0,25.451216532173525
204,2021,1,1,1,1,29.870935567565034
204,2022,1,1,1,2,30.35336200856261
204,2023,1,1,1,3,31.05000760350961
205,2016,1,0,0,-4,25.40631486182065
205,2017,1,0,0,-3,28.419306544866288
205,2018,1,0,0,-2,28.541976972687728
205,2019,1,0,0,-1,29.583447159470698
205,2020,1,1,1,0,31.928354798708025
205,2021,1,1,1,1,32.51763138656736
205,2022,1,1,1,2,34.36147217907383
205,2023,1,1,1,3,35.27265047676794
206,2016,1,0,0,-4,22.9007628763469
206,2017,1,0,0,-3,22.844570132540635
206,2018,1,0,0,-2,23.955726556050166
206,2019,1,0,0,-1,23.555832948560628
206,2020,1,1,1,0,29.17443634387703
206,2021,1,1,1,1,29.884889799789843
206,2022,1,1,1,2,31.53882149234201
206,2023,1,1,1,3,30.808115507959364
207,2016,1,0,0,-4,19.603320179149115
207,2017,1,0,0,-3,21.75135040149113
207,2018,1,0,0,-2,23.174600813288396
207,2019,1,0,0,-1,24.315296034697493
207,2020,1,1,1,0,26.48247822213249
207,2021,1,1,1,1,30.955003835986343
207,2022,1,1,1,2,27.58526048973611
207,2023,1,1,1,3,30.46698862141437
208,2016,1,0,0,-4,26.163779826286905
208,2017,1,0,0,-3,27.405565601909146
208,2018,1,0,0,-2,28.411983344824783
208,2019,1,0,0,-1,27.663706765626436
208,2020,1,1,1,0,33.09733732719908
208,2021,1,1,1,1,34.23812376985401
208,2022,1,1,1,2,35.998550636727735
208,2023,1,1,1,3,33.026250354860956
209,2016,1,0,0,-4,21.37622235119214
209,2017,1,0,0,-3,25.602750772525717
209,2018,1,0,0,-2,22.688736562230133
209,2019,1,0,0,-1,23.146787346638682
209,2020,1,1,1,0,26.315018404384375
209,2021,1,1,1,1,29.875226341664106
209,2022,1,1,1,2,28.88255836510116
209,2023,1,1,1,3,30.97394413645473
210,2016,1,0,0,-4,23.045591990649598
210,2017,1,0,0,-3,20.8517286840893
210,2018,1,0,0,-2,22.248462866005504
210,2019,1,0,0,-1,24.669132263627148
210,2020,1,1,1,0,27.010368278994946
210,2021,1,1,1,1,29.065655176482185
210,2022,1,1,1,2,27.199717726331816
210,2023,1,1,1,3,29.82365868618605
211,2016,1,0,0,-4,23.870513058935554
211,2017,1,0,0,-3,26.04789973792206
211,2018,1,0,0,-2,29.181674052665368
211,2019,1,0,0,-1,27.59846180393553
211,2020,1,1,1,0,31.691936094807303
211,2021,1,1,1,1,35.89421138541736
211,2022,1,1,1,2,33.19701718968956
211,2023,1,1,1,3,35.49854440936159
212,2016,1,0,0,-4,24.167894712859137
212,2017,1,0,0,-3,26.5740882233765
212,2018,1,0,0,-2,29.914131914903592
212,2019,1,0,0,-1,25.438423492492294
212,2020,1,1,1,0,27.963356961357544
212,2021,1,1,1,1,30.756316616345533
212,2022,1,1,1,2,29.67471239355169
212,2023,1,1,1,3,31.67182336782287
213,2016,1,0,0,-4,19.65934621033298
213,2017,1,0,0,-3,19.32639000740945
213,2018,1,0,0,-2,19.423163988837395
213,2019,1,0,0,-1,21.85873075769488
213,2020,1,1,1,0,28.192314985432915
213,2021,1,1,1,1,25.639113381629016
213,2022,1,1,1,2,27.21214428143383
213,2023,1,1,1,3,29.486245786551297
214,2016,1,0,0,-4,24.711755957970396
214,2017,1,0,0,-3,26.49859128917088
214,2018,1,0,0,-2,26.637577031161264
214,2019,1,0,0,-1,26.508130921521936
214,2020,1,1,1,0,32.14811627744151
214,2021,1,1,1,1,33.12277904751642
214,2022,1,1,1,2,34.14104922894094
214,2023,1,1,1,3,34.10772245242842
215,2016,1,0,0,-4,22.03851922995679
215,2017,1,0,0,-3,22.416595596166506
215,2018,1,0,0,-2,22.6332015272562
215,2019,1,0,0,-1,25.080833229659643
215,2020,1,1,1,0,28.638006032046846
215,2021,1,1,1,1,28.994469396793864
215,2022,1,1,1,2,32.32308096678797
215,2023,1,1,1,3,30.282926025727875
216,2016,1,0,0,-4,25.01322846723607
216,2017,1,0,0,-3,28.391520037647055
216,2018,1,0,0,-2,28.411403232629667
216,2019,1,0,0,-1,29.36760237778306
216,2020,1,1,1,0,33.64897582494357
216,2021,1,1,1,1,33.390508695907265
216,2022,1,1,1,2,33.75417071049916
216,2023,1,1,1,3,35.533924255661944
217,2016,1,0,0,-4,22.7435304556532
217,2017,1,0,0,-3,23.814168520857017
217,2018,1,0,0,-2,24.781828646307847
217,2019,1,0,0,-1,25.505520720860435
217,2020,1,1,1,0,28.798212196785073
217,2021,1,1,1,1,28.48060217262536
217,2022,1,1,1,2,31.153871669863324
217,2023,1,1,1,3,30.72648045034513
218,2016,1,0,0,-4,21.120911695483947
218,2017,1,0,0,-3,22.647682036663618
218,2018,1,0,0,-2,26.88104197351428
218,2019,1,0,0,-1,27.422150554863258
218,2020,1,1,1,0,30.3591526319712
218,2021,1,1,1,1,29.810831495642873
218,2022,1,1,1,2,32.01428350081888
218,2023,1,1,1,3,33.205118779939404
219,2016,1,0,0,-4,24.25357218860098
219,2017,1,0,0,-3,21.95488052909988
219,2018,1,0,0,-2,21.62688891948989
219,2019,1,0,0,-1,25.01544799220005
219,2020,1,1,1,0,28.391627645771717
219,2021,1,1,1,1,29.213127849996223
219,2022,1,1,1,2,29.931257226105036
219,2023,1,1,1,3,31.938348884077993
220,2016,1,0,0,-4,23.247287790741854
220,2017,1,0,0,-3,27.102980543350554
220,2018,1,0,0,-2,26.91706455502664
220,2019,1,0,0,-1,26.216423618245933
220,2020,1,1,1,0,31.596856498619314
220,2021,1,1,1,1,31.962855074689376
220,2022,1,1,1,2,31.923133536114
220,2023,1,1,1,3,34.75965496095429
221,2016,1,0,0,-4,21.36880928885212
221,2017,1,0,0,-3,21.095862772806985
221,2018,1,0,0,-2,22.8945019656375
221,2019,1,0,0,-1,23.332831383966184
221,2020,1,1,1,0,25.313624905949194
221,2021,1,1,1,1,28.66270955050513
221,2022,1,1,1,2,27.62217936381693
221,2023,1,1,1,3,29.16920728806287
222,2016,1,0,0,-4,22.989854923717058
222,2017,1,0,0,-3,22.332435513682437
222,2018,1,0,0,-2,25.35710381212432
222,2019,1,0,0,-1,23.514645501218453
222,2020,1,1,1,0,28.032758294232426
222,2021,1,1,1,1,28.577869323252738
222,2022,1,1,1,2,29.461180793882797
222,2023,1,1,1,3,31.131513684173022
223,2016,1,0,0,-4,21.570361425954797
223,2017,1,0,0,-3,20.99557695919412
223,2018,1,0,0,-2,25.28030595269622
223,2019,1,0,0,-1,26.11469728017401
223,2020,1,1,1,0,27.475844419430025
223,2021,1,1,1,1,28.946955596138697
223,2022,1,1,1,2,27.94632597817521
223,2023,1,1,1,3,31.7775063261945
224,2016,1,0,0,-4,27.48979540447719
224,2017,1,0,0,-3,27.64136528531663
224,2018,1,0,0,-2,28.303923455100644
224,2019,1,0,0,-1,31.54353708102085
224,2020,1,1,1,0,34.59377195761772
224,2021,1,1,1,1,34.02579693313637
224,2022,1,1,1,2,36.81468387254081
224,2023,1,1,1,3,38.18077349013902
225,2016,1,0,0,-4,26.013561677629692
225,2017,1,0,0,-3,24.843737556968172
225,2018,1,0,0,-2,29.109683989185797
225,2019,1,0,0,-1,26.219088877190476
225,2020,1,1,1,0,32.34834055822809
225,2021,1,1,1,1,29.673598299373406
225,2022,1,1,1,2,34.42543721287103
225,2023,1,1,1,3,32.39731581358206
226,2016,1,0,0,-4,20.145038206549593
226,2017,1,0,0,-3,21.280952562666403
226,2018,1,0,0,-2,25.39740856609212
226,2019,1,0,0,-1,23.60178908785004
226,2020,1,1,1,0,25.62980594749904
226,2021,1,1,1,1,29.96470415437366
226,2022,1,1,1,2,28.925037788368602
226,2023,1,1,1,3,29.843670921432665
227,2016,1,0,0,-4,22.22692034926606
227,2017,1,0,0,-3,22.17820256790588
227,2018,1,0,0,-2,22.696934294481274
227,2019,1,0,0,-1,22.650983622150754
227,2020,1,1,1,0,25.925845040311646
227,2021,1,1,1,1,27.713097027896623
227,2022,1,1,1,2,30.652708156060793
227,2023,1,1,1,3,30.943968349419727
228,2016,1,0,0,-4,20.8180466389273
228,2017,1,0,0,-3,26.658453681624096
228,2018,1,0,0,-2,25.848508151662152
228,2019,1,0,0,-1,28.43076214657019
228,2020,1,1,1,0,31.77360634778678
228,2021,1,1,1,1,29.70445844784095
228,2022,1,1,1,2,33.00639615981063
228,2023,1,1,1,3,33.045507286394994
229,2016,1,0,0,-4,20.95908568343467
229,2017,1,0,0,-3,23.573703442589462
229,2018,1,0,0,-2,27.182065259299193
229,2019,1,0,0,-1,27.445430459861154
229,2020,1,1,1,0,30.4194835799916
229,2021,1,1,1,1,31.828335763616813
229,2022,1,1,1,2,32.34215190189708
229,2023,1,1,1,3,32.46267466360281
230,2016,1,0,0,-4,22.280850359434993
230,2017,1,0,0,-3,23.166423517420572
230,2018,1,0,0,-2,23.55351118544527
230,2019,1,0,0,-1,26.71549245902194
230,2020,1,1,1,0,27.24212565248515
230,2021,1,1,1,1,29.254558247672186
230,2022,1,1,1,2,31.102269595371776
230,2023,1,1,1,3,30.09899092049271
231,2016,1,0,0,-4,24.059923938778457
231,2017,1,0,0,-3,22.595247814223985
231,2018,1,0,0,-2,23.86667288197049
231,2019,1,0,0,-1,22.55926689771378
231,2020,1,1,1,0,29.06943847750964
231,2021,1,1,1,1,29.207429290395563
231,2022,1,1,1,2,30.43926398264408
231,2023,1,1,1,3,31.881966407544574
232,2016,1,0,0,-4,19.258268966623167
232,2017,1,0,0,-3,22.445400799265197
232,2018,1,0,0,-2,22.668435674005714
232,2019,1,0,0,-1,25.14326292723573
232,2020,1,1,1,0,28.870750328555623
232,2021,1,1,1,1,29.608650687855555
232,2022,1,1,1,2,27.538249662923324
232,2023,1,1,1,3,29.568611507746468
233,2016,1,0,0,-4,18.32684394261966
233,2017,1,0,0,-3,19.97285864863507
233,2018,1,0,0,-2,19.75516382004753
233,2019,1,0,0,-1,18.664943196036894
233,2020,1,1,1,0,26.431085446989098
233,2021,1,1,1,1,25.535067399663017
233,2022,1,1,1,2,25.815206170112052
233,2023,1,1,1,3,27.36298005022135
234,2016,1,0,0,-4,21.59235471748071
234,2017,1,0,0,-3,21.757304608863034
234,2018,1,0,0,-2,23.192450232962482
234,2019,1,0,0,-1,26.486421838006002
234,2020,1,1,1,0,28.13740759957316
234,2021,1,1,1,1,29.513365271607483
234,2022,1,1,1,2,29.82297200261614
234,2023,1,1,1,3,33.029408596453436
235,2016,1,0,0,-4,17.64242064864286
235,2017,1,0,0,-3,17.739071778092953
235,2018,1,0,0,-2,19.897296255777242
235,2019,1,0,0,-1,22.42055858383439
235,2020,1,1,1,0,25.48908124227889
235,2021,1,1,1,1,26.214847235479727
235,2022,1,1,1,2,27.636896788448915
235,2023,1,1,1,3,26.116935386507166
236,2016,1,0,0,-4,21.705948438380965
236,2017,1,0,0,-3,24.264282228205122
236,2018,1,0,0,-2,25.116471684038164
236,2019,1,0,0,-1,26.022283384254187
236,2020,1,1,1,0,31.2190792281687
236,2021,1,1,1,1,28.81456080334553
236,2022,1,1,1,2,31.737242384570177
236,2023,1,1,1,3,30.2901994996729
237,2016,1,0,0,-4,25.040198458469682
237,2017,1,0,0,-3,26.471764876326375
237,2018,1,0,0,-2,26.968833725542293
237,2019,1,0,0,-1,28.818273515089736
237,2020,1,1,1,0,29.503221344334747
237,2021,1,1,1,1,32.64238608027547
237,2022,1,1,1,2,32.49653551333632
237,2023,1,1,1,3,33.31881613132144
238,2016,1,0,0,-4,22.521385095766917
238,2017,1,0,0,-3,21.897259878747157
238,2018,1,0,0,-2,21.773039394122595
238,2019,1,0,0,-1,22.88497695373487
238,2020,1,1,1,0,26.632658388896687
238,2021,1,1,1,1,28.25961778996413
238,2022,1,1,1,2,30.281779185018955
238,2023,1,1,1,3,28.985699278145447
239,2016,1,0,0,-4,21.33321245773339
239,2017,1,0,0,-3,24.623060315389644
239,2018,1,0,0,-2,24.254910033322567
239,2019,1,0,0,-1,23.394446025865484
239,2020,1,1,1,0,27.585269035222865
239,2021,1,1,1,1,30.585797548835536
239,2022,1,1,1,2,30.739325402561203
239,2023,1,1,1,3,31.78724976373796
240,2016,1,0,0,-4,18.943759496321
240,2017,1,0,0,-3,20.05775085893028
240,2018,1,0,0,-2,21.73748756607866
240,2019,1,0,0,-1,22.576897869051436
240,2020,1,1,1,0,27.438353568644526
240,2021,1,1,1,1,27.21144767878012
240,2022,1,1,1,2,27.282515283554424
240,2023,1,1,1,3,29.01334770840423
